season,gw,position,player,team,opponent,home,prediction
2020-21,7,DEF,Tyrick Mitchell,Crystal Palace,Everton,False,3.240938663482666
2021-22,7,DEF,Tyrick Mitchell,Crystal Palace,Everton,False,3.240938663482666
2022-23,7,DEF,Tyrick Mitchell,Crystal Palace,Everton,False,3.240938663482666
2023-24,7,DEF,Tyrick Mitchell,Crystal Palace,Everton,False,3.240938663482666
2024-25,7,DEF,Tyrick Mitchell,Crystal Palace,Everton,False,3.240938663482666
2025-26,7,DEF,Tyrick Mitchell,Crystal Palace,Everton,False,3.240938663482666
2025-26,7,DEF,Trai Hume,Sunderland,Man Utd,False,3.1825857162475586
2025-26,7,DEF,Michael Kayode,Brentford,Man City,True,3.114352226257324
2025-26,7,DEF,Pedro Porro Sauceda,Spurs,Leeds,False,3.1061160564422607
2023-24,7,DEF,Jurriën Timber,Arsenal,West Ham,True,3.096825122833252
2024-25,7,DEF,Jurriën Timber,Arsenal,West Ham,True,3.096825122833252
2025-26,7,DEF,Jurriën Timber,Arsenal,West Ham,True,3.096825122833252
2025-26,7,DEF,Reinildo Mandava,Sunderland,Man Utd,False,3.0940985679626465
2025-26,7,DEF,Daniel Muñoz Mejía,Crystal Palace,Everton,False,3.09200119972229
2024-25,7,DEF,Joachim Andersen,Fulham,Bournemouth,False,3.0825510025024414
2025-26,7,DEF,Joachim Andersen,Fulham,Bournemouth,False,3.0825510025024414
2021-22,7,DEF,Joachim Andersen,Crystal Palace,Everton,False,3.0825510025024414
2022-23,7,DEF,Joachim Andersen,Crystal Palace,Everton,False,3.0825510025024414
2023-24,7,DEF,Joachim Andersen,Crystal Palace,Everton,False,3.0825510025024414
2025-26,7,DEF,Quilindschy Hartman,Burnley,Aston Villa,False,3.0799560546875
2020-21,7,DEF,Kenny Tete,Fulham,Bournemouth,False,3.0729851722717285
2022-23,7,DEF,Kenny Tete,Fulham,Bournemouth,False,3.0729851722717285
2023-24,7,DEF,Kenny Tete,Fulham,Bournemouth,False,3.0729851722717285
2024-25,7,DEF,Kenny Tete,Fulham,Bournemouth,False,3.0729851722717285
2025-26,7,DEF,Kenny Tete,Fulham,Bournemouth,False,3.0729851722717285
2022-23,7,DEF,Djed Spence,Spurs,Leeds,False,3.0626986026763916
2023-24,7,DEF,Djed Spence,Spurs,Leeds,False,3.0626986026763916
2024-25,7,DEF,Djed Spence,Spurs,Leeds,False,3.0626986026763916
2025-26,7,DEF,Djed Spence,Spurs,Leeds,False,3.0626986026763916
2020-21,7,DEF,Virgil van Dijk,Liverpool,Chelsea,False,3.0329461097717285
2021-22,7,DEF,Virgil van Dijk,Liverpool,Chelsea,False,3.0329461097717285
2022-23,7,DEF,Virgil van Dijk,Liverpool,Chelsea,False,3.0329461097717285
2023-24,7,DEF,Virgil van Dijk,Liverpool,Chelsea,False,3.0329461097717285
2024-25,7,DEF,Virgil van Dijk,Liverpool,Chelsea,False,3.0329461097717285
2025-26,7,DEF,Virgil van Dijk,Liverpool,Chelsea,False,3.0329461097717285
2025-26,7,DEF,Nordi Mukiele,Sunderland,Man Utd,False,3.0326857566833496
2020-21,7,DEF,Pascal Struijk,Leeds,Spurs,True,3.0311279296875
2021-22,7,DEF,Pascal Struijk,Leeds,Spurs,True,3.0311279296875
2022-23,7,DEF,Pascal Struijk,Leeds,Spurs,True,3.0311279296875
2025-26,7,DEF,Pascal Struijk,Leeds,Spurs,True,3.0311279296875
2021-22,7,DEF,Cristian Romero,Spurs,Leeds,False,3.0111141204833984
2022-23,7,DEF,Cristian Romero,Spurs,Leeds,False,3.0111141204833984
2023-24,7,DEF,Cristian Romero,Spurs,Leeds,False,3.0111141204833984
2024-25,7,DEF,Cristian Romero,Spurs,Leeds,False,3.0111141204833984
2025-26,7,DEF,Cristian Romero,Spurs,Leeds,False,3.0111141204833984
2024-25,7,DEF,Riccardo Calafiori,Arsenal,West Ham,True,3.010256767272949
2025-26,7,DEF,Riccardo Calafiori,Arsenal,West Ham,True,3.010256767272949
2021-22,7,DEF,Ibrahima Konaté,Liverpool,Chelsea,False,3.0077924728393555
2022-23,7,DEF,Ibrahima Konaté,Liverpool,Chelsea,False,3.0077924728393555
2023-24,7,DEF,Ibrahima Konaté,Liverpool,Chelsea,False,3.0077924728393555
2024-25,7,DEF,Ibrahima Konaté,Liverpool,Chelsea,False,3.0077924728393555
2025-26,7,DEF,Ibrahima Konaté,Liverpool,Chelsea,False,3.0077924728393555
2020-21,7,DEF,Ezri Konsa Ngoyo,Aston Villa,Burnley,True,2.9862558841705322
2021-22,7,DEF,Ezri Konsa Ngoyo,Aston Villa,Burnley,True,2.9862558841705322
2022-23,7,DEF,Ezri Konsa Ngoyo,Aston Villa,Burnley,True,2.9862558841705322
2023-24,7,DEF,Ezri Konsa Ngoyo,Aston Villa,Burnley,True,2.9862558841705322
2024-25,7,DEF,Ezri Konsa Ngoyo,Aston Villa,Burnley,True,2.9862558841705322
2025-26,7,DEF,Ezri Konsa Ngoyo,Aston Villa,Burnley,True,2.9862558841705322
2022-23,7,DEF,Hugo Bueno López,Wolves,Brighton,True,2.964360237121582
2023-24,7,DEF,Hugo Bueno López,Wolves,Brighton,True,2.964360237121582
2024-25,7,DEF,Hugo Bueno López,Wolves,Brighton,True,2.964360237121582
2025-26,7,DEF,Hugo Bueno López,Wolves,Brighton,True,2.964360237121582
2025-26,7,DEF,Marcos Senesi Barón,Bournemouth,Fulham,True,2.9629218578338623
2022-23,7,DEF,Kieran Trippier,Newcastle,Nott'm Forest,True,2.9607977867126465
2023-24,7,DEF,Kieran Trippier,Newcastle,Nott'm Forest,True,2.9607977867126465
2024-25,7,DEF,Kieran Trippier,Newcastle,Nott'm Forest,True,2.9607977867126465
2025-26,7,DEF,Kieran Trippier,Newcastle,Nott'm Forest,True,2.9607977867126465
2022-23,7,DEF,Matty Cash,Aston Villa,Burnley,True,2.95481276512146
2023-24,7,DEF,Matty Cash,Aston Villa,Burnley,True,2.95481276512146
2024-25,7,DEF,Matty Cash,Aston Villa,Burnley,True,2.95481276512146
2025-26,7,DEF,Matty Cash,Aston Villa,Burnley,True,2.95481276512146
2025-26,7,DEF,Emmanuel Agbadou,Wolves,Brighton,True,2.9426376819610596
2024-25,7,DEF,Maxence Lacroix,Crystal Palace,Everton,False,2.9368667602539062
2025-26,7,DEF,Maxence Lacroix,Crystal Palace,Everton,False,2.9368667602539062
2025-26,7,DEF,Gabriel Gudmundsson,Leeds,Spurs,True,2.929875135421753
2023-24,7,DEF,Micky van de Ven,Spurs,Leeds,False,2.924610137939453
2024-25,7,DEF,Micky van de Ven,Spurs,Leeds,False,2.924610137939453
2025-26,7,DEF,Micky van de Ven,Spurs,Leeds,False,2.924610137939453
2022-23,7,DEF,Dan Burn,Newcastle,Nott'm Forest,True,2.9222660064697266
2023-24,7,DEF,Dan Burn,Newcastle,Nott'm Forest,True,2.9222660064697266
2024-25,7,DEF,Dan Burn,Newcastle,Nott'm Forest,True,2.9222660064697266
2025-26,7,DEF,Dan Burn,Newcastle,Nott'm Forest,True,2.9222660064697266
2020-21,7,DEF,Dan Burn,Brighton,Wolves,False,2.9222660064697266
2021-22,7,DEF,Dan Burn,Brighton,Wolves,False,2.9222660064697266
2025-26,7,DEF,Adrien Truffert,Bournemouth,Fulham,True,2.9218578338623047
2021-22,7,DEF,Trevoh Chalobah,Chelsea,Liverpool,True,2.9180784225463867
2022-23,7,DEF,Trevoh Chalobah,Chelsea,Liverpool,True,2.9180784225463867
2023-24,7,DEF,Trevoh Chalobah,Chelsea,Liverpool,True,2.9180784225463867
2025-26,7,DEF,Trevoh Chalobah,Chelsea,Liverpool,True,2.9180784225463867
2024-25,7,DEF,Trevoh Chalobah,Crystal Palace,Everton,False,2.9180784225463867
2023-24,7,DEF,Tino Livramento,Newcastle,Nott'm Forest,True,2.9151289463043213
2024-25,7,DEF,Tino Livramento,Newcastle,Nott'm Forest,True,2.9151289463043213
2025-26,7,DEF,Tino Livramento,Newcastle,Nott'm Forest,True,2.9151289463043213
2024-25,7,DEF,Matthijs de Ligt,Man Utd,Sunderland,True,2.8917319774627686
2025-26,7,DEF,Matthijs de Ligt,Man Utd,Sunderland,True,2.8917319774627686
2022-23,7,DEF,Chris Richards,Crystal Palace,Everton,False,2.880223274230957
2023-24,7,DEF,Chris Richards,Crystal Palace,Everton,False,2.880223274230957
2024-25,7,DEF,Chris Richards,Crystal Palace,Everton,False,2.880223274230957
2025-26,7,DEF,Chris Richards,Crystal Palace,Everton,False,2.880223274230957
2025-26,7,DEF,Kyle Walker-Peters,West Ham,Arsenal,False,2.8729918003082275
2021-22,7,DEF,Marc Guéhi,Crystal Palace,Everton,False,2.8727455139160156
2022-23,7,DEF,Marc Guéhi,Crystal Palace,Everton,False,2.8727455139160156
2023-24,7,DEF,Marc Guéhi,Crystal Palace,Everton,False,2.8727455139160156
2024-25,7,DEF,Marc Guéhi,Crystal Palace,Everton,False,2.8727455139160156
2025-26,7,DEF,Marc Guéhi,Crystal Palace,Everton,False,2.8727455139160156
2020-21,7,DEF,Neco Williams,Liverpool,Chelsea,False,2.866250514984131
2021-22,7,DEF,Neco Williams,Liverpool,Chelsea,False,2.866250514984131
2022-23,7,DEF,Neco Williams,Nott'm Forest,Newcastle,False,2.866250514984131
2023-24,7,DEF,Neco Williams,Nott'm Forest,Newcastle,False,2.866250514984131
2024-25,7,DEF,Neco Williams,Nott'm Forest,Newcastle,False,2.866250514984131
2025-26,7,DEF,Neco Williams,Nott'm Forest,Newcastle,False,2.866250514984131
2024-25,7,DEF,Jake O'Brien,Everton,Crystal Palace,True,2.8660407066345215
2025-26,7,DEF,Jake O'Brien,Everton,Crystal Palace,True,2.8660407066345215
2023-24,7,DEF,Jake O'Brien,Crystal Palace,Everton,False,2.8660407066345215
2025-26,7,DEF,Patrick Dorgu,Man Utd,Sunderland,True,2.8618323802948
2021-22,7,DEF,Nathan Collins,Burnley,Aston Villa,False,2.854281425476074
2022-23,7,DEF,Nathan Collins,Wolves,Brighton,True,2.854281425476074
2023-24,7,DEF,Nathan Collins,Brentford,Man City,True,2.854281425476074
2024-25,7,DEF,Nathan Collins,Brentford,Man City,True,2.854281425476074
2025-26,7,DEF,Nathan Collins,Brentford,Man City,True,2.854281425476074
2022-23,7,DEF,Lucas Digne,Aston Villa,Burnley,True,2.84979510307312
2023-24,7,DEF,Lucas Digne,Aston Villa,Burnley,True,2.84979510307312
2024-25,7,DEF,Lucas Digne,Aston Villa,Burnley,True,2.84979510307312
2025-26,7,DEF,Lucas Digne,Aston Villa,Burnley,True,2.84979510307312
2020-21,7,DEF,Lucas Digne,Everton,Crystal Palace,True,2.84979510307312
2021-22,7,DEF,Lucas Digne,Everton,Crystal Palace,True,2.84979510307312
2020-21,7,DEF,Fabian Schär,Newcastle,Nott'm Forest,True,2.8491671085357666
2021-22,7,DEF,Fabian Schär,Newcastle,Nott'm Forest,True,2.8491671085357666
2022-23,7,DEF,Fabian Schär,Newcastle,Nott'm Forest,True,2.8491671085357666
2023-24,7,DEF,Fabian Schär,Newcastle,Nott'm Forest,True,2.8491671085357666
2024-25,7,DEF,Fabian Schär,Newcastle,Nott'm Forest,True,2.8491671085357666
2025-26,7,DEF,Fabian Schär,Newcastle,Nott'm Forest,True,2.8491671085357666
2024-25,7,DEF,Ryan Sessegnon,Fulham,Bournemouth,False,2.835712194442749
2020-21,7,DEF,Ryan Sessegnon,Spurs,Leeds,False,2.835712194442749
2021-22,7,DEF,Ryan Sessegnon,Spurs,Leeds,False,2.835712194442749
2022-23,7,DEF,Ryan Sessegnon,Spurs,Leeds,False,2.835712194442749
2023-24,7,DEF,Ryan Sessegnon,Spurs,Leeds,False,2.835712194442749
2020-21,7,DEF,Tyrone Mings,Aston Villa,Burnley,True,2.8318686485290527
2021-22,7,DEF,Tyrone Mings,Aston Villa,Burnley,True,2.8318686485290527
2022-23,7,DEF,Tyrone Mings,Aston Villa,Burnley,True,2.8318686485290527
2023-24,7,DEF,Tyrone Mings,Aston Villa,Burnley,True,2.8318686485290527
2024-25,7,DEF,Tyrone Mings,Aston Villa,Burnley,True,2.8318686485290527
2025-26,7,DEF,Tyrone Mings,Aston Villa,Burnley,True,2.8318686485290527
2020-21,7,DEF,James Tarkowski,Burnley,Aston Villa,False,2.823486089706421
2021-22,7,DEF,James Tarkowski,Burnley,Aston Villa,False,2.823486089706421
2022-23,7,DEF,James Tarkowski,Everton,Crystal Palace,True,2.823486089706421
2023-24,7,DEF,James Tarkowski,Everton,Crystal Palace,True,2.823486089706421
2024-25,7,DEF,James Tarkowski,Everton,Crystal Palace,True,2.823486089706421
2025-26,7,DEF,James Tarkowski,Everton,Crystal Palace,True,2.823486089706421
2025-26,7,DEF,Omar Alderete,Sunderland,Man Utd,False,2.8210015296936035
2025-26,7,DEF,Toti Gomes,Wolves,Brighton,True,2.8157224655151367
2020-21,7,DEF,Michael Keane,Everton,Crystal Palace,True,2.815423011779785
2021-22,7,DEF,Michael Keane,Everton,Crystal Palace,True,2.815423011779785
2022-23,7,DEF,Michael Keane,Everton,Crystal Palace,True,2.815423011779785
2023-24,7,DEF,Michael Keane,Everton,Crystal Palace,True,2.815423011779785
2024-25,7,DEF,Michael Keane,Everton,Crystal Palace,True,2.815423011779785
2025-26,7,DEF,Michael Keane,Everton,Crystal Palace,True,2.815423011779785
2023-24,7,DEF,Hjalmar Ekdal,Burnley,Aston Villa,False,2.8097734451293945
2025-26,7,DEF,Hjalmar Ekdal,Burnley,Aston Villa,False,2.8097734451293945
2020-21,7,DEF,Luke Shaw,Man Utd,Sunderland,True,2.8020753860473633
2021-22,7,DEF,Luke Shaw,Man Utd,Sunderland,True,2.8020753860473633
2022-23,7,DEF,Luke Shaw,Man Utd,Sunderland,True,2.8020753860473633
2023-24,7,DEF,Luke Shaw,Man Utd,Sunderland,True,2.8020753860473633
2024-25,7,DEF,Luke Shaw,Man Utd,Sunderland,True,2.8020753860473633
2025-26,7,DEF,Luke Shaw,Man Utd,Sunderland,True,2.8020753860473633
2025-26,7,DEF,Jayden Bogle,Leeds,Spurs,True,2.7978720664978027
2024-25,7,DEF,Lamare Bogarde,Aston Villa,Burnley,True,2.7977747917175293
2025-26,7,DEF,Lamare Bogarde,Aston Villa,Burnley,True,2.7977747917175293
2025-26,7,DEF,Maxime Estève,Burnley,Aston Villa,False,2.780269145965576
2025-26,7,DEF,Abdukodir Khusanov,Man City,Brentford,False,2.772047996520996
2023-24,7,DEF,Calvin Bassey,Fulham,Bournemouth,False,2.75703763961792
2024-25,7,DEF,Calvin Bassey,Fulham,Bournemouth,False,2.75703763961792
2025-26,7,DEF,Calvin Bassey,Fulham,Bournemouth,False,2.75703763961792
2025-26,7,DEF,Veljko Milosavljevic,Bournemouth,Fulham,True,2.7366013526916504
2020-21,7,DEF,Joël Veltman,Brighton,Wolves,False,2.731790542602539
2021-22,7,DEF,Joël Veltman,Brighton,Wolves,False,2.731790542602539
2022-23,7,DEF,Joël Veltman,Brighton,Wolves,False,2.731790542602539
2023-24,7,DEF,Joël Veltman,Brighton,Wolves,False,2.731790542602539
2024-25,7,DEF,Joël Veltman,Brighton,Wolves,False,2.731790542602539
2025-26,7,DEF,Joël Veltman,Brighton,Wolves,False,2.731790542602539
2025-26,7,DEF,Kyle Walker,Burnley,Aston Villa,False,2.6975131034851074
2020-21,7,DEF,Kyle Walker,Man City,Brentford,False,2.6975131034851074
2021-22,7,DEF,Kyle Walker,Man City,Brentford,False,2.6975131034851074
2022-23,7,DEF,Kyle Walker,Man City,Brentford,False,2.6975131034851074
2023-24,7,DEF,Kyle Walker,Man City,Brentford,False,2.6975131034851074
2024-25,7,DEF,Kyle Walker,Man City,Brentford,False,2.6975131034851074
2022-23,7,DEF,Tosin Adarabioyo,Fulham,Bournemouth,False,2.6923763751983643
2023-24,7,DEF,Tosin Adarabioyo,Fulham,Bournemouth,False,2.6923763751983643
2024-25,7,DEF,Tosin Adarabioyo,Chelsea,Liverpool,True,2.6923763751983643
2025-26,7,DEF,Tosin Adarabioyo,Chelsea,Liverpool,True,2.6923763751983643
2022-23,7,DEF,Sepp van den Berg,Liverpool,Chelsea,False,2.690091133117676
2023-24,7,DEF,Sepp van den Berg,Liverpool,Chelsea,False,2.690091133117676
2024-25,7,DEF,Sepp van den Berg,Brentford,Man City,True,2.690091133117676
2025-26,7,DEF,Sepp van den Berg,Brentford,Man City,True,2.690091133117676
2021-22,7,DEF,Ethan Ampadu,Chelsea,Liverpool,True,2.651947021484375
2022-23,7,DEF,Ethan Ampadu,Chelsea,Liverpool,True,2.651947021484375
2023-24,7,DEF,Ethan Ampadu,Chelsea,Liverpool,True,2.651947021484375
2020-21,7,DEF,Lewis Dunk,Brighton,Wolves,False,2.623297691345215
2021-22,7,DEF,Lewis Dunk,Brighton,Wolves,False,2.623297691345215
2022-23,7,DEF,Lewis Dunk,Brighton,Wolves,False,2.623297691345215
2023-24,7,DEF,Lewis Dunk,Brighton,Wolves,False,2.623297691345215
2024-25,7,DEF,Lewis Dunk,Brighton,Wolves,False,2.623297691345215
2025-26,7,DEF,Lewis Dunk,Brighton,Wolves,False,2.623297691345215
2025-26,7,DEF,Rúben dos Santos Gato Alves Dias,Man City,Brentford,False,2.6148061752319336
2025-26,7,DEF,Cristhian Mosquera,Arsenal,West Ham,True,2.614657163619995
2025-26,7,DEF,El Hadji Malick Diouf,West Ham,Arsenal,False,2.610591411590576
2023-24,7,DEF,Joško Gvardiol,Man City,Brentford,False,2.602614402770996
2024-25,7,DEF,Joško Gvardiol,Man City,Brentford,False,2.602614402770996
2025-26,7,DEF,Joško Gvardiol,Man City,Brentford,False,2.602614402770996
2025-26,7,DEF,Joe Rodon,Leeds,Spurs,True,2.5983591079711914
2021-22,7,DEF,Joe Rodon,Spurs,Leeds,False,2.5983591079711914
2022-23,7,DEF,Joe Rodon,Spurs,Leeds,False,2.5983591079711914
2023-24,7,DEF,Joe Rodon,Spurs,Leeds,False,2.5983591079711914
2025-26,7,DEF,Keane Lewis-Potter,Brentford,Man City,True,2.586516857147217
2025-26,7,DEF,Nico O'Reilly,Man City,Brentford,False,2.555298328399658
2025-26,7,DEF,Rodrigo Martins Gomes,Wolves,Brighton,True,2.5417261123657227
2022-23,7,DEF,James Hill,Bournemouth,Fulham,True,2.5293660163879395
2023-24,7,DEF,James Hill,Bournemouth,Fulham,True,2.5293660163879395
2024-25,7,DEF,James Hill,Bournemouth,Fulham,True,2.5293660163879395
2025-26,7,DEF,James Hill,Bournemouth,Fulham,True,2.5293660163879395
2021-22,7,DEF,Konstantinos Mavropanos,Arsenal,West Ham,True,2.5228726863861084
2023-24,7,DEF,Konstantinos Mavropanos,West Ham,Arsenal,False,2.5228726863861084
2024-25,7,DEF,Konstantinos Mavropanos,West Ham,Arsenal,False,2.5228726863861084
2025-26,7,DEF,Konstantinos Mavropanos,West Ham,Arsenal,False,2.5228726863861084
2022-23,7,DEF,Jan Paul van Hecke,Brighton,Wolves,False,2.510511875152588
2023-24,7,DEF,Jan Paul van Hecke,Brighton,Wolves,False,2.510511875152588
2024-25,7,DEF,Jan Paul van Hecke,Brighton,Wolves,False,2.510511875152588
2025-26,7,DEF,Jan Paul van Hecke,Brighton,Wolves,False,2.510511875152588
2022-23,7,DEF,Gabriel dos Santos Magalhães,Arsenal,West Ham,True,2.5017337799072266
2023-24,7,DEF,Gabriel dos Santos Magalhães,Arsenal,West Ham,True,2.5017337799072266
2024-25,7,DEF,Gabriel dos Santos Magalhães,Arsenal,West Ham,True,2.5017337799072266
2025-26,7,DEF,Gabriel dos Santos Magalhães,Arsenal,West Ham,True,2.5017337799072266
2025-26,7,DEF,Ferdi Kadıoğlu,Brighton,Wolves,False,2.487243175506592
2025-26,7,DEF,Maximilian Kilman,West Ham,Arsenal,False,2.4860310554504395
2022-23,7,DEF,Marc Cucurella Saseta,Chelsea,Liverpool,True,2.4523677825927734
2023-24,7,DEF,Marc Cucurella Saseta,Chelsea,Liverpool,True,2.4523677825927734
2024-25,7,DEF,Marc Cucurella Saseta,Chelsea,Liverpool,True,2.4523677825927734
2025-26,7,DEF,Marc Cucurella Saseta,Chelsea,Liverpool,True,2.4523677825927734
2025-26,7,DEF,Ladislav Krejcí,Wolves,Brighton,True,2.4154608249664307
2020-21,7,DEF,Reece James,Chelsea,Liverpool,True,2.396829843521118
2021-22,7,DEF,Reece James,Chelsea,Liverpool,True,2.396829843521118
2022-23,7,DEF,Reece James,Chelsea,Liverpool,True,2.396829843521118
2023-24,7,DEF,Reece James,Chelsea,Liverpool,True,2.396829843521118
2024-25,7,DEF,Reece James,Chelsea,Liverpool,True,2.396829843521118
2025-26,7,DEF,Reece James,Chelsea,Liverpool,True,2.396829843521118
2025-26,7,DEF,Murillo Costa dos Santos,Nott'm Forest,Newcastle,False,2.3417861461639404
2024-25,7,DEF,Nikola Milenković,Nott'm Forest,Newcastle,False,2.3381762504577637
2025-26,7,DEF,Nikola Milenković,Nott'm Forest,Newcastle,False,2.3381762504577637
2024-25,7,DEF,Leny Yoro,Man Utd,Sunderland,True,2.303934097290039
2025-26,7,DEF,Leny Yoro,Man Utd,Sunderland,True,2.303934097290039
2020-21,7,DEF,Andrew Robertson,Liverpool,Chelsea,False,2.219393014907837
2021-22,7,DEF,Andrew Robertson,Liverpool,Chelsea,False,2.219393014907837
2022-23,7,DEF,Andrew Robertson,Liverpool,Chelsea,False,2.219393014907837
2023-24,7,DEF,Andrew Robertson,Liverpool,Chelsea,False,2.219393014907837
2024-25,7,DEF,Andrew Robertson,Liverpool,Chelsea,False,2.219393014907837
2025-26,7,DEF,Andrew Robertson,Liverpool,Chelsea,False,2.219393014907837
2025-26,7,DEF,Maxim De Cuyper,Brighton,Wolves,False,2.201317548751831
2023-24,7,DEF,Milos Kerkez,Bournemouth,Fulham,True,2.0851612091064453
2024-25,7,DEF,Milos Kerkez,Bournemouth,Fulham,True,2.0851612091064453
2025-26,7,DEF,Milos Kerkez,Liverpool,Chelsea,False,2.0851612091064453
2020-21,7,DEF,Ola Aina,Fulham,Bournemouth,False,2.0026533603668213
2024-25,7,DEF,Ola Aina,Nott'm Forest,Newcastle,False,2.0026533603668213
2025-26,7,DEF,Ola Aina,Nott'm Forest,Newcastle,False,2.0026533603668213
2021-22,7,DEF,Ethan Pinnock,Brentford,Man City,True,1.9762037992477417
2022-23,7,DEF,Ethan Pinnock,Brentford,Man City,True,1.9762037992477417
2023-24,7,DEF,Ethan Pinnock,Brentford,Man City,True,1.9762037992477417
2024-25,7,DEF,Ethan Pinnock,Brentford,Man City,True,1.9762037992477417
2025-26,7,DEF,Ethan Pinnock,Brentford,Man City,True,1.9762037992477417
2022-23,7,DEF,Diogo Dalot Teixeira,Man Utd,Sunderland,True,1.9328806400299072
2023-24,7,DEF,Diogo Dalot Teixeira,Man Utd,Sunderland,True,1.9328806400299072
2024-25,7,DEF,Diogo Dalot Teixeira,Man Utd,Sunderland,True,1.9328806400299072
2025-26,7,DEF,Diogo Dalot Teixeira,Man Utd,Sunderland,True,1.9328806400299072
2025-26,7,DEF,Jackson Tchatchoua,Wolves,Brighton,True,1.9223506450653076
2023-24,7,DEF,Malo Gusto,Chelsea,Liverpool,True,1.8888990879058838
2024-25,7,DEF,Malo Gusto,Chelsea,Liverpool,True,1.8888990879058838
2025-26,7,DEF,Malo Gusto,Chelsea,Liverpool,True,1.8888990879058838
2022-23,7,DEF,Rayan Aït-Nouri,Wolves,Brighton,True,1.8626329898834229
2023-24,7,DEF,Rayan Aït-Nouri,Wolves,Brighton,True,1.8626329898834229
2024-25,7,DEF,Rayan Aït-Nouri,Wolves,Brighton,True,1.8626329898834229
2025-26,7,DEF,Rayan Aït-Nouri,Man City,Brentford,False,1.8626329898834229
2025-26,7,DEF,Santiago Ignacio Bueno,Wolves,Brighton,True,1.8203601837158203
2025-26,7,DEF,David Møller Wolfe,Wolves,Brighton,True,1.817845344543457
2024-25,7,DEF,Felipe Rodrigues da Silva,Nott'm Forest,Newcastle,False,1.8010942935943604
2025-26,7,DEF,Felipe Rodrigues da Silva,Nott'm Forest,Newcastle,False,1.8010942935943604
2024-25,7,DEF,Noussair Mazraoui,Man Utd,Sunderland,True,1.7938790321350098
2025-26,7,DEF,Noussair Mazraoui,Man Utd,Sunderland,True,1.7938790321350098
2024-25,7,DEF,Ian Maatsen,Aston Villa,Burnley,True,1.7937443256378174
2025-26,7,DEF,Ian Maatsen,Aston Villa,Burnley,True,1.7937443256378174
2022-23,7,DEF,Rico Lewis,Man City,Brentford,False,1.7708795070648193
2023-24,7,DEF,Rico Lewis,Man City,Brentford,False,1.7708795070648193
2024-25,7,DEF,Rico Lewis,Man City,Brentford,False,1.7708795070648193
2025-26,7,DEF,Rico Lewis,Man City,Brentford,False,1.7708795070648193
2025-26,7,DEF,Bafodé Diakité,Bournemouth,Fulham,True,1.7578386068344116
2023-24,7,DEF,Destiny Udogie,Spurs,Leeds,False,1.7266027927398682
2024-25,7,DEF,Destiny Udogie,Spurs,Leeds,False,1.7266027927398682
2025-26,7,DEF,Destiny Udogie,Spurs,Leeds,False,1.7266027927398682
2023-24,7,DEF,Wesley Fofana,Chelsea,Liverpool,True,1.7265541553497314
2024-25,7,DEF,Wesley Fofana,Chelsea,Liverpool,True,1.7265541553497314
2025-26,7,DEF,Wesley Fofana,Chelsea,Liverpool,True,1.7265541553497314
2022-23,7,DEF,Sven Botman,Newcastle,Nott'm Forest,True,1.7043447494506836
2023-24,7,DEF,Sven Botman,Newcastle,Nott'm Forest,True,1.7043447494506836
2024-25,7,DEF,Sven Botman,Newcastle,Nott'm Forest,True,1.7043447494506836
2025-26,7,DEF,Sven Botman,Newcastle,Nott'm Forest,True,1.7043447494506836
2022-23,7,DEF,Benjamin White,Arsenal,West Ham,True,1.6990094184875488
2023-24,7,DEF,Benjamin White,Arsenal,West Ham,True,1.6990094184875488
2024-25,7,DEF,Benjamin White,Arsenal,West Ham,True,1.6990094184875488
2025-26,7,DEF,Benjamin White,Arsenal,West Ham,True,1.6990094184875488
2020-21,7,DEF,John Stones,Man City,Brentford,False,1.6906081438064575
2021-22,7,DEF,John Stones,Man City,Brentford,False,1.6906081438064575
2022-23,7,DEF,John Stones,Man City,Brentford,False,1.6906081438064575
2023-24,7,DEF,John Stones,Man City,Brentford,False,1.6906081438064575
2024-25,7,DEF,John Stones,Man City,Brentford,False,1.6906081438064575
2025-26,7,DEF,John Stones,Man City,Brentford,False,1.6906081438064575
2021-22,7,DEF,Yerson Mosquera Valdelamar,Wolves,Brighton,True,1.670066237449646
2022-23,7,DEF,Yerson Mosquera Valdelamar,Wolves,Brighton,True,1.670066237449646
2025-26,7,DEF,Yerson Mosquera Valdelamar,Wolves,Brighton,True,1.670066237449646
2020-21,7,DEF,William Saliba,Arsenal,West Ham,True,1.6696339845657349
2021-22,7,DEF,William Saliba,Arsenal,West Ham,True,1.6696339845657349
2022-23,7,DEF,William Saliba,Arsenal,West Ham,True,1.6696339845657349
2023-24,7,DEF,William Saliba,Arsenal,West Ham,True,1.6696339845657349
2024-25,7,DEF,William Saliba,Arsenal,West Ham,True,1.6696339845657349
2025-26,7,DEF,William Saliba,Arsenal,West Ham,True,1.6696339845657349
2023-24,7,DEF,Timothy Castagne,Fulham,Bournemouth,False,1.6542351245880127
2024-25,7,DEF,Timothy Castagne,Fulham,Bournemouth,False,1.6542351245880127
2025-26,7,DEF,Timothy Castagne,Fulham,Bournemouth,False,1.6542351245880127
2025-26,7,DEF,Josh Acheampong,Chelsea,Liverpool,True,1.6282398700714111
2022-23,7,DEF,Adam Smith,Bournemouth,Fulham,True,1.6166462898254395
2023-24,7,DEF,Adam Smith,Bournemouth,Fulham,True,1.6166462898254395
2024-25,7,DEF,Adam Smith,Bournemouth,Fulham,True,1.6166462898254395
2025-26,7,DEF,Adam Smith,Bournemouth,Fulham,True,1.6166462898254395
2020-21,7,DEF,Antonee Robinson,Fulham,Bournemouth,False,1.5859918594360352
2022-23,7,DEF,Antonee Robinson,Fulham,Bournemouth,False,1.5859918594360352
2023-24,7,DEF,Antonee Robinson,Fulham,Bournemouth,False,1.5859918594360352
2024-25,7,DEF,Antonee Robinson,Fulham,Bournemouth,False,1.5859918594360352
2025-26,7,DEF,Antonee Robinson,Fulham,Bournemouth,False,1.5859918594360352
2025-26,7,DEF,Matheus Nunes,Man City,Brentford,False,1.5692696571350098
2023-24,7,DEF,Pau Torres,Aston Villa,Burnley,True,1.5505698919296265
2024-25,7,DEF,Pau Torres,Aston Villa,Burnley,True,1.5505698919296265
2025-26,7,DEF,Pau Torres,Aston Villa,Burnley,True,1.5505698919296265
2020-21,7,DEF,Harry Maguire,Man Utd,Sunderland,True,1.5084185600280762
2021-22,7,DEF,Harry Maguire,Man Utd,Sunderland,True,1.5084185600280762
2022-23,7,DEF,Harry Maguire,Man Utd,Sunderland,True,1.5084185600280762
2023-24,7,DEF,Harry Maguire,Man Utd,Sunderland,True,1.5084185600280762
2024-25,7,DEF,Harry Maguire,Man Utd,Sunderland,True,1.5084185600280762
2025-26,7,DEF,Harry Maguire,Man Utd,Sunderland,True,1.5084185600280762
2020-21,7,DEF,Nathan Aké,Man City,Brentford,False,1.4893985986709595
2021-22,7,DEF,Nathan Aké,Man City,Brentford,False,1.4893985986709595
2022-23,7,DEF,Nathan Aké,Man City,Brentford,False,1.4893985986709595
2023-24,7,DEF,Nathan Aké,Man City,Brentford,False,1.4893985986709595
2024-25,7,DEF,Nathan Aké,Man City,Brentford,False,1.4893985986709595
2025-26,7,DEF,Nathan Aké,Man City,Brentford,False,1.4893985986709595
2021-22,7,DEF,Kristoffer Ajer,Brentford,Man City,True,1.4583256244659424
2022-23,7,DEF,Kristoffer Ajer,Brentford,Man City,True,1.4583256244659424
2023-24,7,DEF,Kristoffer Ajer,Brentford,Man City,True,1.4583256244659424
2024-25,7,DEF,Kristoffer Ajer,Brentford,Man City,True,1.4583256244659424
2025-26,7,DEF,Kristoffer Ajer,Brentford,Man City,True,1.4583256244659424
2025-26,7,DEF,Daniel Ballard,Sunderland,Man Utd,False,1.4530291557312012
2025-26,7,DEF,Joe Worrall,Burnley,Aston Villa,False,1.4468460083007812
2022-23,7,DEF,Joe Worrall,Nott'm Forest,Newcastle,False,1.4468460083007812
2023-24,7,DEF,Joe Worrall,Nott'm Forest,Newcastle,False,1.4468460083007812
2024-25,7,DEF,Joe Worrall,Nott'm Forest,Newcastle,False,1.4468460083007812
2022-23,7,DEF,Nayef Aguerd,West Ham,Arsenal,False,1.4331830739974976
2023-24,7,DEF,Nayef Aguerd,West Ham,Arsenal,False,1.4331830739974976
2024-25,7,DEF,Nayef Aguerd,West Ham,Arsenal,False,1.4331830739974976
2025-26,7,DEF,Nayef Aguerd,West Ham,Arsenal,False,1.4331830739974976
2025-26,7,DEF,Nicolò Savona,Nott'm Forest,Newcastle,False,1.4288833141326904
2025-26,7,DEF,Jeremie Frimpong,Liverpool,Chelsea,False,1.4282090663909912
2025-26,7,DEF,Oliver Sonne,Burnley,Aston Villa,False,1.3990362882614136
2024-25,7,DEF,Conor Bradley,Liverpool,Chelsea,False,1.3761000633239746
2025-26,7,DEF,Conor Bradley,Liverpool,Chelsea,False,1.3761000633239746
2021-22,7,DEF,Rico Henry,Brentford,Man City,True,1.340459942817688
2022-23,7,DEF,Rico Henry,Brentford,Man City,True,1.340459942817688
2023-24,7,DEF,Rico Henry,Brentford,Man City,True,1.340459942817688
2024-25,7,DEF,Rico Henry,Brentford,Man City,True,1.340459942817688
2025-26,7,DEF,Rico Henry,Brentford,Man City,True,1.340459942817688
2025-26,7,DEF,Jenson Seelt,Sunderland,Man Utd,False,1.321810245513916
2025-26,7,DEF,Myles Lewis-Skelly,Arsenal,West Ham,True,1.3100237846374512
2024-25,7,DEF,Aaron Wan-Bissaka,West Ham,Arsenal,False,1.2597236633300781
2025-26,7,DEF,Aaron Wan-Bissaka,West Ham,Arsenal,False,1.2597236633300781
2020-21,7,DEF,Aaron Wan-Bissaka,Man Utd,Sunderland,True,1.2597236633300781
2021-22,7,DEF,Aaron Wan-Bissaka,Man Utd,Sunderland,True,1.2597236633300781
2022-23,7,DEF,Aaron Wan-Bissaka,Man Utd,Sunderland,True,1.2597236633300781
2023-24,7,DEF,Aaron Wan-Bissaka,Man Utd,Sunderland,True,1.2597236633300781
2020-21,7,DEF,Ki-Jana Hoever,Wolves,Brighton,True,1.203627347946167
2021-22,7,DEF,Ki-Jana Hoever,Wolves,Brighton,True,1.203627347946167
2023-24,7,DEF,Ki-Jana Hoever,Wolves,Brighton,True,1.203627347946167
2024-25,7,DEF,Ki-Jana Hoever,Wolves,Brighton,True,1.203627347946167
2025-26,7,DEF,Ki-Jana Hoever,Wolves,Brighton,True,1.203627347946167
2023-24,7,DEF,Joe Gomez,Liverpool,Chelsea,False,1.1937706470489502
2024-25,7,DEF,Joe Gomez,Liverpool,Chelsea,False,1.1937706470489502
2025-26,7,DEF,Joe Gomez,Liverpool,Chelsea,False,1.1937706470489502
2023-24,7,DEF,Lewis Hall,Newcastle,Nott'm Forest,True,1.1408202648162842
2024-25,7,DEF,Lewis Hall,Newcastle,Nott'm Forest,True,1.1408202648162842
2025-26,7,DEF,Lewis Hall,Newcastle,Nott'm Forest,True,1.1408202648162842
2020-21,7,DEF,Matt Doherty,Spurs,Leeds,False,1.119356632232666
2021-22,7,DEF,Matt Doherty,Spurs,Leeds,False,1.119356632232666
2022-23,7,DEF,Matt Doherty,Spurs,Leeds,False,1.119356632232666
2023-24,7,DEF,Matt Doherty,Wolves,Brighton,True,1.119356632232666
2024-25,7,DEF,Matt Doherty,Wolves,Brighton,True,1.119356632232666
2025-26,7,DEF,Matt Doherty,Wolves,Brighton,True,1.119356632232666
2024-25,7,DEF,Jorge Cuenca Barreno,Fulham,Bournemouth,False,1.1167548894882202
2025-26,7,DEF,Jorge Cuenca Barreno,Fulham,Bournemouth,False,1.1167548894882202
2025-26,7,DEF,Kevin Danso,Spurs,Leeds,False,1.0701078176498413
2022-23,7,DEF,Aaron Hickey,Brentford,Man City,True,0.9736425876617432
2023-24,7,DEF,Aaron Hickey,Brentford,Man City,True,0.9736425876617432
2024-25,7,DEF,Aaron Hickey,Brentford,Man City,True,0.9736425876617432
2025-26,7,DEF,Aaron Hickey,Brentford,Man City,True,0.9736425876617432
2022-23,7,DEF,Vitalii Mykolenko,Everton,Crystal Palace,True,0.913769006729126
2023-24,7,DEF,Vitalii Mykolenko,Everton,Crystal Palace,True,0.913769006729126
2024-25,7,DEF,Vitalii Mykolenko,Everton,Crystal Palace,True,0.913769006729126
2025-26,7,DEF,Vitalii Mykolenko,Everton,Crystal Palace,True,0.913769006729126
2025-26,7,DEF,Jorrel Hato,Chelsea,Liverpool,True,0.8793886303901672
2021-22,7,DEF,Nathaniel Clyne,Crystal Palace,Everton,False,0.7076436281204224
2022-23,7,DEF,Nathaniel Clyne,Crystal Palace,Everton,False,0.7076436281204224
2023-24,7,DEF,Nathaniel Clyne,Crystal Palace,Everton,False,0.7076436281204224
2024-25,7,DEF,Nathaniel Clyne,Crystal Palace,Everton,False,0.7076436281204224
2025-26,7,DEF,Nathaniel Clyne,Crystal Palace,Everton,False,0.7076436281204224
2025-26,7,DEF,Lutsharel Geertruida,Sunderland,Man Utd,False,0.6952469348907471
2024-25,7,DEF,Jean-Clair Todibo,West Ham,Arsenal,False,0.673384428024292
2025-26,7,DEF,Jean-Clair Todibo,West Ham,Arsenal,False,0.673384428024292
2020-21,7,DEF,Victor Lindelöf,Man Utd,Sunderland,True,0.6572273969650269
2021-22,7,DEF,Victor Lindelöf,Man Utd,Sunderland,True,0.6572273969650269
2022-23,7,DEF,Victor Lindelöf,Man Utd,Sunderland,True,0.6572273969650269
2023-24,7,DEF,Victor Lindelöf,Man Utd,Sunderland,True,0.6572273969650269
2024-25,7,DEF,Victor Lindelöf,Man Utd,Sunderland,True,0.6572273969650269
2025-26,7,DEF,Victor Lindelöf,Aston Villa,Burnley,True,0.6572273969650269
2024-25,7,DEF,Ayden Heaven,Arsenal,West Ham,True,0.633720874786377
2025-26,7,DEF,Ayden Heaven,Man Utd,Sunderland,True,0.633720874786377
2025-26,7,DEF,Julio Soler Barreto,Bournemouth,Fulham,True,0.5911206007003784
2025-26,7,DEF,James Justin,Leeds,Spurs,True,0.5873823761940002
2024-25,7,DEF,Séamus Coleman,Everton,Crystal Palace,True,0.5692397356033325
2025-26,7,DEF,Séamus Coleman,Everton,Crystal Palace,True,0.5692397356033325
2025-26,7,DEF,Diego Coppola,Brighton,Wolves,False,0.5692397356033325
2025-26,7,DEF,Malick Thiaw,Newcastle,Nott'm Forest,True,0.5598245859146118
2025-26,7,DEF,Sam Byram,Leeds,Spurs,True,0.5382294654846191
2025-26,7,DEF,Álex Jiménez Sánchez,Bournemouth,Fulham,True,0.5043174624443054
2022-23,7,DEF,Chris Mepham,Bournemouth,Fulham,True,0.22041383385658264
2022-23,7,DEF,Jack Stacey,Bournemouth,Fulham,True,0.22041383385658264
2022-23,7,DEF,Jordan Zemura,Bournemouth,Fulham,True,0.22041383385658264
2022-23,7,DEF,Lloyd Kelly,Bournemouth,Fulham,True,0.22041383385658264
2022-23,7,DEF,Marcos Senesi,Bournemouth,Fulham,True,0.22041383385658264
2022-23,7,DEF,Owen Bevan,Bournemouth,Fulham,True,0.22041383385658264
2022-23,7,DEF,Ryan Fredericks,Bournemouth,Fulham,True,0.22041383385658264
2023-24,7,DEF,Ben Greenwood,Bournemouth,Fulham,True,0.22041383385658264
2023-24,7,DEF,Chris Mepham,Bournemouth,Fulham,True,0.22041383385658264
2023-24,7,DEF,Illia Zabarnyi,Bournemouth,Fulham,True,0.22041383385658264
2023-24,7,DEF,Lloyd Kelly,Bournemouth,Fulham,True,0.22041383385658264
2023-24,7,DEF,Marcos Senesi,Bournemouth,Fulham,True,0.22041383385658264
2023-24,7,DEF,Max Aarons,Bournemouth,Fulham,True,0.22041383385658264
2023-24,7,DEF,Ryan Fredericks,Bournemouth,Fulham,True,0.22041383385658264
2024-25,7,DEF,Chris Mepham,Bournemouth,Fulham,True,0.22041383385658264
2024-25,7,DEF,Dean Huijsen,Bournemouth,Fulham,True,0.22041383385658264
2024-25,7,DEF,Illia Zabarnyi,Bournemouth,Fulham,True,0.22041383385658264
2024-25,7,DEF,Julián Araujo Zúñiga,Bournemouth,Fulham,True,0.22041383385658264
2024-25,7,DEF,Marcos Senesi,Bournemouth,Fulham,True,0.22041383385658264
2024-25,7,DEF,Max Aarons,Bournemouth,Fulham,True,0.22041383385658264
2025-26,7,DEF,Chris Mepham,Bournemouth,Fulham,True,0.22041383385658264
2025-26,7,DEF,Illia Zabarnyi,Bournemouth,Fulham,True,0.22041383385658264
2025-26,7,DEF,Julián Araujo Zúñiga,Bournemouth,Fulham,True,0.22041383385658264
2025-26,7,DEF,Matai Akinmboni,Bournemouth,Fulham,True,0.22041383385658264
2025-26,7,DEF,Owen Bevan,Bournemouth,Fulham,True,0.22041383385658264
2020-21,7,DEF,Alfie Mawson,Fulham,Bournemouth,False,0.22041383385658264
2020-21,7,DEF,Cyrus Christie,Fulham,Bournemouth,False,0.22041383385658264
2020-21,7,DEF,Denis Odoi,Fulham,Bournemouth,False,0.22041383385658264
2020-21,7,DEF,Joe Bryan,Fulham,Bournemouth,False,0.22041383385658264
2020-21,7,DEF,Maxime Le Marchand,Fulham,Bournemouth,False,0.22041383385658264
2020-21,7,DEF,Michael Hector,Fulham,Bournemouth,False,0.22041383385658264
2020-21,7,DEF,Tim Ream,Fulham,Bournemouth,False,0.22041383385658264
2020-21,7,DEF,Zeze Steven Sessegnon,Fulham,Bournemouth,False,0.22041383385658264
2022-23,7,DEF,Issa Diop,Fulham,Bournemouth,False,0.22041383385658264
2022-23,7,DEF,Joe Bryan,Fulham,Bournemouth,False,0.22041383385658264
2022-23,7,DEF,Kevin Mbabu,Fulham,Bournemouth,False,0.22041383385658264
2022-23,7,DEF,Shane Duffy,Fulham,Bournemouth,False,0.22041383385658264
2022-23,7,DEF,Terence Kongolo,Fulham,Bournemouth,False,0.22041383385658264
2022-23,7,DEF,Tim Ream,Fulham,Bournemouth,False,0.22041383385658264
2023-24,7,DEF,Issa Diop,Fulham,Bournemouth,False,0.22041383385658264
2023-24,7,DEF,Kevin Mbabu,Fulham,Bournemouth,False,0.22041383385658264
2023-24,7,DEF,Luc De Fougerolles,Fulham,Bournemouth,False,0.22041383385658264
2023-24,7,DEF,Terence Kongolo,Fulham,Bournemouth,False,0.22041383385658264
2023-24,7,DEF,Tim Ream,Fulham,Bournemouth,False,0.22041383385658264
2024-25,7,DEF,Issa Diop,Fulham,Bournemouth,False,0.22041383385658264
2024-25,7,DEF,Kevin Mbabu,Fulham,Bournemouth,False,0.22041383385658264
2024-25,7,DEF,Tim Ream,Fulham,Bournemouth,False,0.22041383385658264
2025-26,7,DEF,Issa Diop,Fulham,Bournemouth,False,0.22041383385658264
2025-26,7,DEF,Samuel Amissah,Fulham,Bournemouth,False,0.22041383385658264
2020-21,7,DEF,Barry Douglas,Leeds,Spurs,True,0.22041383385658264
2020-21,7,DEF,Diego Llorente,Leeds,Spurs,True,0.22041383385658264
2020-21,7,DEF,Ezgjan Alioski,Leeds,Spurs,True,0.22041383385658264
2020-21,7,DEF,Leif Davis,Leeds,Spurs,True,0.22041383385658264
2020-21,7,DEF,Liam Cooper,Leeds,Spurs,True,0.22041383385658264
2020-21,7,DEF,Luke Ayling,Leeds,Spurs,True,0.22041383385658264
2020-21,7,DEF,Oliver Casey,Leeds,Spurs,True,0.22041383385658264
2020-21,7,DEF,Robin Koch,Leeds,Spurs,True,0.22041383385658264
2020-21,7,DEF,Stuart Dallas,Leeds,Spurs,True,0.22041383385658264
2021-22,7,DEF,Charlie Cresswell,Leeds,Spurs,True,0.22041383385658264
2021-22,7,DEF,Cody Drameh,Leeds,Spurs,True,0.22041383385658264
2021-22,7,DEF,Diego Llorente,Leeds,Spurs,True,0.22041383385658264
2021-22,7,DEF,Héctor Junior Firpo Adames,Leeds,Spurs,True,0.22041383385658264
2021-22,7,DEF,Liam Cooper,Leeds,Spurs,True,0.22041383385658264
2021-22,7,DEF,Luke Ayling,Leeds,Spurs,True,0.22041383385658264
2021-22,7,DEF,Robin Koch,Leeds,Spurs,True,0.22041383385658264
2022-23,7,DEF,Cody Drameh,Leeds,Spurs,True,0.22041383385658264
2022-23,7,DEF,Diego Llorente,Leeds,Spurs,True,0.22041383385658264
2022-23,7,DEF,Junior Firpo Adames,Leeds,Spurs,True,0.22041383385658264
2022-23,7,DEF,Leo Fuhr Hjelde,Leeds,Spurs,True,0.22041383385658264
2022-23,7,DEF,Liam Cooper,Leeds,Spurs,True,0.22041383385658264
2022-23,7,DEF,Luke Ayling,Leeds,Spurs,True,0.22041383385658264
2022-23,7,DEF,Rasmus Kristensen,Leeds,Spurs,True,0.22041383385658264
2022-23,7,DEF,Robin Koch,Leeds,Spurs,True,0.22041383385658264
2022-23,7,DEF,Stuart Dallas,Leeds,Spurs,True,0.22041383385658264
2025-26,7,DEF,Isaac Schmidt,Leeds,Spurs,True,0.22041383385658264
2025-26,7,DEF,Jaka Bijol,Leeds,Spurs,True,0.22041383385658264
2025-26,7,DEF,Sebastiaan Bornauw,Leeds,Spurs,True,0.22041383385658264
2020-21,7,DEF,Ben Davies,Spurs,Leeds,False,0.22041383385658264
2020-21,7,DEF,Cameron Carter-Vickers,Spurs,Leeds,False,0.22041383385658264
2020-21,7,DEF,Danny Rose,Spurs,Leeds,False,0.22041383385658264
2020-21,7,DEF,Davinson Sánchez,Spurs,Leeds,False,0.22041383385658264
2020-21,7,DEF,Eric Dier,Spurs,Leeds,False,0.22041383385658264
2020-21,7,DEF,Japhet Tanganga,Spurs,Leeds,False,0.22041383385658264
2020-21,7,DEF,Juan Foyth,Spurs,Leeds,False,0.22041383385658264
2020-21,7,DEF,Serge Aurier,Spurs,Leeds,False,0.22041383385658264
2020-21,7,DEF,Sergio Reguilón,Spurs,Leeds,False,0.22041383385658264
2020-21,7,DEF,Toby Alderweireld,Spurs,Leeds,False,0.22041383385658264
2021-22,7,DEF,Ben Davies,Spurs,Leeds,False,0.22041383385658264
2021-22,7,DEF,Davinson Sánchez,Spurs,Leeds,False,0.22041383385658264
2021-22,7,DEF,Emerson Aparecido Leite de Souza Junior,Spurs,Leeds,False,0.22041383385658264
2021-22,7,DEF,Eric Dier,Spurs,Leeds,False,0.22041383385658264
2021-22,7,DEF,Japhet Tanganga,Spurs,Leeds,False,0.22041383385658264
2021-22,7,DEF,Serge Aurier,Spurs,Leeds,False,0.22041383385658264
2021-22,7,DEF,Sergio Reguilón,Spurs,Leeds,False,0.22041383385658264
2021-22,7,DEF,Tobi Omole,Spurs,Leeds,False,0.22041383385658264
2021-22,7,DEF,Toby Alderweireld,Spurs,Leeds,False,0.22041383385658264
2022-23,7,DEF,Ben Davies,Spurs,Leeds,False,0.22041383385658264
2022-23,7,DEF,Clément Lenglet,Spurs,Leeds,False,0.22041383385658264
2022-23,7,DEF,Davinson Sánchez,Spurs,Leeds,False,0.22041383385658264
2022-23,7,DEF,Emerson Leite de Souza Junior,Spurs,Leeds,False,0.22041383385658264
2022-23,7,DEF,Eric Dier,Spurs,Leeds,False,0.22041383385658264
2022-23,7,DEF,Ivan Perišić,Spurs,Leeds,False,0.22041383385658264
2022-23,7,DEF,Japhet Tanganga,Spurs,Leeds,False,0.22041383385658264
2022-23,7,DEF,Sergio Reguilón,Spurs,Leeds,False,0.22041383385658264
2023-24,7,DEF,Ashley Phillips,Spurs,Leeds,False,0.22041383385658264
2023-24,7,DEF,Ben Davies,Spurs,Leeds,False,0.22041383385658264
2023-24,7,DEF,Davinson Sánchez,Spurs,Leeds,False,0.22041383385658264
2023-24,7,DEF,Emerson Leite de Souza Junior,Spurs,Leeds,False,0.22041383385658264
2023-24,7,DEF,Eric Dier,Spurs,Leeds,False,0.22041383385658264
2023-24,7,DEF,Ivan Perišić,Spurs,Leeds,False,0.22041383385658264
2023-24,7,DEF,Japhet Tanganga,Spurs,Leeds,False,0.22041383385658264
2023-24,7,DEF,Pedro Porro,Spurs,Leeds,False,0.22041383385658264
2024-25,7,DEF,Ashley Phillips,Spurs,Leeds,False,0.22041383385658264
2024-25,7,DEF,Ben Davies,Spurs,Leeds,False,0.22041383385658264
2024-25,7,DEF,Emerson Leite de Souza Junior,Spurs,Leeds,False,0.22041383385658264
2024-25,7,DEF,Pedro Porro,Spurs,Leeds,False,0.22041383385658264
2024-25,7,DEF,Radu Drăgușin,Spurs,Leeds,False,0.22041383385658264
2024-25,7,DEF,Sergio Reguilón,Spurs,Leeds,False,0.22041383385658264
2025-26,7,DEF,Ashley Phillips,Spurs,Leeds,False,0.22041383385658264
2025-26,7,DEF,Ben Davies,Spurs,Leeds,False,0.22041383385658264
2025-26,7,DEF,Luka Vušković,Spurs,Leeds,False,0.22041383385658264
2025-26,7,DEF,Radu Drăgușin,Spurs,Leeds,False,0.22041383385658264
2025-26,7,DEF,Takai Kōta,Spurs,Leeds,False,0.22041383385658264
2020-21,7,DEF,Ainsley Maitland-Niles,Arsenal,West Ham,True,0.22041383385658264
2020-21,7,DEF,Calum Chambers,Arsenal,West Ham,True,0.22041383385658264
2020-21,7,DEF,Cédric Soares,Arsenal,West Ham,True,0.22041383385658264
2020-21,7,DEF,David Luiz Moreira Marinho,Arsenal,West Ham,True,0.22041383385658264
2020-21,7,DEF,Gabriel Magalhães,Arsenal,West Ham,True,0.22041383385658264
2020-21,7,DEF,Héctor Bellerín,Arsenal,West Ham,True,0.22041383385658264
2020-21,7,DEF,Kieran Tierney,Arsenal,West Ham,True,0.22041383385658264
2020-21,7,DEF,Pablo Marí,Arsenal,West Ham,True,0.22041383385658264
2020-21,7,DEF,Rob Holding,Arsenal,West Ham,True,0.22041383385658264
2020-21,7,DEF,Sead Kolasinac,Arsenal,West Ham,True,0.22041383385658264
2020-21,7,DEF,Shkodran Mustafi,Arsenal,West Ham,True,0.22041383385658264
2020-21,7,DEF,Sokratis Papastathopoulos,Arsenal,West Ham,True,0.22041383385658264
2021-22,7,DEF,Ben White,Arsenal,West Ham,True,0.22041383385658264
2021-22,7,DEF,Calum Chambers,Arsenal,West Ham,True,0.22041383385658264
2021-22,7,DEF,Cédric Soares,Arsenal,West Ham,True,0.22041383385658264
2021-22,7,DEF,Gabriel Magalhães,Arsenal,West Ham,True,0.22041383385658264
2021-22,7,DEF,Héctor Bellerín,Arsenal,West Ham,True,0.22041383385658264
2021-22,7,DEF,Kieran Tierney,Arsenal,West Ham,True,0.22041383385658264
2021-22,7,DEF,Nuno Varela Tavares,Arsenal,West Ham,True,0.22041383385658264
2021-22,7,DEF,Pablo Marí,Arsenal,West Ham,True,0.22041383385658264
2021-22,7,DEF,Rob Holding,Arsenal,West Ham,True,0.22041383385658264
2021-22,7,DEF,Sead Kolasinac,Arsenal,West Ham,True,0.22041383385658264
2021-22,7,DEF,Takehiro Tomiyasu,Arsenal,West Ham,True,0.22041383385658264
2022-23,7,DEF,Cédric Alves Soares,Arsenal,West Ham,True,0.22041383385658264
2022-23,7,DEF,Kieran Tierney,Arsenal,West Ham,True,0.22041383385658264
2022-23,7,DEF,Nuno Varela Tavares,Arsenal,West Ham,True,0.22041383385658264
2022-23,7,DEF,Oleksandr Zinchenko,Arsenal,West Ham,True,0.22041383385658264
2022-23,7,DEF,Pablo Marí Villar,Arsenal,West Ham,True,0.22041383385658264
2022-23,7,DEF,Rob Holding,Arsenal,West Ham,True,0.22041383385658264
2022-23,7,DEF,Takehiro Tomiyasu,Arsenal,West Ham,True,0.22041383385658264
2023-24,7,DEF,Cédric Alves Soares,Arsenal,West Ham,True,0.22041383385658264
2023-24,7,DEF,Jakub Kiwior,Arsenal,West Ham,True,0.22041383385658264
2023-24,7,DEF,Kieran Tierney,Arsenal,West Ham,True,0.22041383385658264
2023-24,7,DEF,Oleksandr Zinchenko,Arsenal,West Ham,True,0.22041383385658264
2023-24,7,DEF,Rob Holding,Arsenal,West Ham,True,0.22041383385658264
2023-24,7,DEF,Takehiro Tomiyasu,Arsenal,West Ham,True,0.22041383385658264
2024-25,7,DEF,Jakub Kiwior,Arsenal,West Ham,True,0.22041383385658264
2024-25,7,DEF,Kieran Tierney,Arsenal,West Ham,True,0.22041383385658264
2024-25,7,DEF,Maldini Kacurri,Arsenal,West Ham,True,0.22041383385658264
2024-25,7,DEF,Oleksandr Zinchenko,Arsenal,West Ham,True,0.22041383385658264
2024-25,7,DEF,Tomiyasu Takehiro,Arsenal,West Ham,True,0.22041383385658264
2025-26,7,DEF,Brayden Clarke,Arsenal,West Ham,True,0.22041383385658264
2025-26,7,DEF,Jakub Kiwior,Arsenal,West Ham,True,0.22041383385658264
2025-26,7,DEF,Josh Nichols,Arsenal,West Ham,True,0.22041383385658264
2025-26,7,DEF,Maldini Kacurri,Arsenal,West Ham,True,0.22041383385658264
2025-26,7,DEF,Piero Hincapié,Arsenal,West Ham,True,0.22041383385658264
2020-21,7,DEF,Aaron Cresswell,West Ham,Arsenal,False,0.22041383385658264
2020-21,7,DEF,Angelo Ogbonna,West Ham,Arsenal,False,0.22041383385658264
2020-21,7,DEF,Arthur Masuaku,West Ham,Arsenal,False,0.22041383385658264
2020-21,7,DEF,Ben Johnson,West Ham,Arsenal,False,0.22041383385658264
2020-21,7,DEF,Fabián Balbuena,West Ham,Arsenal,False,0.22041383385658264
2020-21,7,DEF,Issa Diop,West Ham,Arsenal,False,0.22041383385658264
2020-21,7,DEF,Ryan Fredericks,West Ham,Arsenal,False,0.22041383385658264
2020-21,7,DEF,Vladimir Coufal,West Ham,Arsenal,False,0.22041383385658264
2021-22,7,DEF,Aaron Cresswell,West Ham,Arsenal,False,0.22041383385658264
2021-22,7,DEF,Angelo Ogbonna,West Ham,Arsenal,False,0.22041383385658264
2021-22,7,DEF,Arthur Masuaku,West Ham,Arsenal,False,0.22041383385658264
2021-22,7,DEF,Ben Johnson,West Ham,Arsenal,False,0.22041383385658264
2021-22,7,DEF,Craig Dawson,West Ham,Arsenal,False,0.22041383385658264
2021-22,7,DEF,Frederik Alves,West Ham,Arsenal,False,0.22041383385658264
2021-22,7,DEF,Issa Diop,West Ham,Arsenal,False,0.22041383385658264
2021-22,7,DEF,Jamal Baptiste,West Ham,Arsenal,False,0.22041383385658264
2021-22,7,DEF,Kurt Zouma,West Ham,Arsenal,False,0.22041383385658264
2021-22,7,DEF,Ryan Fredericks,West Ham,Arsenal,False,0.22041383385658264
2021-22,7,DEF,Vladimir Coufal,West Ham,Arsenal,False,0.22041383385658264
2021-22,7,DEF,Winston Reid,West Ham,Arsenal,False,0.22041383385658264
2022-23,7,DEF,Aaron Cresswell,West Ham,Arsenal,False,0.22041383385658264
2022-23,7,DEF,Angelo Ogbonna,West Ham,Arsenal,False,0.22041383385658264
2022-23,7,DEF,Arthur Masuaku,West Ham,Arsenal,False,0.22041383385658264
2022-23,7,DEF,Ben Johnson,West Ham,Arsenal,False,0.22041383385658264
2022-23,7,DEF,Craig Dawson,West Ham,Arsenal,False,0.22041383385658264
2022-23,7,DEF,Emerson Palmieri dos Santos,West Ham,Arsenal,False,0.22041383385658264
2022-23,7,DEF,Harrison Ashby,West Ham,Arsenal,False,0.22041383385658264
2022-23,7,DEF,Kurt Zouma,West Ham,Arsenal,False,0.22041383385658264
2022-23,7,DEF,Thilo Kehrer,West Ham,Arsenal,False,0.22041383385658264
2022-23,7,DEF,Vladimir Coufal,West Ham,Arsenal,False,0.22041383385658264
2023-24,7,DEF,Aaron Cresswell,West Ham,Arsenal,False,0.22041383385658264
2023-24,7,DEF,Angelo Ogbonna,West Ham,Arsenal,False,0.22041383385658264
2023-24,7,DEF,Ben Johnson,West Ham,Arsenal,False,0.22041383385658264
2023-24,7,DEF,Emerson Palmieri dos Santos,West Ham,Arsenal,False,0.22041383385658264
2023-24,7,DEF,Kurt Zouma,West Ham,Arsenal,False,0.22041383385658264
2023-24,7,DEF,Thilo Kehrer,West Ham,Arsenal,False,0.22041383385658264
2023-24,7,DEF,Vladimír Coufal,West Ham,Arsenal,False,0.22041383385658264
2024-25,7,DEF,Aaron Cresswell,West Ham,Arsenal,False,0.22041383385658264
2024-25,7,DEF,Emerson Palmieri dos Santos,West Ham,Arsenal,False,0.22041383385658264
2024-25,7,DEF,Kaelan Casey,West Ham,Arsenal,False,0.22041383385658264
2024-25,7,DEF,Kurt Zouma,West Ham,Arsenal,False,0.22041383385658264
2024-25,7,DEF,Max Kilman,West Ham,Arsenal,False,0.22041383385658264
2024-25,7,DEF,Vladimír Coufal,West Ham,Arsenal,False,0.22041383385658264
2025-26,7,DEF,Emerson Palmieri dos Santos,West Ham,Arsenal,False,0.22041383385658264
2025-26,7,DEF,Igor Julio dos Santos de Paulo,West Ham,Arsenal,False,0.22041383385658264
2025-26,7,DEF,Kaelan Casey,West Ham,Arsenal,False,0.22041383385658264
2025-26,7,DEF,Ollie Scarles,West Ham,Arsenal,False,0.22041383385658264
2020-21,7,DEF,Axel Tuanzebe,Man Utd,Sunderland,True,0.22041383385658264
2020-21,7,DEF,Brandon Williams,Man Utd,Sunderland,True,0.22041383385658264
2020-21,7,DEF,Chris Smalling,Man Utd,Sunderland,True,0.22041383385658264
2020-21,7,DEF,Eric Bailly,Man Utd,Sunderland,True,0.22041383385658264
2020-21,7,DEF,José Diogo Dalot Teixeira,Man Utd,Sunderland,True,0.22041383385658264
2020-21,7,DEF,Marcos Rojo,Man Utd,Sunderland,True,0.22041383385658264
2020-21,7,DEF,Phil Jones,Man Utd,Sunderland,True,0.22041383385658264
2020-21,7,DEF,Teden Mengi,Man Utd,Sunderland,True,0.22041383385658264
2020-21,7,DEF,Timothy Fosu-Mensah,Man Utd,Sunderland,True,0.22041383385658264
2021-22,7,DEF,Alex Nicolao Telles,Man Utd,Sunderland,True,0.22041383385658264
2021-22,7,DEF,Eric Bailly,Man Utd,Sunderland,True,0.22041383385658264
2021-22,7,DEF,José Diogo Dalot Teixeira,Man Utd,Sunderland,True,0.22041383385658264
2021-22,7,DEF,Raphaël Varane,Man Utd,Sunderland,True,0.22041383385658264
2022-23,7,DEF,Alex Telles,Man Utd,Sunderland,True,0.22041383385658264
2022-23,7,DEF,Brandon Williams,Man Utd,Sunderland,True,0.22041383385658264
2022-23,7,DEF,Eric Bailly,Man Utd,Sunderland,True,0.22041383385658264
2022-23,7,DEF,Lisandro Martínez,Man Utd,Sunderland,True,0.22041383385658264
2022-23,7,DEF,Phil Jones,Man Utd,Sunderland,True,0.22041383385658264
2022-23,7,DEF,Raphaël Varane,Man Utd,Sunderland,True,0.22041383385658264
2022-23,7,DEF,Tyrell Malacia,Man Utd,Sunderland,True,0.22041383385658264
2023-24,7,DEF,Alex Telles,Man Utd,Sunderland,True,0.22041383385658264
2023-24,7,DEF,Brandon Williams,Man Utd,Sunderland,True,0.22041383385658264
2023-24,7,DEF,Eric Bailly,Man Utd,Sunderland,True,0.22041383385658264
2023-24,7,DEF,Jonny Evans,Man Utd,Sunderland,True,0.22041383385658264
2023-24,7,DEF,Lisandro Martínez,Man Utd,Sunderland,True,0.22041383385658264
2023-24,7,DEF,Raphaël Varane,Man Utd,Sunderland,True,0.22041383385658264
2023-24,7,DEF,Sergio Reguilón,Man Utd,Sunderland,True,0.22041383385658264
2023-24,7,DEF,Tyrell Malacia,Man Utd,Sunderland,True,0.22041383385658264
2023-24,7,DEF,Álvaro Fernández Carreras,Man Utd,Sunderland,True,0.22041383385658264
2024-25,7,DEF,Jonny Evans,Man Utd,Sunderland,True,0.22041383385658264
2024-25,7,DEF,Lisandro Martínez,Man Utd,Sunderland,True,0.22041383385658264
2024-25,7,DEF,Tyrell Malacia,Man Utd,Sunderland,True,0.22041383385658264
2025-26,7,DEF,Diego León Blanco,Man Utd,Sunderland,True,0.22041383385658264
2025-26,7,DEF,Harry Amass,Man Utd,Sunderland,True,0.22041383385658264
2025-26,7,DEF,Lisandro Martínez,Man Utd,Sunderland,True,0.22041383385658264
2025-26,7,DEF,Tyler Fredricson,Man Utd,Sunderland,True,0.22041383385658264
2025-26,7,DEF,Tyrell Malacia,Man Utd,Sunderland,True,0.22041383385658264
2025-26,7,DEF,Aji Alese,Sunderland,Man Utd,False,0.22041383385658264
2025-26,7,DEF,Arthur Masuaku,Sunderland,Man Utd,False,0.22041383385658264
2025-26,7,DEF,Dennis Cirkin,Sunderland,Man Utd,False,0.22041383385658264
2025-26,7,DEF,Joe Anderson,Sunderland,Man Utd,False,0.22041383385658264
2025-26,7,DEF,Leo Fuhr Hjelde,Sunderland,Man Utd,False,0.22041383385658264
2025-26,7,DEF,Luke O'Nien,Sunderland,Man Utd,False,0.22041383385658264
2025-26,7,DEF,Niall Huggins,Sunderland,Man Utd,False,0.22041383385658264
2025-26,7,DEF,Timothée Pembélé,Sunderland,Man Utd,False,0.22041383385658264
2025-26,7,DEF,Zak Johnson,Sunderland,Man Utd,False,0.22041383385658264
2020-21,7,DEF,Andreas Christensen,Chelsea,Liverpool,True,0.22041383385658264
2020-21,7,DEF,Antonio Rüdiger,Chelsea,Liverpool,True,0.22041383385658264
2020-21,7,DEF,Benjamin Chilwell,Chelsea,Liverpool,True,0.22041383385658264
2020-21,7,DEF,César Azpilicueta,Chelsea,Liverpool,True,0.22041383385658264
2020-21,7,DEF,Emerson Palmieri dos Santos,Chelsea,Liverpool,True,0.22041383385658264
2020-21,7,DEF,Fikayo Tomori,Chelsea,Liverpool,True,0.22041383385658264
2020-21,7,DEF,Kurt Zouma,Chelsea,Liverpool,True,0.22041383385658264
2020-21,7,DEF,Marcos Alonso,Chelsea,Liverpool,True,0.22041383385658264
2020-21,7,DEF,Thiago Thiago,Chelsea,Liverpool,True,0.22041383385658264
2021-22,7,DEF,Andreas Christensen,Chelsea,Liverpool,True,0.22041383385658264
2021-22,7,DEF,Antonio Rüdiger,Chelsea,Liverpool,True,0.22041383385658264
2021-22,7,DEF,Benjamin Chilwell,Chelsea,Liverpool,True,0.22041383385658264
2021-22,7,DEF,César Azpilicueta,Chelsea,Liverpool,True,0.22041383385658264
2021-22,7,DEF,Emerson Palmieri dos Santos,Chelsea,Liverpool,True,0.22041383385658264
2021-22,7,DEF,Malang Sarr,Chelsea,Liverpool,True,0.22041383385658264
2021-22,7,DEF,Marcos Alonso,Chelsea,Liverpool,True,0.22041383385658264
2021-22,7,DEF,Thiago Emiliano da Silva,Chelsea,Liverpool,True,0.22041383385658264
2022-23,7,DEF,Ben Chilwell,Chelsea,Liverpool,True,0.22041383385658264
2022-23,7,DEF,César Azpilicueta,Chelsea,Liverpool,True,0.22041383385658264
2022-23,7,DEF,Kalidou Koulibaly,Chelsea,Liverpool,True,0.22041383385658264
2022-23,7,DEF,Malang Sarr,Chelsea,Liverpool,True,0.22041383385658264
2022-23,7,DEF,Marcos Alonso,Chelsea,Liverpool,True,0.22041383385658264
2022-23,7,DEF,Robert Kenedy Nunes do Nascimento,Chelsea,Liverpool,True,0.22041383385658264
2022-23,7,DEF,Thiago Emiliano da Silva,Chelsea,Liverpool,True,0.22041383385658264
2023-24,7,DEF,Abdul Rahman Baba,Chelsea,Liverpool,True,0.22041383385658264
2023-24,7,DEF,Axel Disasi,Chelsea,Liverpool,True,0.22041383385658264
2023-24,7,DEF,Bashir Humphreys,Chelsea,Liverpool,True,0.22041383385658264
2023-24,7,DEF,Ben Chilwell,Chelsea,Liverpool,True,0.22041383385658264
2023-24,7,DEF,Benoît Badiashile,Chelsea,Liverpool,True,0.22041383385658264
2023-24,7,DEF,César Azpilicueta,Chelsea,Liverpool,True,0.22041383385658264
2023-24,7,DEF,Levi Colwill,Chelsea,Liverpool,True,0.22041383385658264
2023-24,7,DEF,Malang Sarr,Chelsea,Liverpool,True,0.22041383385658264
2023-24,7,DEF,Thiago Emiliano da Silva,Chelsea,Liverpool,True,0.22041383385658264
2024-25,7,DEF,Alfie Gilchrist,Chelsea,Liverpool,True,0.22041383385658264
2024-25,7,DEF,Axel Disasi,Chelsea,Liverpool,True,0.22041383385658264
2024-25,7,DEF,Ben Chilwell,Chelsea,Liverpool,True,0.22041383385658264
2024-25,7,DEF,Benoît Badiashile,Chelsea,Liverpool,True,0.22041383385658264
2024-25,7,DEF,Caleb Wiley,Chelsea,Liverpool,True,0.22041383385658264
2024-25,7,DEF,Levi Colwill,Chelsea,Liverpool,True,0.22041383385658264
2024-25,7,DEF,Malang Sarr,Chelsea,Liverpool,True,0.22041383385658264
2025-26,7,DEF,Aarón Anselmino,Chelsea,Liverpool,True,0.22041383385658264
2025-26,7,DEF,Benoît Badiashile Mukinayi,Chelsea,Liverpool,True,0.22041383385658264
2025-26,7,DEF,Levi Samuels Colwill,Chelsea,Liverpool,True,0.22041383385658264
2025-26,7,DEF,Mamadou Sarr,Chelsea,Liverpool,True,0.22041383385658264
2020-21,7,DEF,Joel Matip,Liverpool,Chelsea,False,0.22041383385658264
2020-21,7,DEF,Joseph Gomez,Liverpool,Chelsea,False,0.22041383385658264
2020-21,7,DEF,Konstantinos Tsimikas,Liverpool,Chelsea,False,0.22041383385658264
2020-21,7,DEF,Trent Alexander-Arnold,Liverpool,Chelsea,False,0.22041383385658264
2021-22,7,DEF,Ben Davies,Liverpool,Chelsea,False,0.22041383385658264
2021-22,7,DEF,Joel Matip,Liverpool,Chelsea,False,0.22041383385658264
2021-22,7,DEF,Joseph Gomez,Liverpool,Chelsea,False,0.22041383385658264
2021-22,7,DEF,Konstantinos Tsimikas,Liverpool,Chelsea,False,0.22041383385658264
2021-22,7,DEF,Nathaniel Phillips,Liverpool,Chelsea,False,0.22041383385658264
2021-22,7,DEF,Rhys Williams,Liverpool,Chelsea,False,0.22041383385658264
2021-22,7,DEF,Trent Alexander-Arnold,Liverpool,Chelsea,False,0.22041383385658264
2022-23,7,DEF,Ben Davies,Liverpool,Chelsea,False,0.22041383385658264
2022-23,7,DEF,Calvin Ramsay,Liverpool,Chelsea,False,0.22041383385658264
2022-23,7,DEF,Joel Matip,Liverpool,Chelsea,False,0.22041383385658264
2022-23,7,DEF,Joseph Gomez,Liverpool,Chelsea,False,0.22041383385658264
2022-23,7,DEF,Konstantinos Tsimikas,Liverpool,Chelsea,False,0.22041383385658264
2022-23,7,DEF,Luke Chambers,Liverpool,Chelsea,False,0.22041383385658264
2022-23,7,DEF,Nathaniel Phillips,Liverpool,Chelsea,False,0.22041383385658264
2022-23,7,DEF,Rhys Williams,Liverpool,Chelsea,False,0.22041383385658264
2022-23,7,DEF,Trent Alexander-Arnold,Liverpool,Chelsea,False,0.22041383385658264
2023-24,7,DEF,Jarell Quansah,Liverpool,Chelsea,False,0.22041383385658264
2023-24,7,DEF,Joel Matip,Liverpool,Chelsea,False,0.22041383385658264
2023-24,7,DEF,Konstantinos Tsimikas,Liverpool,Chelsea,False,0.22041383385658264
2023-24,7,DEF,Nathaniel Phillips,Liverpool,Chelsea,False,0.22041383385658264
2023-24,7,DEF,Trent Alexander-Arnold,Liverpool,Chelsea,False,0.22041383385658264
2024-25,7,DEF,Jarell Quansah,Liverpool,Chelsea,False,0.22041383385658264
2024-25,7,DEF,Konstantinos Tsimikas,Liverpool,Chelsea,False,0.22041383385658264
2024-25,7,DEF,Nathaniel Phillips,Liverpool,Chelsea,False,0.22041383385658264
2024-25,7,DEF,Rhys Williams,Liverpool,Chelsea,False,0.22041383385658264
2024-25,7,DEF,Trent Alexander-Arnold,Liverpool,Chelsea,False,0.22041383385658264
2025-26,7,DEF,Amara Nallo,Liverpool,Chelsea,False,0.22041383385658264
2025-26,7,DEF,Calvin Ramsay,Liverpool,Chelsea,False,0.22041383385658264
2025-26,7,DEF,Giovanni Leoni,Liverpool,Chelsea,False,0.22041383385658264
2025-26,7,DEF,Konstantinos Tsimikas,Liverpool,Chelsea,False,0.22041383385658264
2025-26,7,DEF,Rhys Williams,Liverpool,Chelsea,False,0.22041383385658264
2020-21,7,DEF,Ahmed El Mohamady,Aston Villa,Burnley,True,0.22041383385658264
2020-21,7,DEF,Bjorn Engels,Aston Villa,Burnley,True,0.22041383385658264
2020-21,7,DEF,Frédéric Guilbert,Aston Villa,Burnley,True,0.22041383385658264
2020-21,7,DEF,James Bree,Aston Villa,Burnley,True,0.22041383385658264
2020-21,7,DEF,Kortney Hause,Aston Villa,Burnley,True,0.22041383385658264
2020-21,7,DEF,Matt Targett,Aston Villa,Burnley,True,0.22041383385658264
2020-21,7,DEF,Matthew Cash,Aston Villa,Burnley,True,0.22041383385658264
2020-21,7,DEF,Neil Taylor,Aston Villa,Burnley,True,0.22041383385658264
2021-22,7,DEF,Ashley Young,Aston Villa,Burnley,True,0.22041383385658264
2021-22,7,DEF,Axel Tuanzebe,Aston Villa,Burnley,True,0.22041383385658264
2021-22,7,DEF,Björn Engels,Aston Villa,Burnley,True,0.22041383385658264
2021-22,7,DEF,Frédéric Guilbert,Aston Villa,Burnley,True,0.22041383385658264
2021-22,7,DEF,Kortney Hause,Aston Villa,Burnley,True,0.22041383385658264
2021-22,7,DEF,Matt Targett,Aston Villa,Burnley,True,0.22041383385658264
2021-22,7,DEF,Matthew Cash,Aston Villa,Burnley,True,0.22041383385658264
2022-23,7,DEF,Ashley Young,Aston Villa,Burnley,True,0.22041383385658264
2022-23,7,DEF,Calum Chambers,Aston Villa,Burnley,True,0.22041383385658264
2022-23,7,DEF,Diego Carlos Santos Silva,Aston Villa,Burnley,True,0.22041383385658264
2022-23,7,DEF,Frédéric Guilbert,Aston Villa,Burnley,True,0.22041383385658264
2022-23,7,DEF,Kaine Kesler Hayden,Aston Villa,Burnley,True,0.22041383385658264
2022-23,7,DEF,Kortney Hause,Aston Villa,Burnley,True,0.22041383385658264
2022-23,7,DEF,Ludwig Augustinsson,Aston Villa,Burnley,True,0.22041383385658264
2023-24,7,DEF,Alexandre Moreno Lopera,Aston Villa,Burnley,True,0.22041383385658264
2023-24,7,DEF,Calum Chambers,Aston Villa,Burnley,True,0.22041383385658264
2023-24,7,DEF,Clément Lenglet,Aston Villa,Burnley,True,0.22041383385658264
2023-24,7,DEF,Diego Carlos Santos Silva,Aston Villa,Burnley,True,0.22041383385658264
2023-24,7,DEF,Kortney Hause,Aston Villa,Burnley,True,0.22041383385658264
2024-25,7,DEF,Diego Carlos Santos Silva,Aston Villa,Burnley,True,0.22041383385658264
2024-25,7,DEF,Kaine Kesler-Hayden,Aston Villa,Burnley,True,0.22041383385658264
2024-25,7,DEF,Kortney Hause,Aston Villa,Burnley,True,0.22041383385658264
2024-25,7,DEF,Kosta Nedeljković,Aston Villa,Burnley,True,0.22041383385658264
2024-25,7,DEF,Lino da Cruz Sousa,Aston Villa,Burnley,True,0.22041383385658264
2024-25,7,DEF,Sil Swinkels,Aston Villa,Burnley,True,0.22041383385658264
2025-26,7,DEF,Andrés García,Aston Villa,Burnley,True,0.22041383385658264
2025-26,7,DEF,Lino da Cruz Sousa,Aston Villa,Burnley,True,0.22041383385658264
2025-26,7,DEF,Travis Patterson,Aston Villa,Burnley,True,0.22041383385658264
2025-26,7,DEF,Triston Rowe,Aston Villa,Burnley,True,0.22041383385658264
2025-26,7,DEF,Yasin Özcan,Aston Villa,Burnley,True,0.22041383385658264
2025-26,7,DEF,Álex Moreno Lopera,Aston Villa,Burnley,True,0.22041383385658264
2020-21,7,DEF,Anthony Driscoll-Glennon,Burnley,Aston Villa,False,0.22041383385658264
2020-21,7,DEF,Ben Gibson,Burnley,Aston Villa,False,0.22041383385658264
2020-21,7,DEF,Ben Mee,Burnley,Aston Villa,False,0.22041383385658264
2020-21,7,DEF,Bobby Thomas,Burnley,Aston Villa,False,0.22041383385658264
2020-21,7,DEF,Charlie Taylor,Burnley,Aston Villa,False,0.22041383385658264
2020-21,7,DEF,Erik Pieters,Burnley,Aston Villa,False,0.22041383385658264
2020-21,7,DEF,Jimmy Dunne,Burnley,Aston Villa,False,0.22041383385658264
2020-21,7,DEF,Kevin Long,Burnley,Aston Villa,False,0.22041383385658264
2020-21,7,DEF,Matthew Lowton,Burnley,Aston Villa,False,0.22041383385658264
2020-21,7,DEF,Phil Bardsley,Burnley,Aston Villa,False,0.22041383385658264
2021-22,7,DEF,Ben Mee,Burnley,Aston Villa,False,0.22041383385658264
2021-22,7,DEF,Bobby Thomas,Burnley,Aston Villa,False,0.22041383385658264
2021-22,7,DEF,Charlie Taylor,Burnley,Aston Villa,False,0.22041383385658264
2021-22,7,DEF,Connor Roberts,Burnley,Aston Villa,False,0.22041383385658264
2021-22,7,DEF,Erik Pieters,Burnley,Aston Villa,False,0.22041383385658264
2021-22,7,DEF,Kevin Long,Burnley,Aston Villa,False,0.22041383385658264
2021-22,7,DEF,Matthew Lowton,Burnley,Aston Villa,False,0.22041383385658264
2021-22,7,DEF,Owen Dodgson,Burnley,Aston Villa,False,0.22041383385658264
2021-22,7,DEF,Phil Bardsley,Burnley,Aston Villa,False,0.22041383385658264
2023-24,7,DEF,Ameen Al-Dakhil,Burnley,Aston Villa,False,0.22041383385658264
2023-24,7,DEF,Bobby Thomas,Burnley,Aston Villa,False,0.22041383385658264
2023-24,7,DEF,CJ Egan-Riley,Burnley,Aston Villa,False,0.22041383385658264
2023-24,7,DEF,Charlie Taylor,Burnley,Aston Villa,False,0.22041383385658264
2023-24,7,DEF,Connor Roberts,Burnley,Aston Villa,False,0.22041383385658264
2023-24,7,DEF,Dara O'Shea,Burnley,Aston Villa,False,0.22041383385658264
2023-24,7,DEF,Hannes Delcroix,Burnley,Aston Villa,False,0.22041383385658264
2023-24,7,DEF,Jordan Beyer,Burnley,Aston Villa,False,0.22041383385658264
2023-24,7,DEF,Luke McNally,Burnley,Aston Villa,False,0.22041383385658264
2023-24,7,DEF,Owen Dodgson,Burnley,Aston Villa,False,0.22041383385658264
2023-24,7,DEF,Victor da Silva,Burnley,Aston Villa,False,0.22041383385658264
2025-26,7,DEF,Axel Tuanzebe,Burnley,Aston Villa,False,0.22041383385658264
2025-26,7,DEF,Bashir Humphreys,Burnley,Aston Villa,False,0.22041383385658264
2025-26,7,DEF,Connor Roberts,Burnley,Aston Villa,False,0.22041383385658264
2025-26,7,DEF,Hannes Delcroix,Burnley,Aston Villa,False,0.22041383385658264
2025-26,7,DEF,Jordan Beyer,Burnley,Aston Villa,False,0.22041383385658264
2025-26,7,DEF,Lucas Pires Silva,Burnley,Aston Villa,False,0.22041383385658264
2025-26,7,DEF,Owen Dodgson,Burnley,Aston Villa,False,0.22041383385658264
2025-26,7,DEF,Shurandy Sambo,Burnley,Aston Villa,False,0.22041383385658264
2020-21,7,DEF,Jarrad Branthwaite,Everton,Crystal Palace,True,0.22041383385658264
2020-21,7,DEF,Jonjoe Kenny,Everton,Crystal Palace,True,0.22041383385658264
2020-21,7,DEF,Mason Holgate,Everton,Crystal Palace,True,0.22041383385658264
2020-21,7,DEF,Niels Nkounkou,Everton,Crystal Palace,True,0.22041383385658264
2020-21,7,DEF,Seamus Coleman,Everton,Crystal Palace,True,0.22041383385658264
2020-21,7,DEF,Yerry Mina,Everton,Crystal Palace,True,0.22041383385658264
2021-22,7,DEF,Ben Godfrey,Everton,Crystal Palace,True,0.22041383385658264
2021-22,7,DEF,Jarrad Branthwaite,Everton,Crystal Palace,True,0.22041383385658264
2021-22,7,DEF,Jonjoe Kenny,Everton,Crystal Palace,True,0.22041383385658264
2021-22,7,DEF,Mason Holgate,Everton,Crystal Palace,True,0.22041383385658264
2021-22,7,DEF,Niels Nkounkou,Everton,Crystal Palace,True,0.22041383385658264
2021-22,7,DEF,Seamus Coleman,Everton,Crystal Palace,True,0.22041383385658264
2021-22,7,DEF,Yerry Mina,Everton,Crystal Palace,True,0.22041383385658264
2022-23,7,DEF,Ben Godfrey,Everton,Crystal Palace,True,0.22041383385658264
2022-23,7,DEF,Conor Coady,Everton,Crystal Palace,True,0.22041383385658264
2022-23,7,DEF,Jarrad Branthwaite,Everton,Crystal Palace,True,0.22041383385658264
2022-23,7,DEF,Mason Holgate,Everton,Crystal Palace,True,0.22041383385658264
2022-23,7,DEF,Nathan Patterson,Everton,Crystal Palace,True,0.22041383385658264
2022-23,7,DEF,Niels Nkounkou,Everton,Crystal Palace,True,0.22041383385658264
2022-23,7,DEF,Rúben Nascimento Vinagre,Everton,Crystal Palace,True,0.22041383385658264
2022-23,7,DEF,Seamus Coleman,Everton,Crystal Palace,True,0.22041383385658264
2022-23,7,DEF,Yerry Mina,Everton,Crystal Palace,True,0.22041383385658264
2023-24,7,DEF,Ashley Young,Everton,Crystal Palace,True,0.22041383385658264
2023-24,7,DEF,Ben Godfrey,Everton,Crystal Palace,True,0.22041383385658264
2023-24,7,DEF,Jarrad Branthwaite,Everton,Crystal Palace,True,0.22041383385658264
2023-24,7,DEF,Mason Holgate,Everton,Crystal Palace,True,0.22041383385658264
2023-24,7,DEF,Nathan Patterson,Everton,Crystal Palace,True,0.22041383385658264
2023-24,7,DEF,Seamus Coleman,Everton,Crystal Palace,True,0.22041383385658264
2024-25,7,DEF,Ashley Young,Everton,Crystal Palace,True,0.22041383385658264
2024-25,7,DEF,Jarrad Branthwaite,Everton,Crystal Palace,True,0.22041383385658264
2024-25,7,DEF,Mason Holgate,Everton,Crystal Palace,True,0.22041383385658264
2024-25,7,DEF,Nathan Patterson,Everton,Crystal Palace,True,0.22041383385658264
2024-25,7,DEF,Roman Dixon,Everton,Crystal Palace,True,0.22041383385658264
2025-26,7,DEF,Adam Aznou,Everton,Crystal Palace,True,0.22041383385658264
2025-26,7,DEF,Elijah Campbell,Everton,Crystal Palace,True,0.22041383385658264
2025-26,7,DEF,Jarrad Branthwaite,Everton,Crystal Palace,True,0.22041383385658264
2025-26,7,DEF,Nathan Patterson,Everton,Crystal Palace,True,0.22041383385658264
2025-26,7,DEF,Reece Welch,Everton,Crystal Palace,True,0.22041383385658264
2025-26,7,DEF,Roman Dixon,Everton,Crystal Palace,True,0.22041383385658264
2020-21,7,DEF,Gary Cahill,Crystal Palace,Everton,False,0.22041383385658264
2020-21,7,DEF,James Tomkins,Crystal Palace,Everton,False,0.22041383385658264
2020-21,7,DEF,Joel Ward,Crystal Palace,Everton,False,0.22041383385658264
2020-21,7,DEF,Mamadou Sakho,Crystal Palace,Everton,False,0.22041383385658264
2020-21,7,DEF,Martin Kelly,Crystal Palace,Everton,False,0.22041383385658264
2020-21,7,DEF,Nathan Ferguson,Crystal Palace,Everton,False,0.22041383385658264
2020-21,7,DEF,Patrick van Aanholt,Crystal Palace,Everton,False,0.22041383385658264
2020-21,7,DEF,Ryan Inniss,Crystal Palace,Everton,False,0.22041383385658264
2020-21,7,DEF,Sam Woods,Crystal Palace,Everton,False,0.22041383385658264
2020-21,7,DEF,Scott Dann,Crystal Palace,Everton,False,0.22041383385658264
2021-22,7,DEF,Cheikhou Kouyaté,Crystal Palace,Everton,False,0.22041383385658264
2021-22,7,DEF,James Tomkins,Crystal Palace,Everton,False,0.22041383385658264
2021-22,7,DEF,Jarosław Jach,Crystal Palace,Everton,False,0.22041383385658264
2021-22,7,DEF,Joel Ward,Crystal Palace,Everton,False,0.22041383385658264
2021-22,7,DEF,Martin Kelly,Crystal Palace,Everton,False,0.22041383385658264
2021-22,7,DEF,Nathan Ferguson,Crystal Palace,Everton,False,0.22041383385658264
2021-22,7,DEF,Reece Hannam,Crystal Palace,Everton,False,0.22041383385658264
2022-23,7,DEF,James Tomkins,Crystal Palace,Everton,False,0.22041383385658264
2022-23,7,DEF,Joel Ward,Crystal Palace,Everton,False,0.22041383385658264
2022-23,7,DEF,Nathan Ferguson,Crystal Palace,Everton,False,0.22041383385658264
2023-24,7,DEF,James Tomkins,Crystal Palace,Everton,False,0.22041383385658264
2023-24,7,DEF,Joel Ward,Crystal Palace,Everton,False,0.22041383385658264
2024-25,7,DEF,Chadi Riad Dnanou,Crystal Palace,Everton,False,0.22041383385658264
2024-25,7,DEF,Daniel Muñoz,Crystal Palace,Everton,False,0.22041383385658264
2024-25,7,DEF,Joel Ward,Crystal Palace,Everton,False,0.22041383385658264
2024-25,7,DEF,Rob Holding,Crystal Palace,Everton,False,0.22041383385658264
2025-26,7,DEF,Borna Sosa,Crystal Palace,Everton,False,0.22041383385658264
2025-26,7,DEF,Caleb Kporha,Crystal Palace,Everton,False,0.22041383385658264
2025-26,7,DEF,Chadi Riad Dnanou,Crystal Palace,Everton,False,0.22041383385658264
2025-26,7,DEF,Jaydee Canvot,Crystal Palace,Everton,False,0.22041383385658264
2025-26,7,DEF,Rob Holding,Crystal Palace,Everton,False,0.22041383385658264
2020-21,7,DEF,Ciaran Clark,Newcastle,Nott'm Forest,True,0.22041383385658264
2020-21,7,DEF,DeAndre Yedlin,Newcastle,Nott'm Forest,True,0.22041383385658264
2020-21,7,DEF,Emil Krafth,Newcastle,Nott'm Forest,True,0.22041383385658264
2020-21,7,DEF,Federico Fernández,Newcastle,Nott'm Forest,True,0.22041383385658264
2020-21,7,DEF,Florian Lejeune,Newcastle,Nott'm Forest,True,0.22041383385658264
2020-21,7,DEF,Jamaal Lascelles,Newcastle,Nott'm Forest,True,0.22041383385658264
2020-21,7,DEF,Jamal Lewis,Newcastle,Nott'm Forest,True,0.22041383385658264
2020-21,7,DEF,Javier Manquillo,Newcastle,Nott'm Forest,True,0.22041383385658264
2020-21,7,DEF,Kelland Watts,Newcastle,Nott'm Forest,True,0.22041383385658264
2020-21,7,DEF,Paul Dummett,Newcastle,Nott'm Forest,True,0.22041383385658264
2021-22,7,DEF,Ciaran Clark,Newcastle,Nott'm Forest,True,0.22041383385658264
2021-22,7,DEF,Emil Krafth,Newcastle,Nott'm Forest,True,0.22041383385658264
2021-22,7,DEF,Federico Fernández,Newcastle,Nott'm Forest,True,0.22041383385658264
2021-22,7,DEF,Jamaal Lascelles,Newcastle,Nott'm Forest,True,0.22041383385658264
2021-22,7,DEF,Jamal Lewis,Newcastle,Nott'm Forest,True,0.22041383385658264
2021-22,7,DEF,Javier Manquillo,Newcastle,Nott'm Forest,True,0.22041383385658264
2021-22,7,DEF,Matt Ritchie,Newcastle,Nott'm Forest,True,0.22041383385658264
2021-22,7,DEF,Paul Dummett,Newcastle,Nott'm Forest,True,0.22041383385658264
2022-23,7,DEF,Ciaran Clark,Newcastle,Nott'm Forest,True,0.22041383385658264
2022-23,7,DEF,Emil Krafth,Newcastle,Nott'm Forest,True,0.22041383385658264
2022-23,7,DEF,Federico Fernández,Newcastle,Nott'm Forest,True,0.22041383385658264
2022-23,7,DEF,Jamaal Lascelles,Newcastle,Nott'm Forest,True,0.22041383385658264
2022-23,7,DEF,Jamal Lewis,Newcastle,Nott'm Forest,True,0.22041383385658264
2022-23,7,DEF,Javier Manquillo Gaitán,Newcastle,Nott'm Forest,True,0.22041383385658264
2022-23,7,DEF,Matt Ritchie,Newcastle,Nott'm Forest,True,0.22041383385658264
2022-23,7,DEF,Matt Targett,Newcastle,Nott'm Forest,True,0.22041383385658264
2022-23,7,DEF,Paul Dummett,Newcastle,Nott'm Forest,True,0.22041383385658264
2023-24,7,DEF,Alex Murphy,Newcastle,Nott'm Forest,True,0.22041383385658264
2023-24,7,DEF,Emil Krafth,Newcastle,Nott'm Forest,True,0.22041383385658264
2023-24,7,DEF,Harrison Ashby,Newcastle,Nott'm Forest,True,0.22041383385658264
2023-24,7,DEF,Jamaal Lascelles,Newcastle,Nott'm Forest,True,0.22041383385658264
2023-24,7,DEF,Jamal Lewis,Newcastle,Nott'm Forest,True,0.22041383385658264
2023-24,7,DEF,Javier Manquillo Gaitán,Newcastle,Nott'm Forest,True,0.22041383385658264
2023-24,7,DEF,Kell Watts,Newcastle,Nott'm Forest,True,0.22041383385658264
2023-24,7,DEF,Matt Targett,Newcastle,Nott'm Forest,True,0.22041383385658264
2023-24,7,DEF,Paul Dummett,Newcastle,Nott'm Forest,True,0.22041383385658264
2024-25,7,DEF,Alex Murphy,Newcastle,Nott'm Forest,True,0.22041383385658264
2024-25,7,DEF,Emil Krafth,Newcastle,Nott'm Forest,True,0.22041383385658264
2024-25,7,DEF,Jamaal Lascelles,Newcastle,Nott'm Forest,True,0.22041383385658264
2024-25,7,DEF,Jamal Lewis,Newcastle,Nott'm Forest,True,0.22041383385658264
2024-25,7,DEF,Lloyd Kelly,Newcastle,Nott'm Forest,True,0.22041383385658264
2024-25,7,DEF,Matt Targett,Newcastle,Nott'm Forest,True,0.22041383385658264
2024-25,7,DEF,Miodrag Pivaš,Newcastle,Nott'm Forest,True,0.22041383385658264
2025-26,7,DEF,Alex Murphy,Newcastle,Nott'm Forest,True,0.22041383385658264
2025-26,7,DEF,Emil Krafth,Newcastle,Nott'm Forest,True,0.22041383385658264
2025-26,7,DEF,Harrison Ashby,Newcastle,Nott'm Forest,True,0.22041383385658264
2025-26,7,DEF,Jamaal Lascelles,Newcastle,Nott'm Forest,True,0.22041383385658264
2025-26,7,DEF,Matt Targett,Newcastle,Nott'm Forest,True,0.22041383385658264
2025-26,7,DEF,Miodrag Pivaš,Newcastle,Nott'm Forest,True,0.22041383385658264
2022-23,7,DEF,Giulian Biancone,Nott'm Forest,Newcastle,False,0.22041383385658264
2022-23,7,DEF,Harry Toffolo,Nott'm Forest,Newcastle,False,0.22041383385658264
2022-23,7,DEF,Jonathan Panzo,Nott'm Forest,Newcastle,False,0.22041383385658264
2022-23,7,DEF,Loïc Mbe Soh,Nott'm Forest,Newcastle,False,0.22041383385658264
2022-23,7,DEF,Mohamed Dräger,Nott'm Forest,Newcastle,False,0.22041383385658264
2022-23,7,DEF,Moussa Niakhaté,Nott'm Forest,Newcastle,False,0.22041383385658264
2022-23,7,DEF,Omar Richards,Nott'm Forest,Newcastle,False,0.22041383385658264
2022-23,7,DEF,Richie Laryea,Nott'm Forest,Newcastle,False,0.22041383385658264
2022-23,7,DEF,Scott McKenna,Nott'm Forest,Newcastle,False,0.22041383385658264
2022-23,7,DEF,Steve Cook,Nott'm Forest,Newcastle,False,0.22041383385658264
2023-24,7,DEF,Felipe Augusto de Almeida Monteiro,Nott'm Forest,Newcastle,False,0.22041383385658264
2023-24,7,DEF,Giulian Biancone,Nott'm Forest,Newcastle,False,0.22041383385658264
2023-24,7,DEF,Gonzalo Montiel,Nott'm Forest,Newcastle,False,0.22041383385658264
2023-24,7,DEF,Harry Toffolo,Nott'm Forest,Newcastle,False,0.22041383385658264
2023-24,7,DEF,Jonathan Panzo,Nott'm Forest,Newcastle,False,0.22041383385658264
2023-24,7,DEF,Josh Powell,Nott'm Forest,Newcastle,False,0.22041383385658264
2023-24,7,DEF,Loïc Mbe Soh,Nott'm Forest,Newcastle,False,0.22041383385658264
2023-24,7,DEF,Mohamed Dräger,Nott'm Forest,Newcastle,False,0.22041383385658264
2023-24,7,DEF,Moussa Niakhaté,Nott'm Forest,Newcastle,False,0.22041383385658264
2023-24,7,DEF,Murillo Santiago Costa dos Santos,Nott'm Forest,Newcastle,False,0.22041383385658264
2023-24,7,DEF,Nuno Varela Tavares,Nott'm Forest,Newcastle,False,0.22041383385658264
2023-24,7,DEF,Olu Aina,Nott'm Forest,Newcastle,False,0.22041383385658264
2023-24,7,DEF,Omar Richards,Nott'm Forest,Newcastle,False,0.22041383385658264
2023-24,7,DEF,Richie Laryea,Nott'm Forest,Newcastle,False,0.22041383385658264
2023-24,7,DEF,Scott McKenna,Nott'm Forest,Newcastle,False,0.22041383385658264
2023-24,7,DEF,Serge Aurier,Nott'm Forest,Newcastle,False,0.22041383385658264
2023-24,7,DEF,Steve Cook,Nott'm Forest,Newcastle,False,0.22041383385658264
2023-24,7,DEF,Willy Boly,Nott'm Forest,Newcastle,False,0.22041383385658264
2024-25,7,DEF,Andrew Omobamidele,Nott'm Forest,Newcastle,False,0.22041383385658264
2024-25,7,DEF,Harry Toffolo,Nott'm Forest,Newcastle,False,0.22041383385658264
2024-25,7,DEF,Jonathan Panzo,Nott'm Forest,Newcastle,False,0.22041383385658264
2024-25,7,DEF,Murillo Santiago Costa dos Santos,Nott'm Forest,Newcastle,False,0.22041383385658264
2024-25,7,DEF,Omar Richards,Nott'm Forest,Newcastle,False,0.22041383385658264
2024-25,7,DEF,Willy Boly,Nott'm Forest,Newcastle,False,0.22041383385658264
2024-25,7,DEF,Álex Moreno Lopera,Nott'm Forest,Newcastle,False,0.22041383385658264
2025-26,7,DEF,David Mota Veiga Teixeira do Carmo,Nott'm Forest,Newcastle,False,0.22041383385658264
2025-26,7,DEF,Jair Paula da Cunha Filho,Nott'm Forest,Newcastle,False,0.22041383385658264
2025-26,7,DEF,Luis Eduardo Soares da Silva,Nott'm Forest,Newcastle,False,0.22041383385658264
2025-26,7,DEF,Oleksandr Zinchenko,Nott'm Forest,Newcastle,False,0.22041383385658264
2025-26,7,DEF,Omar Richards,Nott'm Forest,Newcastle,False,0.22041383385658264
2025-26,7,DEF,Willy Boly,Nott'm Forest,Newcastle,False,0.22041383385658264
2025-26,7,DEF,Zach Abbott,Nott'm Forest,Newcastle,False,0.22041383385658264
2020-21,7,DEF,Conor Coady,Wolves,Brighton,True,0.22041383385658264
2020-21,7,DEF,Fernando Marçal,Wolves,Brighton,True,0.22041383385658264
2020-21,7,DEF,Jonathan Castro Otto,Wolves,Brighton,True,0.22041383385658264
2020-21,7,DEF,Max Kilman,Wolves,Brighton,True,0.22041383385658264
2020-21,7,DEF,Nélson Cabral Semedo,Wolves,Brighton,True,0.22041383385658264
2020-21,7,DEF,Oskar Buur,Wolves,Brighton,True,0.22041383385658264
2020-21,7,DEF,Romain Saïss,Wolves,Brighton,True,0.22041383385658264
2020-21,7,DEF,Ryan Bennett,Wolves,Brighton,True,0.22041383385658264
2020-21,7,DEF,Rúben Gonçalo Silva Nascimento Vinagre,Wolves,Brighton,True,0.22041383385658264
2020-21,7,DEF,Willy Boly,Wolves,Brighton,True,0.22041383385658264
2021-22,7,DEF,Christian Marques,Wolves,Brighton,True,0.22041383385658264
2021-22,7,DEF,Conor Coady,Wolves,Brighton,True,0.22041383385658264
2021-22,7,DEF,Fernando Marçal,Wolves,Brighton,True,0.22041383385658264
2021-22,7,DEF,Jonathan Castro Otto,Wolves,Brighton,True,0.22041383385658264
2021-22,7,DEF,Max Kilman,Wolves,Brighton,True,0.22041383385658264
2021-22,7,DEF,Nélson Cabral Semedo,Wolves,Brighton,True,0.22041383385658264
2021-22,7,DEF,Rayan Ait Nouri,Wolves,Brighton,True,0.22041383385658264
2021-22,7,DEF,Romain Saïss,Wolves,Brighton,True,0.22041383385658264
2021-22,7,DEF,Willy Boly,Wolves,Brighton,True,0.22041383385658264
2022-23,7,DEF,Jonathan Castro Otto,Wolves,Brighton,True,0.22041383385658264
2022-23,7,DEF,Max Kilman,Wolves,Brighton,True,0.22041383385658264
2022-23,7,DEF,Nélson Cabral Semedo,Wolves,Brighton,True,0.22041383385658264
2022-23,7,DEF,Toti António Gomes,Wolves,Brighton,True,0.22041383385658264
2022-23,7,DEF,Willy Boly,Wolves,Brighton,True,0.22041383385658264
2023-24,7,DEF,Bendegúz Bolla,Wolves,Brighton,True,0.22041383385658264
2023-24,7,DEF,Craig Dawson,Wolves,Brighton,True,0.22041383385658264
2023-24,7,DEF,Jonathan Castro Otto,Wolves,Brighton,True,0.22041383385658264
2023-24,7,DEF,Max Kilman,Wolves,Brighton,True,0.22041383385658264
2023-24,7,DEF,Nélson Cabral Semedo,Wolves,Brighton,True,0.22041383385658264
2023-24,7,DEF,Santiago Bueno,Wolves,Brighton,True,0.22041383385658264
2023-24,7,DEF,Toti António Gomes,Wolves,Brighton,True,0.22041383385658264
2024-25,7,DEF,Bastien Meupiyou,Wolves,Brighton,True,0.22041383385658264
2024-25,7,DEF,Craig Dawson,Wolves,Brighton,True,0.22041383385658264
2024-25,7,DEF,Nélson Cabral Semedo,Wolves,Brighton,True,0.22041383385658264
2024-25,7,DEF,Pedro Cardoso de Lima,Wolves,Brighton,True,0.22041383385658264
2024-25,7,DEF,Santiago Bueno,Wolves,Brighton,True,0.22041383385658264
2024-25,7,DEF,Toti António Gomes,Wolves,Brighton,True,0.22041383385658264
2024-25,7,DEF,Yerson Mosquera,Wolves,Brighton,True,0.22041383385658264
2025-26,7,DEF,Alfie Pond,Wolves,Brighton,True,0.22041383385658264
2025-26,7,DEF,Bastien Meupiyou Menadjou,Wolves,Brighton,True,0.22041383385658264
2025-26,7,DEF,Pedro Cardoso de Lima,Wolves,Brighton,True,0.22041383385658264
2020-21,7,DEF,Adam Webster,Brighton,Wolves,False,0.22041383385658264
2020-21,7,DEF,Ben White,Brighton,Wolves,False,0.22041383385658264
2020-21,7,DEF,Bernardo Fernandes da Silva Junior,Brighton,Wolves,False,0.22041383385658264
2020-21,7,DEF,Martín Montoya,Brighton,Wolves,False,0.22041383385658264
2020-21,7,DEF,Matthew Clarke,Brighton,Wolves,False,0.22041383385658264
2020-21,7,DEF,Shane Duffy,Brighton,Wolves,False,0.22041383385658264
2020-21,7,DEF,Tariq Lamptey,Brighton,Wolves,False,0.22041383385658264
2021-22,7,DEF,Adam Webster,Brighton,Wolves,False,0.22041383385658264
2021-22,7,DEF,Bernardo Fernandes Da Silva Junior,Brighton,Wolves,False,0.22041383385658264
2021-22,7,DEF,Haydon Roberts,Brighton,Wolves,False,0.22041383385658264
2021-22,7,DEF,Marc Cucurella,Brighton,Wolves,False,0.22041383385658264
2021-22,7,DEF,Michal Karbownik,Brighton,Wolves,False,0.22041383385658264
2021-22,7,DEF,Shane Duffy,Brighton,Wolves,False,0.22041383385658264
2021-22,7,DEF,Tariq Lamptey,Brighton,Wolves,False,0.22041383385658264
2022-23,7,DEF,Adam Webster,Brighton,Wolves,False,0.22041383385658264
2022-23,7,DEF,Haydon Roberts,Brighton,Wolves,False,0.22041383385658264
2022-23,7,DEF,Levi Colwill,Brighton,Wolves,False,0.22041383385658264
2022-23,7,DEF,Matt Clarke,Brighton,Wolves,False,0.22041383385658264
2022-23,7,DEF,Pervis Estupiñán,Brighton,Wolves,False,0.22041383385658264
2022-23,7,DEF,Tariq Lamptey,Brighton,Wolves,False,0.22041383385658264
2023-24,7,DEF,Adam Webster,Brighton,Wolves,False,0.22041383385658264
2023-24,7,DEF,Igor Julio dos Santos de Paulo,Brighton,Wolves,False,0.22041383385658264
2023-24,7,DEF,Michał Karbownik,Brighton,Wolves,False,0.22041383385658264
2023-24,7,DEF,Pervis Estupiñán,Brighton,Wolves,False,0.22041383385658264
2023-24,7,DEF,Tariq Lamptey,Brighton,Wolves,False,0.22041383385658264
2024-25,7,DEF,Adam Webster,Brighton,Wolves,False,0.22041383385658264
2024-25,7,DEF,Ferdi Kadioglu,Brighton,Wolves,False,0.22041383385658264
2024-25,7,DEF,Igor Julio dos Santos de Paulo,Brighton,Wolves,False,0.22041383385658264
2024-25,7,DEF,Odeluga Offiah,Brighton,Wolves,False,0.22041383385658264
2024-25,7,DEF,Pervis Estupiñán,Brighton,Wolves,False,0.22041383385658264
2024-25,7,DEF,Tariq Lamptey,Brighton,Wolves,False,0.22041383385658264
2024-25,7,DEF,Valentín Barco,Brighton,Wolves,False,0.22041383385658264
2025-26,7,DEF,Adam Webster,Brighton,Wolves,False,0.22041383385658264
2025-26,7,DEF,Charlie Tasker,Brighton,Wolves,False,0.22041383385658264
2025-26,7,DEF,Eiran Cashin,Brighton,Wolves,False,0.22041383385658264
2025-26,7,DEF,Jacob Slater,Brighton,Wolves,False,0.22041383385658264
2025-26,7,DEF,Olivier Boscagli,Brighton,Wolves,False,0.22041383385658264
2025-26,7,DEF,Pervis Estupiñán Tenorio,Brighton,Wolves,False,0.22041383385658264
2025-26,7,DEF,Tariq Lamptey,Brighton,Wolves,False,0.22041383385658264
2021-22,7,DEF,Charlie Goode,Brentford,Man City,True,0.22041383385658264
2021-22,7,DEF,Dominic Thompson,Brentford,Man City,True,0.22041383385658264
2021-22,7,DEF,Finley Stevens,Brentford,Man City,True,0.22041383385658264
2021-22,7,DEF,Mads Bech Sørensen,Brentford,Man City,True,0.22041383385658264
2021-22,7,DEF,Mads Roerslev Rasmussen,Brentford,Man City,True,0.22041383385658264
2021-22,7,DEF,Mathias Jorgensen,Brentford,Man City,True,0.22041383385658264
2021-22,7,DEF,Pontus Jansson,Brentford,Man City,True,0.22041383385658264
2022-23,7,DEF,Ben Mee,Brentford,Man City,True,0.22041383385658264
2022-23,7,DEF,Charlie Goode,Brentford,Man City,True,0.22041383385658264
2022-23,7,DEF,Dominic Thompson,Brentford,Man City,True,0.22041383385658264
2022-23,7,DEF,Fin Stevens,Brentford,Man City,True,0.22041383385658264
2022-23,7,DEF,Mads Bech Sørensen,Brentford,Man City,True,0.22041383385658264
2022-23,7,DEF,Mads Roerslev Rasmussen,Brentford,Man City,True,0.22041383385658264
2022-23,7,DEF,Mathias Jorgensen,Brentford,Man City,True,0.22041383385658264
2022-23,7,DEF,Pontus Jansson,Brentford,Man City,True,0.22041383385658264
2022-23,7,DEF,Sergi Canós Tenés,Brentford,Man City,True,0.22041383385658264
2023-24,7,DEF,Ben Mee,Brentford,Man City,True,0.22041383385658264
2023-24,7,DEF,Charlie Goode,Brentford,Man City,True,0.22041383385658264
2023-24,7,DEF,Mads Bech Sørensen,Brentford,Man City,True,0.22041383385658264
2023-24,7,DEF,Mads Roerslev Rasmussen,Brentford,Man City,True,0.22041383385658264
2023-24,7,DEF,Mathias Jorgensen,Brentford,Man City,True,0.22041383385658264
2024-25,7,DEF,Ben Mee,Brentford,Man City,True,0.22041383385658264
2024-25,7,DEF,Jayden Meghoma,Brentford,Man City,True,0.22041383385658264
2024-25,7,DEF,Kim Ji-soo,Brentford,Man City,True,0.22041383385658264
2024-25,7,DEF,Mads Roerslev Rasmussen,Brentford,Man City,True,0.22041383385658264
2024-25,7,DEF,Mathias Jorgensen,Brentford,Man City,True,0.22041383385658264
2025-26,7,DEF,Benjamin Arthur,Brentford,Man City,True,0.22041383385658264
2025-26,7,DEF,Benjamin Fredrick,Brentford,Man City,True,0.22041383385658264
2025-26,7,DEF,Jayden Meghoma,Brentford,Man City,True,0.22041383385658264
2025-26,7,DEF,Kim Ji-soo,Brentford,Man City,True,0.22041383385658264
2025-26,7,DEF,Mads Roerslev Rasmussen,Brentford,Man City,True,0.22041383385658264
2020-21,7,DEF,Aymeric Laporte,Man City,Brentford,False,0.22041383385658264
2020-21,7,DEF,Benjamin Mendy,Man City,Brentford,False,0.22041383385658264
2020-21,7,DEF,Eric Garcia,Man City,Brentford,False,0.22041383385658264
2020-21,7,DEF,Fernando Luiz Rosa,Man City,Brentford,False,0.22041383385658264
2020-21,7,DEF,João Pedro Cavaco Cancelo,Man City,Brentford,False,0.22041383385658264
2020-21,7,DEF,Nicolás Otamendi,Man City,Brentford,False,0.22041383385658264
2020-21,7,DEF,Oleksandr Zinchenko,Man City,Brentford,False,0.22041383385658264
2020-21,7,DEF,Rúben Santos Gato Alves Dias,Man City,Brentford,False,0.22041383385658264
2021-22,7,DEF,Aymeric Laporte,Man City,Brentford,False,0.22041383385658264
2021-22,7,DEF,Benjamin Mendy,Man City,Brentford,False,0.22041383385658264
2021-22,7,DEF,João Pedro Cavaco Cancelo,Man City,Brentford,False,0.22041383385658264
2021-22,7,DEF,Oleksandr Zinchenko,Man City,Brentford,False,0.22041383385658264
2021-22,7,DEF,Rúben Santos Gato Alves Dias,Man City,Brentford,False,0.22041383385658264
2022-23,7,DEF,Aymeric Laporte,Man City,Brentford,False,0.22041383385658264
2022-23,7,DEF,Josh Wilson-Esbrand,Man City,Brentford,False,0.22041383385658264
2022-23,7,DEF,João Cancelo,Man City,Brentford,False,0.22041383385658264
2022-23,7,DEF,Luke Mbete-Tabu,Man City,Brentford,False,0.22041383385658264
2022-23,7,DEF,Rúben Gato Alves Dias,Man City,Brentford,False,0.22041383385658264
2022-23,7,DEF,Sergio Gómez,Man City,Brentford,False,0.22041383385658264
2023-24,7,DEF,Aymeric Laporte,Man City,Brentford,False,0.22041383385658264
2023-24,7,DEF,João Cancelo,Man City,Brentford,False,0.22041383385658264
2023-24,7,DEF,Manuel Akanji,Man City,Brentford,False,0.22041383385658264
2023-24,7,DEF,Rúben Gato Alves Dias,Man City,Brentford,False,0.22041383385658264
2023-24,7,DEF,Sergio Gómez,Man City,Brentford,False,0.22041383385658264
2024-25,7,DEF,Issa Kaboré,Man City,Brentford,False,0.22041383385658264
2024-25,7,DEF,João Cavaco Cancelo,Man City,Brentford,False,0.22041383385658264
2024-25,7,DEF,Manuel Akanji,Man City,Brentford,False,0.22041383385658264
2024-25,7,DEF,Rúben Gato Alves Dias,Man City,Brentford,False,0.22041383385658264
2025-26,7,DEF,Manuel Akanji,Man City,Brentford,False,0.22041383385658264
2025-26,7,DEF,Stephen Mfuni,Man City,Brentford,False,0.22041383385658264
2025-26,7,DEF,Vitor de Oliveira Nunes dos Reis,Man City,Brentford,False,0.22041383385658264
2025-26,7,FWD,João Pedro Junqueira de Jesus,Chelsea,Liverpool,True,5.160099983215332
2025-26,7,FWD,Hugo Ekitiké,Liverpool,Chelsea,False,5.160099983215332
2023-24,7,FWD,João Pedro Junqueira de Jesus,Brighton,Wolves,False,5.160099983215332
2024-25,7,FWD,João Pedro Junqueira de Jesus,Brighton,Wolves,False,5.160099983215332
2023-24,7,FWD,Antoine Semenyo,Bournemouth,Fulham,True,4.855108261108398
2023-24,7,FWD,Cody Gakpo,Liverpool,Chelsea,False,4.785904407501221
2024-25,7,FWD,Cody Gakpo,Liverpool,Chelsea,False,4.785904407501221
2025-26,7,FWD,Viktor Gyökeres,Arsenal,West Ham,True,4.775884628295898
2024-25,7,FWD,Francisco Evanilson de Lima Barbosa,Bournemouth,Fulham,True,4.745624542236328
2025-26,7,FWD,Francisco Evanilson de Lima Barbosa,Bournemouth,Fulham,True,4.745624542236328
2022-23,7,FWD,Erling Haaland,Man City,Brentford,False,4.724143028259277
2023-24,7,FWD,Erling Haaland,Man City,Brentford,False,4.724143028259277
2024-25,7,FWD,Erling Haaland,Man City,Brentford,False,4.724143028259277
2025-26,7,FWD,Erling Haaland,Man City,Brentford,False,4.724143028259277
2023-24,7,FWD,Norberto Bercique Gomes Betuncal,Everton,Crystal Palace,True,4.719915866851807
2024-25,7,FWD,Norberto Bercique Gomes Betuncal,Everton,Crystal Palace,True,4.719915866851807
2025-26,7,FWD,Norberto Bercique Gomes Betuncal,Everton,Crystal Palace,True,4.719915866851807
2025-26,7,FWD,Jarrod Bowen,West Ham,Arsenal,False,4.715856552124023
2024-25,7,FWD,Iliman Ndiaye,Everton,Crystal Palace,True,4.689028739929199
2024-25,7,FWD,Igor Thiago Nascimento Rodrigues,Brentford,Man City,True,4.669155120849609
2025-26,7,FWD,Igor Thiago Nascimento Rodrigues,Brentford,Man City,True,4.669155120849609
2023-24,7,FWD,Lyle Foster,Burnley,Aston Villa,False,4.603066444396973
2025-26,7,FWD,Lyle Foster,Burnley,Aston Villa,False,4.603066444396973
2022-23,7,FWD,Bryan Mbeumo,Brentford,Man City,True,4.588174819946289
2025-26,7,FWD,Wilson Isidor,Sunderland,Man Utd,False,4.552223205566406
2020-21,7,FWD,Chris Wood,Burnley,Aston Villa,False,4.539376735687256
2021-22,7,FWD,Chris Wood,Burnley,Aston Villa,False,4.539376735687256
2022-23,7,FWD,Chris Wood,Newcastle,Nott'm Forest,True,4.539376735687256
2023-24,7,FWD,Chris Wood,Nott'm Forest,Newcastle,False,4.539376735687256
2024-25,7,FWD,Chris Wood,Nott'm Forest,Newcastle,False,4.539376735687256
2025-26,7,FWD,Chris Wood,Nott'm Forest,Newcastle,False,4.539376735687256
2022-23,7,FWD,Rodrigo Muniz Carvalho,Fulham,Bournemouth,False,4.504249095916748
2023-24,7,FWD,Rodrigo Muniz Carvalho,Fulham,Bournemouth,False,4.504249095916748
2024-25,7,FWD,Rodrigo Muniz Carvalho,Fulham,Bournemouth,False,4.504249095916748
2025-26,7,FWD,Rodrigo Muniz Carvalho,Fulham,Bournemouth,False,4.504249095916748
2025-26,7,FWD,Nick Woltemade,Newcastle,Nott'm Forest,True,4.454502105712891
2021-22,7,FWD,Jean-Philippe Mateta,Crystal Palace,Everton,False,4.449581146240234
2022-23,7,FWD,Jean-Philippe Mateta,Crystal Palace,Everton,False,4.449581146240234
2023-24,7,FWD,Jean-Philippe Mateta,Crystal Palace,Everton,False,4.449581146240234
2024-25,7,FWD,Jean-Philippe Mateta,Crystal Palace,Everton,False,4.449581146240234
2025-26,7,FWD,Jean-Philippe Mateta,Crystal Palace,Everton,False,4.449581146240234
2022-23,7,FWD,Richarlison de Andrade,Spurs,Leeds,False,4.392989158630371
2024-25,7,FWD,Richarlison de Andrade,Spurs,Leeds,False,4.392989158630371
2025-26,7,FWD,Richarlison de Andrade,Spurs,Leeds,False,4.392989158630371
2020-21,7,FWD,Richarlison de Andrade,Everton,Crystal Palace,True,4.392989158630371
2021-22,7,FWD,Richarlison de Andrade,Everton,Crystal Palace,True,4.392989158630371
2025-26,7,FWD,Callum Wilson,West Ham,Arsenal,False,4.332472801208496
2020-21,7,FWD,Callum Wilson,Newcastle,Nott'm Forest,True,4.332472801208496
2021-22,7,FWD,Callum Wilson,Newcastle,Nott'm Forest,True,4.332472801208496
2022-23,7,FWD,Callum Wilson,Newcastle,Nott'm Forest,True,4.332472801208496
2023-24,7,FWD,Callum Wilson,Newcastle,Nott'm Forest,True,4.332472801208496
2024-25,7,FWD,Callum Wilson,Newcastle,Nott'm Forest,True,4.332472801208496
2024-25,7,FWD,William Osula,Newcastle,Nott'm Forest,True,4.175156116485596
2025-26,7,FWD,William Osula,Newcastle,Nott'm Forest,True,4.175156116485596
2020-21,7,FWD,Ollie Watkins,Aston Villa,Burnley,True,4.101414203643799
2021-22,7,FWD,Ollie Watkins,Aston Villa,Burnley,True,4.101414203643799
2022-23,7,FWD,Ollie Watkins,Aston Villa,Burnley,True,4.101414203643799
2023-24,7,FWD,Ollie Watkins,Aston Villa,Burnley,True,4.101414203643799
2024-25,7,FWD,Ollie Watkins,Aston Villa,Burnley,True,4.101414203643799
2025-26,7,FWD,Ollie Watkins,Aston Villa,Burnley,True,4.101414203643799
2025-26,7,FWD,Lukas Nmecha,Leeds,Spurs,True,3.8994345664978027
2020-21,7,FWD,Joelinton Cássio Apolinário de Lira,Newcastle,Nott'm Forest,True,3.676380157470703
2021-22,7,FWD,Joelinton Cássio Apolinário de Lira,Newcastle,Nott'm Forest,True,3.676380157470703
2022-23,7,FWD,Brennan Johnson,Nott'm Forest,Newcastle,False,3.6001687049865723
2025-26,7,FWD,Dominic Calvert-Lewin,Leeds,Spurs,True,3.3263115882873535
2020-21,7,FWD,Dominic Calvert-Lewin,Everton,Crystal Palace,True,3.3263115882873535
2021-22,7,FWD,Dominic Calvert-Lewin,Everton,Crystal Palace,True,3.3263115882873535
2022-23,7,FWD,Dominic Calvert-Lewin,Everton,Crystal Palace,True,3.3263115882873535
2023-24,7,FWD,Dominic Calvert-Lewin,Everton,Crystal Palace,True,3.3263115882873535
2024-25,7,FWD,Dominic Calvert-Lewin,Everton,Crystal Palace,True,3.3263115882873535
2021-22,7,FWD,Danny Welbeck,Brighton,Wolves,False,3.2583956718444824
2022-23,7,FWD,Danny Welbeck,Brighton,Wolves,False,3.2583956718444824
2023-24,7,FWD,Danny Welbeck,Brighton,Wolves,False,3.2583956718444824
2024-25,7,FWD,Danny Welbeck,Brighton,Wolves,False,3.2583956718444824
2025-26,7,FWD,Danny Welbeck,Brighton,Wolves,False,3.2583956718444824
2025-26,7,FWD,Eliezer Mayenda Dossou,Sunderland,Man Utd,False,3.1648035049438477
2025-26,7,FWD,Benjamin Sesko,Man Utd,Sunderland,True,2.9954347610473633
2025-26,7,FWD,Tolu Arokodare,Wolves,Brighton,True,2.5919299125671387
2024-25,7,FWD,Niclas Füllkrug,West Ham,Arsenal,False,2.5219571590423584
2025-26,7,FWD,Niclas Füllkrug,West Ham,Arsenal,False,2.5219571590423584
2025-26,7,FWD,Thierno Barry,Everton,Crystal Palace,True,2.4754629135131836
2025-26,7,FWD,Arnaud Kalimuendo,Nott'm Forest,Newcastle,False,2.4043126106262207
2024-25,7,FWD,Jørgen Strand Larsen,Wolves,Brighton,True,2.2820935249328613
2025-26,7,FWD,Jørgen Strand Larsen,Wolves,Brighton,True,2.2820935249328613
2024-25,7,FWD,Joshua Zirkzee,Man Utd,Sunderland,True,2.2282536029815674
2025-26,7,FWD,Joshua Zirkzee,Man Utd,Sunderland,True,2.2282536029815674
2025-26,7,FWD,Joël Piroe,Leeds,Spurs,True,1.9976534843444824
2025-26,7,FWD,Brian Brobbey,Sunderland,Man Utd,False,1.983506202697754
2025-26,7,FWD,Stefanos Tzimas,Brighton,Wolves,False,1.8680380582809448
2025-26,7,FWD,Liam Delap,Chelsea,Liverpool,True,1.8035210371017456
2020-21,7,FWD,Liam Delap,Man City,Brentford,False,1.8035210371017456
2022-23,7,FWD,Liam Delap,Man City,Brentford,False,1.8035210371017456
2025-26,7,FWD,Raúl Jiménez Rodríguez,Fulham,Bournemouth,False,1.7805347442626953
2025-26,7,FWD,Christantus Uche,Crystal Palace,Everton,False,1.7594313621520996
2025-26,7,FWD,Igor Jesus Maciel da Cruz,Nott'm Forest,Newcastle,False,1.3995933532714844
2025-26,7,FWD,Zian Flemming,Burnley,Aston Villa,False,1.2323328256607056
2022-23,7,FWD,Armando Broja,Chelsea,Liverpool,True,1.201696753501892
2023-24,7,FWD,Armando Broja,Chelsea,Liverpool,True,1.201696753501892
2025-26,7,FWD,Armando Broja,Burnley,Aston Villa,False,1.201696753501892
2024-25,7,FWD,Armando Broja,Everton,Crystal Palace,True,1.201696753501892
2024-25,7,FWD,Dominic Solanke-Mitchell,Spurs,Leeds,False,1.17979896068573
2025-26,7,FWD,Dominic Solanke-Mitchell,Spurs,Leeds,False,1.17979896068573
2024-25,7,FWD,Marc Guiu Paz,Chelsea,Liverpool,True,1.1346837282180786
2025-26,7,FWD,Marc Guiu Paz,Chelsea,Liverpool,True,1.1346837282180786
2024-25,7,FWD,Saša Kalajdžić,Wolves,Brighton,True,1.0635006427764893
2025-26,7,FWD,Saša Kalajdžić,Wolves,Brighton,True,1.0635006427764893
2025-26,7,FWD,Eli Junior Kroupi,Bournemouth,Fulham,True,1.0282827615737915
2024-25,7,FWD,Kai Havertz,Arsenal,West Ham,True,0.9136067628860474
2025-26,7,FWD,Kai Havertz,Arsenal,West Ham,True,0.9136067628860474
2022-23,7,FWD,Kai Havertz,Chelsea,Liverpool,True,0.9136067628860474
2025-26,7,FWD,Odsonne Édouard,Crystal Palace,Everton,False,0.780492901802063
2022-23,7,FWD,Christian Saydee,Bournemouth,Fulham,True,0.5200166702270508
2022-23,7,FWD,Dominic Solanke,Bournemouth,Fulham,True,0.5200166702270508
2022-23,7,FWD,Kieffer Moore,Bournemouth,Fulham,True,0.5200166702270508
2023-24,7,FWD,Dominic Solanke,Bournemouth,Fulham,True,0.5200166702270508
2023-24,7,FWD,Kieffer Moore,Bournemouth,Fulham,True,0.5200166702270508
2024-25,7,FWD,Daniel Jebbison,Bournemouth,Fulham,True,0.5200166702270508
2024-25,7,FWD,Enes Ünal,Bournemouth,Fulham,True,0.5200166702270508
2025-26,7,FWD,Daniel Adu-Adjei,Bournemouth,Fulham,True,0.5200166702270508
2025-26,7,FWD,Enes Ünal,Bournemouth,Fulham,True,0.5200166702270508
2020-21,7,FWD,Aleksandar Mitrović,Fulham,Bournemouth,False,0.5200166702270508
2020-21,7,FWD,Bobby Decordova-Reid,Fulham,Bournemouth,False,0.5200166702270508
2022-23,7,FWD,Aleksandar Mitrović,Fulham,Bournemouth,False,0.5200166702270508
2022-23,7,FWD,Jay Stansfield,Fulham,Bournemouth,False,0.5200166702270508
2022-23,7,FWD,Terry Ablade,Fulham,Bournemouth,False,0.5200166702270508
2023-24,7,FWD,Aleksandar Mitrović,Fulham,Bournemouth,False,0.5200166702270508
2023-24,7,FWD,Carlos Vinícius Alves Morais,Fulham,Bournemouth,False,0.5200166702270508
2023-24,7,FWD,Jay Stansfield,Fulham,Bournemouth,False,0.5200166702270508
2023-24,7,FWD,Raúl Jiménez,Fulham,Bournemouth,False,0.5200166702270508
2024-25,7,FWD,Carlos Vinícius Alves Morais,Fulham,Bournemouth,False,0.5200166702270508
2024-25,7,FWD,Jay Stansfield,Fulham,Bournemouth,False,0.5200166702270508
2024-25,7,FWD,Raúl Jiménez,Fulham,Bournemouth,False,0.5200166702270508
2025-26,7,FWD,Jonah Kusi-Asare,Fulham,Bournemouth,False,0.5200166702270508
2020-21,7,FWD,Patrick Bamford,Leeds,Spurs,True,0.5200166702270508
2020-21,7,FWD,Rodrigo Moreno,Leeds,Spurs,True,0.5200166702270508
2021-22,7,FWD,Joe Gelhardt,Leeds,Spurs,True,0.5200166702270508
2021-22,7,FWD,Patrick Bamford,Leeds,Spurs,True,0.5200166702270508
2021-22,7,FWD,Rodrigo Moreno,Leeds,Spurs,True,0.5200166702270508
2021-22,7,FWD,Sam Greenwood,Leeds,Spurs,True,0.5200166702270508
2022-23,7,FWD,Joe Gelhardt,Leeds,Spurs,True,0.5200166702270508
2022-23,7,FWD,Patrick Bamford,Leeds,Spurs,True,0.5200166702270508
2022-23,7,FWD,Sam Greenwood,Leeds,Spurs,True,0.5200166702270508
2025-26,7,FWD,Mateo Joseph Fernández-Regatillo,Leeds,Spurs,True,0.5200166702270508
2025-26,7,FWD,Patrick Bamford,Leeds,Spurs,True,0.5200166702270508
2020-21,7,FWD,Harry Kane,Spurs,Leeds,False,0.5200166702270508
2021-22,7,FWD,Dane Scarlett,Spurs,Leeds,False,0.5200166702270508
2021-22,7,FWD,Harry Kane,Spurs,Leeds,False,0.5200166702270508
2022-23,7,FWD,Dane Scarlett,Spurs,Leeds,False,0.5200166702270508
2022-23,7,FWD,Harry Kane,Spurs,Leeds,False,0.5200166702270508
2022-23,7,FWD,Troy Parrott,Spurs,Leeds,False,0.5200166702270508
2023-24,7,FWD,Alejo Véliz,Spurs,Leeds,False,0.5200166702270508
2023-24,7,FWD,Dane Scarlett,Spurs,Leeds,False,0.5200166702270508
2023-24,7,FWD,Harry Kane,Spurs,Leeds,False,0.5200166702270508
2024-25,7,FWD,Alejo Véliz,Spurs,Leeds,False,0.5200166702270508
2024-25,7,FWD,Dane Scarlett,Spurs,Leeds,False,0.5200166702270508
2024-25,7,FWD,Will Lankshear,Spurs,Leeds,False,0.5200166702270508
2025-26,7,FWD,Dane Scarlett,Spurs,Leeds,False,0.5200166702270508
2025-26,7,FWD,Randal Kolo Muani,Spurs,Leeds,False,0.5200166702270508
2025-26,7,FWD,Will Lankshear,Spurs,Leeds,False,0.5200166702270508
2020-21,7,FWD,Alexandre Lacazette,Arsenal,West Ham,True,0.5200166702270508
2020-21,7,FWD,Edward Nketiah,Arsenal,West Ham,True,0.5200166702270508
2021-22,7,FWD,Alexandre Lacazette,Arsenal,West Ham,True,0.5200166702270508
2021-22,7,FWD,Edward Nketiah,Arsenal,West Ham,True,0.5200166702270508
2021-22,7,FWD,Folarin Balogun,Arsenal,West Ham,True,0.5200166702270508
2021-22,7,FWD,Pierre-Emerick Aubameyang,Arsenal,West Ham,True,0.5200166702270508
2022-23,7,FWD,Eddie Nketiah,Arsenal,West Ham,True,0.5200166702270508
2022-23,7,FWD,Gabriel Fernando de Jesus,Arsenal,West Ham,True,0.5200166702270508
2023-24,7,FWD,Eddie Nketiah,Arsenal,West Ham,True,0.5200166702270508
2023-24,7,FWD,Folarin Balogun,Arsenal,West Ham,True,0.5200166702270508
2023-24,7,FWD,Gabriel Fernando de Jesus,Arsenal,West Ham,True,0.5200166702270508
2024-25,7,FWD,Gabriel Fernando de Jesus,Arsenal,West Ham,True,0.5200166702270508
2025-26,7,FWD,Gabriel Fernando de Jesus,Arsenal,West Ham,True,0.5200166702270508
2020-21,7,FWD,Albian Ajeti,West Ham,Arsenal,False,0.5200166702270508
2020-21,7,FWD,Jordan Hugill,West Ham,Arsenal,False,0.5200166702270508
2020-21,7,FWD,Michail Antonio,West Ham,Arsenal,False,0.5200166702270508
2020-21,7,FWD,Sébastien Haller,West Ham,Arsenal,False,0.5200166702270508
2021-22,7,FWD,Michail Antonio,West Ham,Arsenal,False,0.5200166702270508
2022-23,7,FWD,Gianluca Scamacca,West Ham,Arsenal,False,0.5200166702270508
2022-23,7,FWD,Michail Antonio,West Ham,Arsenal,False,0.5200166702270508
2023-24,7,FWD,Danny Ings,West Ham,Arsenal,False,0.5200166702270508
2023-24,7,FWD,Divin Mubama,West Ham,Arsenal,False,0.5200166702270508
2023-24,7,FWD,Gianluca Scamacca,West Ham,Arsenal,False,0.5200166702270508
2023-24,7,FWD,Michail Antonio,West Ham,Arsenal,False,0.5200166702270508
2024-25,7,FWD,Danny Ings,West Ham,Arsenal,False,0.5200166702270508
2024-25,7,FWD,Michail Antonio,West Ham,Arsenal,False,0.5200166702270508
2025-26,7,FWD,Callum Marshall,West Ham,Arsenal,False,0.5200166702270508
2020-21,7,FWD,Anthony Martial,Man Utd,Sunderland,True,0.5200166702270508
2020-21,7,FWD,Odion Ighalo,Man Utd,Sunderland,True,0.5200166702270508
2021-22,7,FWD,Anthony Martial,Man Utd,Sunderland,True,0.5200166702270508
2021-22,7,FWD,Cristiano Ronaldo dos Santos Aveiro,Man Utd,Sunderland,True,0.5200166702270508
2021-22,7,FWD,Edinson Cavani,Man Utd,Sunderland,True,0.5200166702270508
2022-23,7,FWD,Anthony Martial,Man Utd,Sunderland,True,0.5200166702270508
2022-23,7,FWD,Cristiano Ronaldo dos Santos Aveiro,Man Utd,Sunderland,True,0.5200166702270508
2023-24,7,FWD,Anthony Martial,Man Utd,Sunderland,True,0.5200166702270508
2023-24,7,FWD,Rasmus Højlund,Man Utd,Sunderland,True,0.5200166702270508
2023-24,7,FWD,Shola Shoretire,Man Utd,Sunderland,True,0.5200166702270508
2024-25,7,FWD,Ethan Wheatley,Man Utd,Sunderland,True,0.5200166702270508
2024-25,7,FWD,Rasmus Højlund,Man Utd,Sunderland,True,0.5200166702270508
2025-26,7,FWD,Chido Obi,Man Utd,Sunderland,True,0.5200166702270508
2025-26,7,FWD,Ethan Wheatley,Man Utd,Sunderland,True,0.5200166702270508
2025-26,7,FWD,Rasmus Højlund,Man Utd,Sunderland,True,0.5200166702270508
2025-26,7,FWD,Ahmed Abdullahi,Sunderland,Man Utd,False,0.5200166702270508
2025-26,7,FWD,Luís Hemir Silva Semedo,Sunderland,Man Utd,False,0.5200166702270508
2025-26,7,FWD,Nazarii Rusyn,Sunderland,Man Utd,False,0.5200166702270508
2020-21,7,FWD,Olivier Giroud,Chelsea,Liverpool,True,0.5200166702270508
2020-21,7,FWD,Tammy Abraham,Chelsea,Liverpool,True,0.5200166702270508
2020-21,7,FWD,Timo Werner,Chelsea,Liverpool,True,0.5200166702270508
2021-22,7,FWD,Michy Batshuayi,Chelsea,Liverpool,True,0.5200166702270508
2021-22,7,FWD,Olivier Giroud,Chelsea,Liverpool,True,0.5200166702270508
2021-22,7,FWD,Romelu Lukaku,Chelsea,Liverpool,True,0.5200166702270508
2021-22,7,FWD,Tammy Abraham,Chelsea,Liverpool,True,0.5200166702270508
2021-22,7,FWD,Timo Werner,Chelsea,Liverpool,True,0.5200166702270508
2022-23,7,FWD,Timo Werner,Chelsea,Liverpool,True,0.5200166702270508
2023-24,7,FWD,Christopher Nkunku,Chelsea,Liverpool,True,0.5200166702270508
2023-24,7,FWD,David Datro Fofana,Chelsea,Liverpool,True,0.5200166702270508
2023-24,7,FWD,Deivid Washington de Souza Eugênio,Chelsea,Liverpool,True,0.5200166702270508
2023-24,7,FWD,Mason Burstow,Chelsea,Liverpool,True,0.5200166702270508
2023-24,7,FWD,Nicolas Jackson,Chelsea,Liverpool,True,0.5200166702270508
2023-24,7,FWD,Pierre-Emerick Aubameyang,Chelsea,Liverpool,True,0.5200166702270508
2023-24,7,FWD,Romelu Lukaku Bolingoli,Chelsea,Liverpool,True,0.5200166702270508
2024-25,7,FWD,David Datro Fofana,Chelsea,Liverpool,True,0.5200166702270508
2024-25,7,FWD,Deivid Washington de Souza Eugênio,Chelsea,Liverpool,True,0.5200166702270508
2024-25,7,FWD,Nicolas Jackson,Chelsea,Liverpool,True,0.5200166702270508
2024-25,7,FWD,Romelu Lukaku Bolingoli,Chelsea,Liverpool,True,0.5200166702270508
2025-26,7,FWD,Nicolas Jackson,Chelsea,Liverpool,True,0.5200166702270508
2020-21,7,FWD,Divock Origi,Liverpool,Chelsea,False,0.5200166702270508
2020-21,7,FWD,Roberto Firmino,Liverpool,Chelsea,False,0.5200166702270508
2021-22,7,FWD,Divock Origi,Liverpool,Chelsea,False,0.5200166702270508
2021-22,7,FWD,Roberto Firmino,Liverpool,Chelsea,False,0.5200166702270508
2022-23,7,FWD,Darwin Núñez Ribeiro,Liverpool,Chelsea,False,0.5200166702270508
2022-23,7,FWD,Diogo Teixeira da Silva,Liverpool,Chelsea,False,0.5200166702270508
2022-23,7,FWD,Roberto Firmino,Liverpool,Chelsea,False,0.5200166702270508
2023-24,7,FWD,Darwin Núñez Ribeiro,Liverpool,Chelsea,False,0.5200166702270508
2024-25,7,FWD,Darwin Núñez Ribeiro,Liverpool,Chelsea,False,0.5200166702270508
2025-26,7,FWD,Alexander Isak,Liverpool,Chelsea,False,0.5200166702270508
2025-26,7,FWD,Darwin Núñez Ribeiro,Liverpool,Chelsea,False,0.5200166702270508
2025-26,7,FWD,Jayden Danns,Liverpool,Chelsea,False,0.5200166702270508
2020-21,7,FWD,Indiana Vassilev,Aston Villa,Burnley,True,0.5200166702270508
2020-21,7,FWD,Keinan Davis,Aston Villa,Burnley,True,0.5200166702270508
2020-21,7,FWD,Mbwana Samatta,Aston Villa,Burnley,True,0.5200166702270508
2020-21,7,FWD,Wesley Moraes,Aston Villa,Burnley,True,0.5200166702270508
2021-22,7,FWD,Cameron Archer,Aston Villa,Burnley,True,0.5200166702270508
2021-22,7,FWD,Danny Ings,Aston Villa,Burnley,True,0.5200166702270508
2021-22,7,FWD,Keinan Davis,Aston Villa,Burnley,True,0.5200166702270508
2021-22,7,FWD,Mbwana Ally Samatta,Aston Villa,Burnley,True,0.5200166702270508
2021-22,7,FWD,Wesley Moraes,Aston Villa,Burnley,True,0.5200166702270508
2022-23,7,FWD,Cameron Archer,Aston Villa,Burnley,True,0.5200166702270508
2022-23,7,FWD,Danny Ings,Aston Villa,Burnley,True,0.5200166702270508
2022-23,7,FWD,Keinan Davis,Aston Villa,Burnley,True,0.5200166702270508
2023-24,7,FWD,Jhon Durán,Aston Villa,Burnley,True,0.5200166702270508
2023-24,7,FWD,Keinan Davis,Aston Villa,Burnley,True,0.5200166702270508
2023-24,7,FWD,Wesley Moraes Ferreira da Silva,Aston Villa,Burnley,True,0.5200166702270508
2024-25,7,FWD,Jhon Durán,Aston Villa,Burnley,True,0.5200166702270508
2025-26,7,FWD,Zépiqueno Redmond,Aston Villa,Burnley,True,0.5200166702270508
2020-21,7,FWD,Ashley Barnes,Burnley,Aston Villa,False,0.5200166702270508
2020-21,7,FWD,Jay Rodriguez,Burnley,Aston Villa,False,0.5200166702270508
2020-21,7,FWD,Matej Vydra,Burnley,Aston Villa,False,0.5200166702270508
2021-22,7,FWD,Ashley Barnes,Burnley,Aston Villa,False,0.5200166702270508
2021-22,7,FWD,Jay Rodriguez,Burnley,Aston Villa,False,0.5200166702270508
2021-22,7,FWD,Lewis Richardson,Burnley,Aston Villa,False,0.5200166702270508
2021-22,7,FWD,Matej Vydra,Burnley,Aston Villa,False,0.5200166702270508
2023-24,7,FWD,Jay Rodriguez,Burnley,Aston Villa,False,0.5200166702270508
2023-24,7,FWD,Michael Obafemi,Burnley,Aston Villa,False,0.5200166702270508
2023-24,7,FWD,Wout Weghorst,Burnley,Aston Villa,False,0.5200166702270508
2023-24,7,FWD,Zeki Amdouni,Burnley,Aston Villa,False,0.5200166702270508
2025-26,7,FWD,Ashley Barnes,Burnley,Aston Villa,False,0.5200166702270508
2025-26,7,FWD,Michael Obafemi,Burnley,Aston Villa,False,0.5200166702270508
2025-26,7,FWD,Zeki Amdouni,Burnley,Aston Villa,False,0.5200166702270508
2020-21,7,FWD,Cenk Tosun,Everton,Crystal Palace,True,0.5200166702270508
2020-21,7,FWD,Moise Kean,Everton,Crystal Palace,True,0.5200166702270508
2021-22,7,FWD,Moise Kean,Everton,Crystal Palace,True,0.5200166702270508
2021-22,7,FWD,Nathan Broadhead,Everton,Crystal Palace,True,0.5200166702270508
2021-22,7,FWD,Salomón Rondón,Everton,Crystal Palace,True,0.5200166702270508
2022-23,7,FWD,Neal Maupay,Everton,Crystal Palace,True,0.5200166702270508
2022-23,7,FWD,Salomón Rondón,Everton,Crystal Palace,True,0.5200166702270508
2023-24,7,FWD,Ellis Simms,Everton,Crystal Palace,True,0.5200166702270508
2023-24,7,FWD,Neal Maupay,Everton,Crystal Palace,True,0.5200166702270508
2023-24,7,FWD,Thomas Cannon,Everton,Crystal Palace,True,0.5200166702270508
2023-24,7,FWD,Youssef Ramalho Chermiti,Everton,Crystal Palace,True,0.5200166702270508
2024-25,7,FWD,Neal Maupay,Everton,Crystal Palace,True,0.5200166702270508
2024-25,7,FWD,Youssef Ramalho Chermiti,Everton,Crystal Palace,True,0.5200166702270508
2025-26,7,FWD,Martin Sherif,Everton,Crystal Palace,True,0.5200166702270508
2025-26,7,FWD,Youssef Ramalho Chermiti,Everton,Crystal Palace,True,0.5200166702270508
2020-21,7,FWD,Christian Benteke,Crystal Palace,Everton,False,0.5200166702270508
2020-21,7,FWD,Connor Wickham,Crystal Palace,Everton,False,0.5200166702270508
2020-21,7,FWD,Jordan Ayew,Crystal Palace,Everton,False,0.5200166702270508
2020-21,7,FWD,Michy Batshuayi,Crystal Palace,Everton,False,0.5200166702270508
2021-22,7,FWD,Christian Benteke,Crystal Palace,Everton,False,0.5200166702270508
2021-22,7,FWD,Jordan Ayew,Crystal Palace,Everton,False,0.5200166702270508
2021-22,7,FWD,Odsonne Edouard,Crystal Palace,Everton,False,0.5200166702270508
2021-22,7,FWD,Robert Street,Crystal Palace,Everton,False,0.5200166702270508
2022-23,7,FWD,Christian Benteke,Crystal Palace,Everton,False,0.5200166702270508
2022-23,7,FWD,Luke Plange,Crystal Palace,Everton,False,0.5200166702270508
2022-23,7,FWD,Odsonne Edouard,Crystal Palace,Everton,False,0.5200166702270508
2023-24,7,FWD,John-Kymani Gordon,Crystal Palace,Everton,False,0.5200166702270508
2023-24,7,FWD,Luke Plange,Crystal Palace,Everton,False,0.5200166702270508
2023-24,7,FWD,Odsonne Edouard,Crystal Palace,Everton,False,0.5200166702270508
2024-25,7,FWD,Eddie Nketiah,Crystal Palace,Everton,False,0.5200166702270508
2025-26,7,FWD,Eddie Nketiah,Crystal Palace,Everton,False,0.5200166702270508
2025-26,7,FWD,Zach Marsh,Crystal Palace,Everton,False,0.5200166702270508
2020-21,7,FWD,Andy Carroll,Newcastle,Nott'm Forest,True,0.5200166702270508
2020-21,7,FWD,Dwight Gayle,Newcastle,Nott'm Forest,True,0.5200166702270508
2020-21,7,FWD,Yoshinori Muto,Newcastle,Nott'm Forest,True,0.5200166702270508
2021-22,7,FWD,Allan Saint-Maximin,Newcastle,Nott'm Forest,True,0.5200166702270508
2021-22,7,FWD,Dwight Gayle,Newcastle,Nott'm Forest,True,0.5200166702270508
2022-23,7,FWD,Alexander Isak,Newcastle,Nott'm Forest,True,0.5200166702270508
2022-23,7,FWD,Dwight Gayle,Newcastle,Nott'm Forest,True,0.5200166702270508
2023-24,7,FWD,Alexander Isak,Newcastle,Nott'm Forest,True,0.5200166702270508
2024-25,7,FWD,Alexander Isak,Newcastle,Nott'm Forest,True,0.5200166702270508
2025-26,7,FWD,Sean Neave,Newcastle,Nott'm Forest,True,0.5200166702270508
2025-26,7,FWD,Yoane Wissa,Newcastle,Nott'm Forest,True,0.5200166702270508
2022-23,7,FWD,Emmanuel Dennis,Nott'm Forest,Newcastle,False,0.5200166702270508
2022-23,7,FWD,Lyle Taylor,Nott'm Forest,Newcastle,False,0.5200166702270508
2022-23,7,FWD,Sam Surridge,Nott'm Forest,Newcastle,False,0.5200166702270508
2022-23,7,FWD,Taiwo Awoniyi,Nott'm Forest,Newcastle,False,0.5200166702270508
2023-24,7,FWD,Emmanuel Dennis,Nott'm Forest,Newcastle,False,0.5200166702270508
2023-24,7,FWD,Hwang Ui-jo,Nott'm Forest,Newcastle,False,0.5200166702270508
2023-24,7,FWD,Sam Surridge,Nott'm Forest,Newcastle,False,0.5200166702270508
2023-24,7,FWD,Taiwo Awoniyi,Nott'm Forest,Newcastle,False,0.5200166702270508
2024-25,7,FWD,Emmanuel Dennis,Nott'm Forest,Newcastle,False,0.5200166702270508
2024-25,7,FWD,Hwang Ui-jo,Nott'm Forest,Newcastle,False,0.5200166702270508
2024-25,7,FWD,Taiwo Awoniyi,Nott'm Forest,Newcastle,False,0.5200166702270508
2025-26,7,FWD,Taiwo Awoniyi,Nott'm Forest,Newcastle,False,0.5200166702270508
2020-21,7,FWD,Fabio Silva,Wolves,Brighton,True,0.5200166702270508
2020-21,7,FWD,Leonardo Campana,Wolves,Brighton,True,0.5200166702270508
2020-21,7,FWD,Léo Bonatini,Wolves,Brighton,True,0.5200166702270508
2020-21,7,FWD,Raúl Jiménez,Wolves,Brighton,True,0.5200166702270508
2021-22,7,FWD,Fabio Silva,Wolves,Brighton,True,0.5200166702270508
2021-22,7,FWD,Hee-Chan Hwang,Wolves,Brighton,True,0.5200166702270508
2021-22,7,FWD,Patrick Cutrone,Wolves,Brighton,True,0.5200166702270508
2021-22,7,FWD,Raúl Jiménez,Wolves,Brighton,True,0.5200166702270508
2022-23,7,FWD,Fabio Silva,Wolves,Brighton,True,0.5200166702270508
2022-23,7,FWD,Raúl Jiménez,Wolves,Brighton,True,0.5200166702270508
2023-24,7,FWD,Fábio Silva,Wolves,Brighton,True,0.5200166702270508
2023-24,7,FWD,Matheus Santos Carneiro Da Cunha,Wolves,Brighton,True,0.5200166702270508
2023-24,7,FWD,Nathan Fraser,Wolves,Brighton,True,0.5200166702270508
2023-24,7,FWD,Sasa Kalajdzic,Wolves,Brighton,True,0.5200166702270508
2024-25,7,FWD,Fábio Silva,Wolves,Brighton,True,0.5200166702270508
2024-25,7,FWD,Leon Chiwome,Wolves,Brighton,True,0.5200166702270508
2024-25,7,FWD,Matheus Santos Carneiro Da Cunha,Wolves,Brighton,True,0.5200166702270508
2024-25,7,FWD,Nathan Fraser,Wolves,Brighton,True,0.5200166702270508
2025-26,7,FWD,Fábio Soares Silva,Wolves,Brighton,True,0.5200166702270508
2025-26,7,FWD,Leon Chiwome,Wolves,Brighton,True,0.5200166702270508
2025-26,7,FWD,Nathan Fraser,Wolves,Brighton,True,0.5200166702270508
2020-21,7,FWD,Aaron Connolly,Brighton,Wolves,False,0.5200166702270508
2020-21,7,FWD,Florin Andone,Brighton,Wolves,False,0.5200166702270508
2020-21,7,FWD,Glenn Murray,Brighton,Wolves,False,0.5200166702270508
2020-21,7,FWD,Neal Maupay,Brighton,Wolves,False,0.5200166702270508
2021-22,7,FWD,Aaron Connolly,Brighton,Wolves,False,0.5200166702270508
2021-22,7,FWD,Andi Zeqiri,Brighton,Wolves,False,0.5200166702270508
2021-22,7,FWD,Florin Andone,Brighton,Wolves,False,0.5200166702270508
2021-22,7,FWD,Jürgen Locadia,Brighton,Wolves,False,0.5200166702270508
2021-22,7,FWD,Neal Maupay,Brighton,Wolves,False,0.5200166702270508
2022-23,7,FWD,Deniz Undav,Brighton,Wolves,False,0.5200166702270508
2022-23,7,FWD,Evan Ferguson,Brighton,Wolves,False,0.5200166702270508
2022-23,7,FWD,Julio Enciso,Brighton,Wolves,False,0.5200166702270508
2023-24,7,FWD,Aaron Connolly,Brighton,Wolves,False,0.5200166702270508
2023-24,7,FWD,Andi Zeqiri,Brighton,Wolves,False,0.5200166702270508
2023-24,7,FWD,Deniz Undav,Brighton,Wolves,False,0.5200166702270508
2023-24,7,FWD,Evan Ferguson,Brighton,Wolves,False,0.5200166702270508
2024-25,7,FWD,Deniz Undav,Brighton,Wolves,False,0.5200166702270508
2024-25,7,FWD,Evan Ferguson,Brighton,Wolves,False,0.5200166702270508
2024-25,7,FWD,Mark O’Mahony,Brighton,Wolves,False,0.5200166702270508
2025-26,7,FWD,Charalampos Kostoulas,Brighton,Wolves,False,0.5200166702270508
2025-26,7,FWD,Evan Ferguson,Brighton,Wolves,False,0.5200166702270508
2021-22,7,FWD,Halil Dervişoğlu,Brentford,Man City,True,0.5200166702270508
2021-22,7,FWD,Ivan Toney,Brentford,Man City,True,0.5200166702270508
2021-22,7,FWD,Marcus Forss,Brentford,Man City,True,0.5200166702270508
2022-23,7,FWD,Halil Dervişoğlu,Brentford,Man City,True,0.5200166702270508
2022-23,7,FWD,Ivan Toney,Brentford,Man City,True,0.5200166702270508
2022-23,7,FWD,Marcus Forss,Brentford,Man City,True,0.5200166702270508
2023-24,7,FWD,Halil Dervişoğlu,Brentford,Man City,True,0.5200166702270508
2023-24,7,FWD,Ivan Toney,Brentford,Man City,True,0.5200166702270508
2023-24,7,FWD,Yoane Wissa,Brentford,Man City,True,0.5200166702270508
2024-25,7,FWD,Ivan Toney,Brentford,Man City,True,0.5200166702270508
2024-25,7,FWD,Yoane Wissa,Brentford,Man City,True,0.5200166702270508
2025-26,7,FWD,Iwan Morgan,Brentford,Man City,True,0.5200166702270508
2020-21,7,FWD,Gabriel Fernando de Jesus,Man City,Brentford,False,0.5200166702270508
2020-21,7,FWD,Sergio Agüero,Man City,Brentford,False,0.5200166702270508
2021-22,7,FWD,Gabriel Fernando de Jesus,Man City,Brentford,False,0.5200166702270508
2022-23,7,FWD,Julián Álvarez,Man City,Brentford,False,0.5200166702270508
2023-24,7,FWD,Julián Álvarez,Man City,Brentford,False,0.5200166702270508
2024-25,7,FWD,Julián Álvarez,Man City,Brentford,False,0.5200166702270508
2025-26,7,GK,David Raya Martín,Arsenal,West Ham,True,3.356140375137329
2024-25,7,GK,Matz Sels,Nott'm Forest,Newcastle,False,3.3399200439453125
2025-26,7,GK,Matz Sels,Nott'm Forest,Newcastle,False,3.3399200439453125
2025-26,7,GK,Caoimhín Kelleher,Brentford,Man City,True,3.3151063919067383
2020-21,7,GK,Dean Henderson,Man Utd,Sunderland,True,3.2779167890548706
2021-22,7,GK,Dean Henderson,Man Utd,Sunderland,True,3.2779167890548706
2023-24,7,GK,Dean Henderson,Crystal Palace,Everton,False,3.2779167890548706
2024-25,7,GK,Dean Henderson,Crystal Palace,Everton,False,3.2779167890548706
2025-26,7,GK,Dean Henderson,Crystal Palace,Everton,False,3.2779167890548706
2022-23,7,GK,Dean Henderson,Nott'm Forest,Newcastle,False,3.2779167890548706
2025-26,7,GK,Robin Roefs,Sunderland,Man Utd,False,3.2769598960876465
2023-24,7,GK,Bart Verbruggen,Brighton,Wolves,False,3.22134268283844
2024-25,7,GK,Bart Verbruggen,Brighton,Wolves,False,3.22134268283844
2025-26,7,GK,Bart Verbruggen,Brighton,Wolves,False,3.22134268283844
2025-26,7,GK,Altay Bayındır,Man Utd,Sunderland,True,3.213817596435547
2020-21,7,GK,Nick Pope,Burnley,Aston Villa,False,3.1925253868103027
2021-22,7,GK,Nick Pope,Burnley,Aston Villa,False,3.1925253868103027
2022-23,7,GK,Nick Pope,Newcastle,Nott'm Forest,True,3.1925253868103027
2023-24,7,GK,Nick Pope,Newcastle,Nott'm Forest,True,3.1925253868103027
2024-25,7,GK,Nick Pope,Newcastle,Nott'm Forest,True,3.1925253868103027
2025-26,7,GK,Nick Pope,Newcastle,Nott'm Forest,True,3.1925253868103027
2025-26,7,GK,Đorđe Petrović,Bournemouth,Fulham,True,3.1902652978897095
2024-25,7,GK,Đorđe Petrović,Chelsea,Liverpool,True,3.1902652978897095
2025-26,7,GK,Robert Lynch Sánchez,Chelsea,Liverpool,True,3.1703494787216187
2025-26,7,GK,Martin Dúbravka,Burnley,Aston Villa,False,3.1703494787216187
2024-25,7,GK,Martin Dúbravka,Newcastle,Nott'm Forest,True,3.1703494787216187
2020-21,7,GK,Jordan Pickford,Everton,Crystal Palace,True,3.1427501440048218
2021-22,7,GK,Jordan Pickford,Everton,Crystal Palace,True,3.1427501440048218
2022-23,7,GK,Jordan Pickford,Everton,Crystal Palace,True,3.1427501440048218
2023-24,7,GK,Jordan Pickford,Everton,Crystal Palace,True,3.1427501440048218
2024-25,7,GK,Jordan Pickford,Everton,Crystal Palace,True,3.1427501440048218
2025-26,7,GK,Jordan Pickford,Everton,Crystal Palace,True,3.1427501440048218
2023-24,7,GK,Guglielmo Vicario,Spurs,Leeds,False,3.1318812370300293
2024-25,7,GK,Guglielmo Vicario,Spurs,Leeds,False,3.1318812370300293
2025-26,7,GK,Guglielmo Vicario,Spurs,Leeds,False,3.1318812370300293
2022-23,7,GK,Bernd Leno,Fulham,Bournemouth,False,3.126219868659973
2023-24,7,GK,Bernd Leno,Fulham,Bournemouth,False,3.126219868659973
2024-25,7,GK,Bernd Leno,Fulham,Bournemouth,False,3.126219868659973
2025-26,7,GK,Bernd Leno,Fulham,Bournemouth,False,3.126219868659973
2020-21,7,GK,Bernd Leno,Arsenal,West Ham,True,3.126219868659973
2021-22,7,GK,Bernd Leno,Arsenal,West Ham,True,3.126219868659973
2025-26,7,GK,Mads Hermansen,West Ham,Arsenal,False,3.090672492980957
2025-26,7,GK,Alisson Becker,Liverpool,Chelsea,False,3.006312847137451
2022-23,7,GK,Emiliano Martínez Romero,Aston Villa,Burnley,True,3.0010552406311035
2023-24,7,GK,Emiliano Martínez Romero,Aston Villa,Burnley,True,3.0010552406311035
2024-25,7,GK,Emiliano Martínez Romero,Aston Villa,Burnley,True,3.0010552406311035
2025-26,7,GK,Emiliano Martínez Romero,Aston Villa,Burnley,True,3.0010552406311035
2022-23,7,GK,Sam Johnstone,Crystal Palace,Everton,False,2.998065948486328
2023-24,7,GK,Sam Johnstone,Crystal Palace,Everton,False,2.998065948486328
2024-25,7,GK,Sam Johnstone,Wolves,Brighton,True,2.998065948486328
2025-26,7,GK,Sam Johnstone,Wolves,Brighton,True,2.998065948486328
2025-26,7,GK,Gianluigi Donnarumma,Man City,Brentford,False,2.982698678970337
2025-26,7,GK,Marco Bizot,Aston Villa,Burnley,True,2.9712873697280884
2025-26,7,GK,Karl Darlow,Leeds,Spurs,True,2.7809841632843018
2020-21,7,GK,Karl Darlow,Newcastle,Nott'm Forest,True,2.7809841632843018
2021-22,7,GK,Karl Darlow,Newcastle,Nott'm Forest,True,2.7809841632843018
2022-23,7,GK,Karl Darlow,Newcastle,Nott'm Forest,True,2.7809841632843018
2023-24,7,GK,Karl Darlow,Newcastle,Nott'm Forest,True,2.7809841632843018
2021-22,7,GK,José Malheiro de Sá,Wolves,Brighton,True,2.708912968635559
2022-23,7,GK,José Malheiro de Sá,Wolves,Brighton,True,2.708912968635559
2023-24,7,GK,José Malheiro de Sá,Wolves,Brighton,True,2.708912968635559
2024-25,7,GK,José Malheiro de Sá,Wolves,Brighton,True,2.708912968635559
2025-26,7,GK,José Malheiro de Sá,Wolves,Brighton,True,2.708912968635559
2023-24,7,GK,James Trafford,Burnley,Aston Villa,False,2.5813944339752197
2025-26,7,GK,James Trafford,Man City,Brentford,False,2.5813944339752197
2025-26,7,GK,Lucas Estella Perri,Leeds,Spurs,True,2.532919406890869
2022-23,7,GK,Mark Travers,Bournemouth,Fulham,True,0.1579965054988861
2022-23,7,GK,Norberto Murara Neto,Bournemouth,Fulham,True,0.1579965054988861
2022-23,7,GK,Will Dennis,Bournemouth,Fulham,True,0.1579965054988861
2023-24,7,GK,Darren Randolph,Bournemouth,Fulham,True,0.1579965054988861
2023-24,7,GK,Ionuț Radu,Bournemouth,Fulham,True,0.1579965054988861
2023-24,7,GK,Mark Travers,Bournemouth,Fulham,True,0.1579965054988861
2023-24,7,GK,Norberto Murara Neto,Bournemouth,Fulham,True,0.1579965054988861
2024-25,7,GK,Alex Paulsen,Bournemouth,Fulham,True,0.1579965054988861
2024-25,7,GK,Kepa Arrizabalaga,Bournemouth,Fulham,True,0.1579965054988861
2024-25,7,GK,Mark Travers,Bournemouth,Fulham,True,0.1579965054988861
2024-25,7,GK,Will Dennis,Bournemouth,Fulham,True,0.1579965054988861
2025-26,7,GK,Alex Paulsen,Bournemouth,Fulham,True,0.1579965054988861
2025-26,7,GK,Callan McKenna,Bournemouth,Fulham,True,0.1579965054988861
2025-26,7,GK,Norberto Murara Neto,Bournemouth,Fulham,True,0.1579965054988861
2025-26,7,GK,Will Dennis,Bournemouth,Fulham,True,0.1579965054988861
2020-21,7,GK,Alphonse Areola,Fulham,Bournemouth,False,0.1579965054988861
2020-21,7,GK,Fabricio Agosto Ramírez,Fulham,Bournemouth,False,0.1579965054988861
2020-21,7,GK,Marcus Bettinelli,Fulham,Bournemouth,False,0.1579965054988861
2020-21,7,GK,Marek Rodák,Fulham,Bournemouth,False,0.1579965054988861
2022-23,7,GK,Marek Rodák,Fulham,Bournemouth,False,0.1579965054988861
2022-23,7,GK,Paulo Gazzaniga Farias,Fulham,Bournemouth,False,0.1579965054988861
2023-24,7,GK,Marek Rodák,Fulham,Bournemouth,False,0.1579965054988861
2023-24,7,GK,Steven Benda,Fulham,Bournemouth,False,0.1579965054988861
2024-25,7,GK,Steven Benda,Fulham,Bournemouth,False,0.1579965054988861
2025-26,7,GK,Benjamin Lecomte,Fulham,Bournemouth,False,0.1579965054988861
2025-26,7,GK,Steven Benda,Fulham,Bournemouth,False,0.1579965054988861
2020-21,7,GK,Elia Caprile,Leeds,Spurs,True,0.1579965054988861
2020-21,7,GK,Francisco Casilla Cortés,Leeds,Spurs,True,0.1579965054988861
2020-21,7,GK,Illan Meslier,Leeds,Spurs,True,0.1579965054988861
2020-21,7,GK,Kamil Miazek,Leeds,Spurs,True,0.1579965054988861
2021-22,7,GK,Francisco Casilla Cortés,Leeds,Spurs,True,0.1579965054988861
2021-22,7,GK,Illan Meslier,Leeds,Spurs,True,0.1579965054988861
2021-22,7,GK,Kristoffer Klaesson,Leeds,Spurs,True,0.1579965054988861
2022-23,7,GK,Illan Meslier,Leeds,Spurs,True,0.1579965054988861
2022-23,7,GK,Joel Robles,Leeds,Spurs,True,0.1579965054988861
2022-23,7,GK,Kristoffer Klaesson,Leeds,Spurs,True,0.1579965054988861
2025-26,7,GK,Alex Cairns,Leeds,Spurs,True,0.1579965054988861
2025-26,7,GK,Illan Meslier,Leeds,Spurs,True,0.1579965054988861
2020-21,7,GK,Hugo Lloris,Spurs,Leeds,False,0.1579965054988861
2020-21,7,GK,Joe Hart,Spurs,Leeds,False,0.1579965054988861
2020-21,7,GK,Paulo Gazzaniga,Spurs,Leeds,False,0.1579965054988861
2021-22,7,GK,Hugo Lloris,Spurs,Leeds,False,0.1579965054988861
2021-22,7,GK,Joe Hart,Spurs,Leeds,False,0.1579965054988861
2021-22,7,GK,Pierluigi Gollini,Spurs,Leeds,False,0.1579965054988861
2022-23,7,GK,Brandon Austin,Spurs,Leeds,False,0.1579965054988861
2022-23,7,GK,Fraser Forster,Spurs,Leeds,False,0.1579965054988861
2022-23,7,GK,Hugo Lloris,Spurs,Leeds,False,0.1579965054988861
2023-24,7,GK,Alfie Whiteman,Spurs,Leeds,False,0.1579965054988861
2023-24,7,GK,Brandon Austin,Spurs,Leeds,False,0.1579965054988861
2023-24,7,GK,Fraser Forster,Spurs,Leeds,False,0.1579965054988861
2023-24,7,GK,Hugo Lloris,Spurs,Leeds,False,0.1579965054988861
2024-25,7,GK,Alfie Whiteman,Spurs,Leeds,False,0.1579965054988861
2024-25,7,GK,Brandon Austin,Spurs,Leeds,False,0.1579965054988861
2024-25,7,GK,Fraser Forster,Spurs,Leeds,False,0.1579965054988861
2025-26,7,GK,Antonín Kinský,Spurs,Leeds,False,0.1579965054988861
2025-26,7,GK,Brandon Austin,Spurs,Leeds,False,0.1579965054988861
2020-21,7,GK,Matt Macey,Arsenal,West Ham,True,0.1579965054988861
2020-21,7,GK,Rúnar Alex Rúnarsson,Arsenal,West Ham,True,0.1579965054988861
2021-22,7,GK,Aaron Ramsdale,Arsenal,West Ham,True,0.1579965054988861
2021-22,7,GK,Arthur Okonkwo,Arsenal,West Ham,True,0.1579965054988861
2021-22,7,GK,Karl Hein,Arsenal,West Ham,True,0.1579965054988861
2021-22,7,GK,Rúnar Alex Rúnarsson,Arsenal,West Ham,True,0.1579965054988861
2022-23,7,GK,Aaron Ramsdale,Arsenal,West Ham,True,0.1579965054988861
2022-23,7,GK,Matt Turner,Arsenal,West Ham,True,0.1579965054988861
2023-24,7,GK,Aaron Ramsdale,Arsenal,West Ham,True,0.1579965054988861
2023-24,7,GK,David Raya Martin,Arsenal,West Ham,True,0.1579965054988861
2023-24,7,GK,Karl Hein,Arsenal,West Ham,True,0.1579965054988861
2023-24,7,GK,Rúnar Alex Rúnarsson,Arsenal,West Ham,True,0.1579965054988861
2024-25,7,GK,David Raya Martin,Arsenal,West Ham,True,0.1579965054988861
2024-25,7,GK,Karl Hein,Arsenal,West Ham,True,0.1579965054988861
2024-25,7,GK,Norberto Murara Neto,Arsenal,West Ham,True,0.1579965054988861
2024-25,7,GK,Tommy Setford,Arsenal,West Ham,True,0.1579965054988861
2025-26,7,GK,Karl Hein,Arsenal,West Ham,True,0.1579965054988861
2025-26,7,GK,Kepa Arrizabalaga Revuelta,Arsenal,West Ham,True,0.1579965054988861
2025-26,7,GK,Tommy Setford,Arsenal,West Ham,True,0.1579965054988861
2020-21,7,GK,Darren Randolph,West Ham,Arsenal,False,0.1579965054988861
2020-21,7,GK,David Martin,West Ham,Arsenal,False,0.1579965054988861
2020-21,7,GK,Lukasz Fabianski,West Ham,Arsenal,False,0.1579965054988861
2020-21,7,GK,Roberto Jimenez Gago,West Ham,Arsenal,False,0.1579965054988861
2021-22,7,GK,Alphonse Areola,West Ham,Arsenal,False,0.1579965054988861
2021-22,7,GK,Darren Randolph,West Ham,Arsenal,False,0.1579965054988861
2021-22,7,GK,Lukasz Fabianski,West Ham,Arsenal,False,0.1579965054988861
2022-23,7,GK,Alphonse Areola,West Ham,Arsenal,False,0.1579965054988861
2022-23,7,GK,Darren Randolph,West Ham,Arsenal,False,0.1579965054988861
2022-23,7,GK,Lukasz Fabianski,West Ham,Arsenal,False,0.1579965054988861
2023-24,7,GK,Alphonse Areola,West Ham,Arsenal,False,0.1579965054988861
2023-24,7,GK,Joseph Anang,West Ham,Arsenal,False,0.1579965054988861
2023-24,7,GK,Lukasz Fabianski,West Ham,Arsenal,False,0.1579965054988861
2024-25,7,GK,Alphonse Areola,West Ham,Arsenal,False,0.1579965054988861
2024-25,7,GK,Wes Foderingham,West Ham,Arsenal,False,0.1579965054988861
2024-25,7,GK,Łukasz Fabiański,West Ham,Arsenal,False,0.1579965054988861
2025-26,7,GK,Alphonse Areola,West Ham,Arsenal,False,0.1579965054988861
2025-26,7,GK,Krisztián Hegyi,West Ham,Arsenal,False,0.1579965054988861
2025-26,7,GK,Lukasz Fabianski,West Ham,Arsenal,False,0.1579965054988861
2025-26,7,GK,Wes Foderingham,West Ham,Arsenal,False,0.1579965054988861
2020-21,7,GK,David de Gea,Man Utd,Sunderland,True,0.1579965054988861
2020-21,7,GK,Sergio Romero,Man Utd,Sunderland,True,0.1579965054988861
2021-22,7,GK,David de Gea,Man Utd,Sunderland,True,0.1579965054988861
2021-22,7,GK,Tom Heaton,Man Utd,Sunderland,True,0.1579965054988861
2022-23,7,GK,David De Gea Quintana,Man Utd,Sunderland,True,0.1579965054988861
2022-23,7,GK,Tom Heaton,Man Utd,Sunderland,True,0.1579965054988861
2023-24,7,GK,Altay Bayindir,Man Utd,Sunderland,True,0.1579965054988861
2023-24,7,GK,André Onana,Man Utd,Sunderland,True,0.1579965054988861
2023-24,7,GK,Radek Vítek,Man Utd,Sunderland,True,0.1579965054988861
2023-24,7,GK,Tom Heaton,Man Utd,Sunderland,True,0.1579965054988861
2024-25,7,GK,Altay Bayindir,Man Utd,Sunderland,True,0.1579965054988861
2024-25,7,GK,André Onana,Man Utd,Sunderland,True,0.1579965054988861
2024-25,7,GK,Tom Heaton,Man Utd,Sunderland,True,0.1579965054988861
2025-26,7,GK,André Onana,Man Utd,Sunderland,True,0.1579965054988861
2025-26,7,GK,Dermot Mee,Man Utd,Sunderland,True,0.1579965054988861
2025-26,7,GK,Elyh Harrison,Man Utd,Sunderland,True,0.1579965054988861
2025-26,7,GK,Senne Lammens,Man Utd,Sunderland,True,0.1579965054988861
2025-26,7,GK,Tom Heaton,Man Utd,Sunderland,True,0.1579965054988861
2025-26,7,GK,Anthony Patterson,Sunderland,Man Utd,False,0.1579965054988861
2025-26,7,GK,Blondy Nna Noukeu,Sunderland,Man Utd,False,0.1579965054988861
2025-26,7,GK,Simon Moore,Sunderland,Man Utd,False,0.1579965054988861
2020-21,7,GK,Edouard Mendy,Chelsea,Liverpool,True,0.1579965054988861
2020-21,7,GK,Kepa Arrizabalaga,Chelsea,Liverpool,True,0.1579965054988861
2020-21,7,GK,Willy Caballero,Chelsea,Liverpool,True,0.1579965054988861
2021-22,7,GK,Edouard Mendy,Chelsea,Liverpool,True,0.1579965054988861
2021-22,7,GK,Kepa Arrizabalaga,Chelsea,Liverpool,True,0.1579965054988861
2022-23,7,GK,Edouard Mendy,Chelsea,Liverpool,True,0.1579965054988861
2022-23,7,GK,Kepa Arrizabalaga,Chelsea,Liverpool,True,0.1579965054988861
2023-24,7,GK,Djordje Petrovic,Chelsea,Liverpool,True,0.1579965054988861
2023-24,7,GK,Eddie Beach,Chelsea,Liverpool,True,0.1579965054988861
2023-24,7,GK,Gabriel Słonina,Chelsea,Liverpool,True,0.1579965054988861
2023-24,7,GK,Kepa Arrizabalaga,Chelsea,Liverpool,True,0.1579965054988861
2023-24,7,GK,Lucas Bergström,Chelsea,Liverpool,True,0.1579965054988861
2023-24,7,GK,Marcus Bettinelli,Chelsea,Liverpool,True,0.1579965054988861
2023-24,7,GK,Robert Sánchez,Chelsea,Liverpool,True,0.1579965054988861
2024-25,7,GK,Filip Jørgensen,Chelsea,Liverpool,True,0.1579965054988861
2024-25,7,GK,Lucas Bergström,Chelsea,Liverpool,True,0.1579965054988861
2024-25,7,GK,Marcus Bettinelli,Chelsea,Liverpool,True,0.1579965054988861
2024-25,7,GK,Robert Sánchez,Chelsea,Liverpool,True,0.1579965054988861
2025-26,7,GK,Filip Jörgensen,Chelsea,Liverpool,True,0.1579965054988861
2025-26,7,GK,Gabriel Słonina,Chelsea,Liverpool,True,0.1579965054988861
2025-26,7,GK,Mike Penders,Chelsea,Liverpool,True,0.1579965054988861
2020-21,7,GK,Adrián San Miguel del Castillo,Liverpool,Chelsea,False,0.1579965054988861
2020-21,7,GK,Alisson Ramses Becker,Liverpool,Chelsea,False,0.1579965054988861
2020-21,7,GK,Caoimhin Kelleher,Liverpool,Chelsea,False,0.1579965054988861
2021-22,7,GK,Adrián San Miguel del Castillo,Liverpool,Chelsea,False,0.1579965054988861
2021-22,7,GK,Alisson Ramses Becker,Liverpool,Chelsea,False,0.1579965054988861
2021-22,7,GK,Caoimhin Kelleher,Liverpool,Chelsea,False,0.1579965054988861
2022-23,7,GK,Adrián San Miguel del Castillo,Liverpool,Chelsea,False,0.1579965054988861
2022-23,7,GK,Alisson Ramses Becker,Liverpool,Chelsea,False,0.1579965054988861
2022-23,7,GK,Caoimhin Kelleher,Liverpool,Chelsea,False,0.1579965054988861
2022-23,7,GK,Harvey Davies,Liverpool,Chelsea,False,0.1579965054988861
2023-24,7,GK,Adrián San Miguel del Castillo,Liverpool,Chelsea,False,0.1579965054988861
2023-24,7,GK,Alisson Ramses Becker,Liverpool,Chelsea,False,0.1579965054988861
2023-24,7,GK,Caoimhin Kelleher,Liverpool,Chelsea,False,0.1579965054988861
2024-25,7,GK,Alisson Ramses Becker,Liverpool,Chelsea,False,0.1579965054988861
2024-25,7,GK,Caoimhin Kelleher,Liverpool,Chelsea,False,0.1579965054988861
2025-26,7,GK,Freddie Woodman,Liverpool,Chelsea,False,0.1579965054988861
2025-26,7,GK,Giorgi Mamardashvili,Liverpool,Chelsea,False,0.1579965054988861
2025-26,7,GK,Ármin Pécsi,Liverpool,Chelsea,False,0.1579965054988861
2020-21,7,GK,Emiliano Martínez,Aston Villa,Burnley,True,0.1579965054988861
2020-21,7,GK,Jed Steer,Aston Villa,Burnley,True,0.1579965054988861
2020-21,7,GK,Tom Heaton,Aston Villa,Burnley,True,0.1579965054988861
2020-21,7,GK,Ørjan Nyland,Aston Villa,Burnley,True,0.1579965054988861
2021-22,7,GK,Emiliano Martínez,Aston Villa,Burnley,True,0.1579965054988861
2021-22,7,GK,Jed Steer,Aston Villa,Burnley,True,0.1579965054988861
2021-22,7,GK,Viljami Sinisalo,Aston Villa,Burnley,True,0.1579965054988861
2022-23,7,GK,Robin Olsen,Aston Villa,Burnley,True,0.1579965054988861
2023-24,7,GK,Filip Marschall,Aston Villa,Burnley,True,0.1579965054988861
2023-24,7,GK,Oliwier Zych,Aston Villa,Burnley,True,0.1579965054988861
2023-24,7,GK,Robin Olsen,Aston Villa,Burnley,True,0.1579965054988861
2023-24,7,GK,Viljami Sinisalo,Aston Villa,Burnley,True,0.1579965054988861
2024-25,7,GK,Filip Marschall,Aston Villa,Burnley,True,0.1579965054988861
2024-25,7,GK,Joe Gauci,Aston Villa,Burnley,True,0.1579965054988861
2024-25,7,GK,Oliwier Zych,Aston Villa,Burnley,True,0.1579965054988861
2024-25,7,GK,Robin Olsen,Aston Villa,Burnley,True,0.1579965054988861
2024-25,7,GK,Viljami Sinisalo,Aston Villa,Burnley,True,0.1579965054988861
2025-26,7,GK,Filip Marschall,Aston Villa,Burnley,True,0.1579965054988861
2025-26,7,GK,James Wright,Aston Villa,Burnley,True,0.1579965054988861
2025-26,7,GK,Joe Gauci,Aston Villa,Burnley,True,0.1579965054988861
2025-26,7,GK,Sam Proctor,Aston Villa,Burnley,True,0.1579965054988861
2020-21,7,GK,Bailey Peacock-Farrell,Burnley,Aston Villa,False,0.1579965054988861
2021-22,7,GK,Bailey Peacock-Farrell,Burnley,Aston Villa,False,0.1579965054988861
2021-22,7,GK,Wayne Hennessey,Burnley,Aston Villa,False,0.1579965054988861
2021-22,7,GK,Will Norris,Burnley,Aston Villa,False,0.1579965054988861
2023-24,7,GK,Arijanet Muric,Burnley,Aston Villa,False,0.1579965054988861
2023-24,7,GK,Bailey Peacock-Farrell,Burnley,Aston Villa,False,0.1579965054988861
2023-24,7,GK,Denis Franchi,Burnley,Aston Villa,False,0.1579965054988861
2023-24,7,GK,Lawrence Vigouroux,Burnley,Aston Villa,False,0.1579965054988861
2025-26,7,GK,Etienne Green,Burnley,Aston Villa,False,0.1579965054988861
2025-26,7,GK,Max Weiß,Burnley,Aston Villa,False,0.1579965054988861
2025-26,7,GK,Václav Hladký,Burnley,Aston Villa,False,0.1579965054988861
2020-21,7,GK,Jonas Lössl,Everton,Crystal Palace,True,0.1579965054988861
2020-21,7,GK,João Virgínia,Everton,Crystal Palace,True,0.1579965054988861
2021-22,7,GK,Andy Lonergan,Everton,Crystal Palace,True,0.1579965054988861
2021-22,7,GK,Asmir Begović,Everton,Crystal Palace,True,0.1579965054988861
2021-22,7,GK,João Virgínia,Everton,Crystal Palace,True,0.1579965054988861
2022-23,7,GK,Asmir Begović,Everton,Crystal Palace,True,0.1579965054988861
2023-24,7,GK,Andy Lonergan,Everton,Crystal Palace,True,0.1579965054988861
2023-24,7,GK,João Neves Virgínia,Everton,Crystal Palace,True,0.1579965054988861
2024-25,7,GK,Asmir Begovic,Everton,Crystal Palace,True,0.1579965054988861
2024-25,7,GK,João Neves Virgínia,Everton,Crystal Palace,True,0.1579965054988861
2025-26,7,GK,Harry Tyrer,Everton,Crystal Palace,True,0.1579965054988861
2025-26,7,GK,Mark Travers,Everton,Crystal Palace,True,0.1579965054988861
2025-26,7,GK,Tom King,Everton,Crystal Palace,True,0.1579965054988861
2020-21,7,GK,Vicente Guaita,Crystal Palace,Everton,False,0.1579965054988861
2020-21,7,GK,Wayne Hennessey,Crystal Palace,Everton,False,0.1579965054988861
2021-22,7,GK,Jack Butland,Crystal Palace,Everton,False,0.1579965054988861
2021-22,7,GK,Remi Matthews,Crystal Palace,Everton,False,0.1579965054988861
2021-22,7,GK,Vicente Guaita,Crystal Palace,Everton,False,0.1579965054988861
2022-23,7,GK,Jack Butland,Crystal Palace,Everton,False,0.1579965054988861
2022-23,7,GK,Joseph Whitworth,Crystal Palace,Everton,False,0.1579965054988861
2022-23,7,GK,Remi Matthews,Crystal Palace,Everton,False,0.1579965054988861
2022-23,7,GK,Vicente Guaita,Crystal Palace,Everton,False,0.1579965054988861
2023-24,7,GK,Joe Whitworth,Crystal Palace,Everton,False,0.1579965054988861
2023-24,7,GK,Remi Matthews,Crystal Palace,Everton,False,0.1579965054988861
2023-24,7,GK,Vicente Guaita,Crystal Palace,Everton,False,0.1579965054988861
2024-25,7,GK,Matt Turner,Crystal Palace,Everton,False,0.1579965054988861
2024-25,7,GK,Remi Matthews,Crystal Palace,Everton,False,0.1579965054988861
2025-26,7,GK,Remi Matthews,Crystal Palace,Everton,False,0.1579965054988861
2025-26,7,GK,Walter Benítez,Crystal Palace,Everton,False,0.1579965054988861
2020-21,7,GK,Mark Gillespie,Newcastle,Nott'm Forest,True,0.1579965054988861
2020-21,7,GK,Martin Dubravka,Newcastle,Nott'm Forest,True,0.1579965054988861
2021-22,7,GK,Freddie Woodman,Newcastle,Nott'm Forest,True,0.1579965054988861
2021-22,7,GK,Mark Gillespie,Newcastle,Nott'm Forest,True,0.1579965054988861
2021-22,7,GK,Martin Dubravka,Newcastle,Nott'm Forest,True,0.1579965054988861
2022-23,7,GK,Martin Dubravka,Newcastle,Nott'm Forest,True,0.1579965054988861
2023-24,7,GK,Loris Karius,Newcastle,Nott'm Forest,True,0.1579965054988861
2023-24,7,GK,Mark Gillespie,Newcastle,Nott'm Forest,True,0.1579965054988861
2023-24,7,GK,Martin Dubravka,Newcastle,Nott'm Forest,True,0.1579965054988861
2024-25,7,GK,John Ruddy,Newcastle,Nott'm Forest,True,0.1579965054988861
2024-25,7,GK,Odysseas Vlachodimos,Newcastle,Nott'm Forest,True,0.1579965054988861
2025-26,7,GK,Aaron Ramsdale,Newcastle,Nott'm Forest,True,0.1579965054988861
2025-26,7,GK,Mark Gillespie,Newcastle,Nott'm Forest,True,0.1579965054988861
2025-26,7,GK,Odysseas Vlachodimos,Newcastle,Nott'm Forest,True,0.1579965054988861
2022-23,7,GK,Brice Samba,Nott'm Forest,Newcastle,False,0.1579965054988861
2022-23,7,GK,Wayne Hennessey,Nott'm Forest,Newcastle,False,0.1579965054988861
2023-24,7,GK,Ethan Horvath,Nott'm Forest,Newcastle,False,0.1579965054988861
2023-24,7,GK,George Shelvey,Nott'm Forest,Newcastle,False,0.1579965054988861
2023-24,7,GK,Matt Turner,Nott'm Forest,Newcastle,False,0.1579965054988861
2023-24,7,GK,Wayne Hennessey,Nott'm Forest,Newcastle,False,0.1579965054988861
2024-25,7,GK,Carlos Miguel dos Santos Pereira,Nott'm Forest,Newcastle,False,0.1579965054988861
2025-26,7,GK,Angus Gunn,Nott'm Forest,Newcastle,False,0.1579965054988861
2025-26,7,GK,Carlos Miguel dos Santos Pereira,Nott'm Forest,Newcastle,False,0.1579965054988861
2025-26,7,GK,John Victor Maciel Furtado,Nott'm Forest,Newcastle,False,0.1579965054988861
2025-26,7,GK,Matt Turner,Nott'm Forest,Newcastle,False,0.1579965054988861
2020-21,7,GK,John Ruddy,Wolves,Brighton,True,0.1579965054988861
2020-21,7,GK,Matija Sarkic,Wolves,Brighton,True,0.1579965054988861
2020-21,7,GK,Rui Pedro dos Santos Patrício,Wolves,Brighton,True,0.1579965054988861
2021-22,7,GK,Andreas Söndergaard,Wolves,Brighton,True,0.1579965054988861
2021-22,7,GK,John Ruddy,Wolves,Brighton,True,0.1579965054988861
2021-22,7,GK,Rui Pedro dos Santos Patrício,Wolves,Brighton,True,0.1579965054988861
2022-23,7,GK,Jackson Smith,Wolves,Brighton,True,0.1579965054988861
2022-23,7,GK,Matija Šarkić,Wolves,Brighton,True,0.1579965054988861
2023-24,7,GK,Daniel Bentley,Wolves,Brighton,True,0.1579965054988861
2023-24,7,GK,Matija Šarkić,Wolves,Brighton,True,0.1579965054988861
2023-24,7,GK,Tom King,Wolves,Brighton,True,0.1579965054988861
2024-25,7,GK,Daniel Bentley,Wolves,Brighton,True,0.1579965054988861
2024-25,7,GK,Tom King,Wolves,Brighton,True,0.1579965054988861
2025-26,7,GK,Daniel Bentley,Wolves,Brighton,True,0.1579965054988861
2020-21,7,GK,Christian Walton,Brighton,Wolves,False,0.1579965054988861
2020-21,7,GK,Jason Steele,Brighton,Wolves,False,0.1579965054988861
2020-21,7,GK,Mathew Ryan,Brighton,Wolves,False,0.1579965054988861
2021-22,7,GK,Jason Steele,Brighton,Wolves,False,0.1579965054988861
2021-22,7,GK,Kjell Scherpen,Brighton,Wolves,False,0.1579965054988861
2021-22,7,GK,Mathew Ryan,Brighton,Wolves,False,0.1579965054988861
2021-22,7,GK,Robert Sánchez,Brighton,Wolves,False,0.1579965054988861
2022-23,7,GK,Jason Steele,Brighton,Wolves,False,0.1579965054988861
2022-23,7,GK,Kjell Scherpen,Brighton,Wolves,False,0.1579965054988861
2022-23,7,GK,Robert Sánchez,Brighton,Wolves,False,0.1579965054988861
2023-24,7,GK,Jason Steele,Brighton,Wolves,False,0.1579965054988861
2023-24,7,GK,Kjell Scherpen,Brighton,Wolves,False,0.1579965054988861
2023-24,7,GK,Tom McGill,Brighton,Wolves,False,0.1579965054988861
2024-25,7,GK,Carl Rushworth,Brighton,Wolves,False,0.1579965054988861
2024-25,7,GK,Jason Steele,Brighton,Wolves,False,0.1579965054988861
2025-26,7,GK,Carl Rushworth,Brighton,Wolves,False,0.1579965054988861
2025-26,7,GK,Jason Steele,Brighton,Wolves,False,0.1579965054988861
2025-26,7,GK,Kjell Scherpen,Brighton,Wolves,False,0.1579965054988861
2025-26,7,GK,Tom McGill,Brighton,Wolves,False,0.1579965054988861
2021-22,7,GK,David Raya Martin,Brentford,Man City,True,0.1579965054988861
2021-22,7,GK,Ellery Balcombe,Brentford,Man City,True,0.1579965054988861
2021-22,7,GK,Patrik Gunnarsson,Brentford,Man City,True,0.1579965054988861
2021-22,7,GK,Álvaro Fernández,Brentford,Man City,True,0.1579965054988861
2022-23,7,GK,David Raya Martin,Brentford,Man City,True,0.1579965054988861
2022-23,7,GK,Ellery Balcombe,Brentford,Man City,True,0.1579965054988861
2022-23,7,GK,Thomas Strakosha,Brentford,Man City,True,0.1579965054988861
2023-24,7,GK,Ellery Balcombe,Brentford,Man City,True,0.1579965054988861
2023-24,7,GK,Mark Flekken,Brentford,Man City,True,0.1579965054988861
2023-24,7,GK,Matthew Cox,Brentford,Man City,True,0.1579965054988861
2023-24,7,GK,Thomas Strakosha,Brentford,Man City,True,0.1579965054988861
2024-25,7,GK,Hákon Valdimarsson,Brentford,Man City,True,0.1579965054988861
2024-25,7,GK,Mark Flekken,Brentford,Man City,True,0.1579965054988861
2025-26,7,GK,Ellery Balcombe,Brentford,Man City,True,0.1579965054988861
2025-26,7,GK,Hákon Rafn Valdimarsson,Brentford,Man City,True,0.1579965054988861
2025-26,7,GK,Julian Eyestone,Brentford,Man City,True,0.1579965054988861
2025-26,7,GK,Matthew Cox,Brentford,Man City,True,0.1579965054988861
2020-21,7,GK,Claudio Bravo,Man City,Brentford,False,0.1579965054988861
2020-21,7,GK,Ederson Santana de Moraes,Man City,Brentford,False,0.1579965054988861
2020-21,7,GK,Zack Steffen,Man City,Brentford,False,0.1579965054988861
2021-22,7,GK,Ederson Santana de Moraes,Man City,Brentford,False,0.1579965054988861
2021-22,7,GK,Scott Carson,Man City,Brentford,False,0.1579965054988861
2021-22,7,GK,Zack Steffen,Man City,Brentford,False,0.1579965054988861
2022-23,7,GK,Ederson Santana de Moraes,Man City,Brentford,False,0.1579965054988861
2022-23,7,GK,Scott Carson,Man City,Brentford,False,0.1579965054988861
2022-23,7,GK,Stefan Ortega Moreno,Man City,Brentford,False,0.1579965054988861
2022-23,7,GK,Zack Steffen,Man City,Brentford,False,0.1579965054988861
2023-24,7,GK,Ederson Santana de Moraes,Man City,Brentford,False,0.1579965054988861
2023-24,7,GK,Scott Carson,Man City,Brentford,False,0.1579965054988861
2023-24,7,GK,Stefan Ortega Moreno,Man City,Brentford,False,0.1579965054988861
2023-24,7,GK,Zack Steffen,Man City,Brentford,False,0.1579965054988861
2024-25,7,GK,Ederson Santana de Moraes,Man City,Brentford,False,0.1579965054988861
2024-25,7,GK,Scott Carson,Man City,Brentford,False,0.1579965054988861
2024-25,7,GK,Stefan Ortega Moreno,Man City,Brentford,False,0.1579965054988861
2025-26,7,GK,Ederson Santana de Moraes,Man City,Brentford,False,0.1579965054988861
2025-26,7,GK,Marcus Bettinelli,Man City,Brentford,False,0.1579965054988861
2025-26,7,GK,Stefan Ortega Moreno,Man City,Brentford,False,0.1579965054988861
2025-26,7,MID,Iliman Ndiaye,Everton,Crystal Palace,True,6.874361991882324
2023-24,7,MID,Enzo Fernández,Chelsea,Liverpool,True,6.673647880554199
2024-25,7,MID,Enzo Fernández,Chelsea,Liverpool,True,6.673647880554199
2025-26,7,MID,Enzo Fernández,Chelsea,Liverpool,True,6.673647880554199
2020-21,7,MID,Jack Grealish,Aston Villa,Burnley,True,6.582586765289307
2025-26,7,MID,Jack Grealish,Everton,Crystal Palace,True,6.582586765289307
2021-22,7,MID,Jack Grealish,Man City,Brentford,False,6.582586765289307
2022-23,7,MID,Jack Grealish,Man City,Brentford,False,6.582586765289307
2023-24,7,MID,Jack Grealish,Man City,Brentford,False,6.582586765289307
2024-25,7,MID,Jack Grealish,Man City,Brentford,False,6.582586765289307
2024-25,7,MID,Pedro Lomba Neto,Chelsea,Liverpool,True,6.505789279937744
2025-26,7,MID,Pedro Lomba Neto,Chelsea,Liverpool,True,6.505789279937744
2020-21,7,MID,Pedro Lomba Neto,Wolves,Brighton,True,6.505789279937744
2021-22,7,MID,Pedro Lomba Neto,Wolves,Brighton,True,6.505789279937744
2022-23,7,MID,Pedro Lomba Neto,Wolves,Brighton,True,6.505789279937744
2023-24,7,MID,Pedro Lomba Neto,Wolves,Brighton,True,6.505789279937744
2025-26,7,MID,Bryan Mbeumo,Man Utd,Sunderland,True,6.48882532119751
2021-22,7,MID,Bryan Mbeumo,Brentford,Man City,True,6.48882532119751
2023-24,7,MID,Bryan Mbeumo,Brentford,Man City,True,6.48882532119751
2024-25,7,MID,Bryan Mbeumo,Brentford,Man City,True,6.48882532119751
2022-23,7,MID,Jaidon Anthony,Bournemouth,Fulham,True,6.472152233123779
2023-24,7,MID,Jaidon Anthony,Bournemouth,Fulham,True,6.472152233123779
2024-25,7,MID,Jaidon Anthony,Bournemouth,Fulham,True,6.472152233123779
2025-26,7,MID,Jaidon Anthony,Burnley,Aston Villa,False,6.472152233123779
2025-26,7,MID,Cody Gakpo,Liverpool,Chelsea,False,6.4655375480651855
2023-24,7,MID,Lucas Tolentino Coelho de Lima,West Ham,Arsenal,False,6.458758354187012
2024-25,7,MID,Lucas Tolentino Coelho de Lima,West Ham,Arsenal,False,6.458758354187012
2025-26,7,MID,Lucas Tolentino Coelho de Lima,West Ham,Arsenal,False,6.458758354187012
2025-26,7,MID,Noni Madueke,Arsenal,West Ham,True,6.458118915557861
2023-24,7,MID,Noni Madueke,Chelsea,Liverpool,True,6.458118915557861
2024-25,7,MID,Noni Madueke,Chelsea,Liverpool,True,6.458118915557861
2023-24,7,MID,Dominik Szoboszlai,Liverpool,Chelsea,False,6.4410223960876465
2024-25,7,MID,Dominik Szoboszlai,Liverpool,Chelsea,False,6.4410223960876465
2025-26,7,MID,Dominik Szoboszlai,Liverpool,Chelsea,False,6.4410223960876465
2022-23,7,MID,Marcus Tavernier,Bournemouth,Fulham,True,6.406424522399902
2023-24,7,MID,Marcus Tavernier,Bournemouth,Fulham,True,6.406424522399902
2024-25,7,MID,Marcus Tavernier,Bournemouth,Fulham,True,6.406424522399902
2025-26,7,MID,Marcus Tavernier,Bournemouth,Fulham,True,6.406424522399902
2024-25,7,MID,Antoine Semenyo,Bournemouth,Fulham,True,6.3971266746521
2025-26,7,MID,Antoine Semenyo,Bournemouth,Fulham,True,6.3971266746521
2025-26,7,MID,Florian Wirtz,Liverpool,Chelsea,False,6.369718551635742
2020-21,7,MID,Callum Hudson-Odoi,Chelsea,Liverpool,True,6.348999500274658
2021-22,7,MID,Callum Hudson-Odoi,Chelsea,Liverpool,True,6.348999500274658
2022-23,7,MID,Callum Hudson-Odoi,Chelsea,Liverpool,True,6.348999500274658
2023-24,7,MID,Callum Hudson-Odoi,Chelsea,Liverpool,True,6.348999500274658
2024-25,7,MID,Callum Hudson-Odoi,Nott'm Forest,Newcastle,False,6.348999500274658
2025-26,7,MID,Callum Hudson-Odoi,Nott'm Forest,Newcastle,False,6.348999500274658
2020-21,7,MID,Mohamed Salah,Liverpool,Chelsea,False,6.337778091430664
2021-22,7,MID,Mohamed Salah,Liverpool,Chelsea,False,6.337778091430664
2022-23,7,MID,Mohamed Salah,Liverpool,Chelsea,False,6.337778091430664
2023-24,7,MID,Mohamed Salah,Liverpool,Chelsea,False,6.337778091430664
2024-25,7,MID,Mohamed Salah,Liverpool,Chelsea,False,6.337778091430664
2025-26,7,MID,Mohamed Salah,Liverpool,Chelsea,False,6.337778091430664
2025-26,7,MID,Tijjani Reijnders,Man City,Brentford,False,6.33491325378418
2020-21,7,MID,Jarrod Bowen,West Ham,Arsenal,False,6.300080299377441
2021-22,7,MID,Jarrod Bowen,West Ham,Arsenal,False,6.300080299377441
2022-23,7,MID,Jarrod Bowen,West Ham,Arsenal,False,6.300080299377441
2023-24,7,MID,Jarrod Bowen,West Ham,Arsenal,False,6.300080299377441
2024-25,7,MID,Jarrod Bowen,West Ham,Arsenal,False,6.300080299377441
2022-23,7,MID,Bruno Borges Fernandes,Man Utd,Sunderland,True,6.277308940887451
2023-24,7,MID,Bruno Borges Fernandes,Man Utd,Sunderland,True,6.277308940887451
2024-25,7,MID,Bruno Borges Fernandes,Man Utd,Sunderland,True,6.277308940887451
2025-26,7,MID,Bruno Borges Fernandes,Man Utd,Sunderland,True,6.277308940887451
2024-25,7,MID,Yankuba Minteh,Brighton,Wolves,False,6.273196220397949
2025-26,7,MID,Yankuba Minteh,Brighton,Wolves,False,6.273196220397949
2022-23,7,MID,Amad Diallo,Man Utd,Sunderland,True,6.257638454437256
2023-24,7,MID,Amad Diallo,Man Utd,Sunderland,True,6.257638454437256
2024-25,7,MID,Amad Diallo,Man Utd,Sunderland,True,6.257638454437256
2025-26,7,MID,Amad Diallo,Man Utd,Sunderland,True,6.257638454437256
2022-23,7,MID,David Brooks,Bournemouth,Fulham,True,6.243527412414551
2023-24,7,MID,David Brooks,Bournemouth,Fulham,True,6.243527412414551
2024-25,7,MID,David Brooks,Bournemouth,Fulham,True,6.243527412414551
2025-26,7,MID,David Brooks,Bournemouth,Fulham,True,6.243527412414551
2024-25,7,MID,Kiernan Dewsbury-Hall,Chelsea,Liverpool,True,6.220833778381348
2025-26,7,MID,Kiernan Dewsbury-Hall,Everton,Crystal Palace,True,6.220833778381348
2024-25,7,MID,Mitoma Kaoru,Brighton,Wolves,False,6.183828353881836
2025-26,7,MID,Mitoma Kaoru,Brighton,Wolves,False,6.183828353881836
2025-26,7,MID,Mohammed Kudus,Spurs,Leeds,False,6.1599626541137695
2023-24,7,MID,Mohammed Kudus,West Ham,Arsenal,False,6.1599626541137695
2024-25,7,MID,Mohammed Kudus,West Ham,Arsenal,False,6.1599626541137695
2023-24,7,MID,Kevin Schade,Brentford,Man City,True,6.066956043243408
2024-25,7,MID,Kevin Schade,Brentford,Man City,True,6.066956043243408
2025-26,7,MID,Kevin Schade,Brentford,Man City,True,6.066956043243408
2024-25,7,MID,Lucas Bergvall,Spurs,Leeds,False,6.050751209259033
2025-26,7,MID,Lucas Bergvall,Spurs,Leeds,False,6.050751209259033
2025-26,7,MID,Dan Ndoye,Nott'm Forest,Newcastle,False,5.97839879989624
2022-23,7,MID,Morgan Gibbs-White,Nott'm Forest,Newcastle,False,5.970019817352295
2023-24,7,MID,Morgan Gibbs-White,Nott'm Forest,Newcastle,False,5.970019817352295
2024-25,7,MID,Morgan Gibbs-White,Nott'm Forest,Newcastle,False,5.970019817352295
2025-26,7,MID,Morgan Gibbs-White,Nott'm Forest,Newcastle,False,5.970019817352295
2020-21,7,MID,Morgan Gibbs-White,Wolves,Brighton,True,5.970019817352295
2021-22,7,MID,Morgan Gibbs-White,Wolves,Brighton,True,5.970019817352295
2024-25,7,MID,Matt O'Riley,Brighton,Wolves,False,5.9579877853393555
2025-26,7,MID,Matt O'Riley,Brighton,Wolves,False,5.9579877853393555
2022-23,7,MID,Pape Matar Sarr,Spurs,Leeds,False,5.947453022003174
2023-24,7,MID,Pape Matar Sarr,Spurs,Leeds,False,5.947453022003174
2024-25,7,MID,Pape Matar Sarr,Spurs,Leeds,False,5.947453022003174
2025-26,7,MID,Pape Matar Sarr,Spurs,Leeds,False,5.947453022003174
2022-23,7,MID,Bruno Guimarães Rodriguez Moura,Newcastle,Nott'm Forest,True,5.883489608764648
2023-24,7,MID,Bruno Guimarães Rodriguez Moura,Newcastle,Nott'm Forest,True,5.883489608764648
2024-25,7,MID,Bruno Guimarães Rodriguez Moura,Newcastle,Nott'm Forest,True,5.883489608764648
2025-26,7,MID,Bruno Guimarães Rodriguez Moura,Newcastle,Nott'm Forest,True,5.883489608764648
2020-21,7,MID,Phil Foden,Man City,Brentford,False,5.71246862411499
2021-22,7,MID,Phil Foden,Man City,Brentford,False,5.71246862411499
2022-23,7,MID,Phil Foden,Man City,Brentford,False,5.71246862411499
2023-24,7,MID,Phil Foden,Man City,Brentford,False,5.71246862411499
2024-25,7,MID,Phil Foden,Man City,Brentford,False,5.71246862411499
2025-26,7,MID,Phil Foden,Man City,Brentford,False,5.71246862411499
2023-24,7,MID,Alex Scott,Bournemouth,Fulham,True,5.667992115020752
2024-25,7,MID,Alex Scott,Bournemouth,Fulham,True,5.667992115020752
2025-26,7,MID,Alex Scott,Bournemouth,Fulham,True,5.667992115020752
2023-24,7,MID,Josh Cullen,Burnley,Aston Villa,False,5.636812686920166
2025-26,7,MID,Josh Cullen,Burnley,Aston Villa,False,5.636812686920166
2025-26,7,MID,Martín Zubimendi Ibáñez,Arsenal,West Ham,True,5.596563339233398
2023-24,7,MID,Sandro Tonali,Newcastle,Nott'm Forest,True,5.591718673706055
2024-25,7,MID,Sandro Tonali,Newcastle,Nott'm Forest,True,5.591718673706055
2025-26,7,MID,Sandro Tonali,Newcastle,Nott'm Forest,True,5.591718673706055
2023-24,7,MID,Richarlison de Andrade,Spurs,Leeds,False,5.579176425933838
2024-25,7,MID,Brennan Johnson,Spurs,Leeds,False,5.571911334991455
2025-26,7,MID,Brennan Johnson,Spurs,Leeds,False,5.571911334991455
2023-24,7,MID,Brennan Johnson,Nott'm Forest,Newcastle,False,5.571911334991455
2024-25,7,MID,Ryan Gravenberch,Liverpool,Chelsea,False,5.569476127624512
2025-26,7,MID,Ryan Gravenberch,Liverpool,Chelsea,False,5.569476127624512
2023-24,7,MID,Moisés Caicedo Corozo,Chelsea,Liverpool,True,5.536925315856934
2024-25,7,MID,Moisés Caicedo Corozo,Chelsea,Liverpool,True,5.536925315856934
2025-26,7,MID,Moisés Caicedo Corozo,Chelsea,Liverpool,True,5.536925315856934
2022-23,7,MID,Moisés Caicedo Corozo,Brighton,Wolves,False,5.536925315856934
2023-24,7,MID,Jérémy Doku,Man City,Brentford,False,5.4059929847717285
2024-25,7,MID,Jérémy Doku,Man City,Brentford,False,5.4059929847717285
2025-26,7,MID,Jérémy Doku,Man City,Brentford,False,5.4059929847717285
2020-21,7,MID,Jacob Murphy,Newcastle,Nott'm Forest,True,5.402113914489746
2021-22,7,MID,Jacob Murphy,Newcastle,Nott'm Forest,True,5.402113914489746
2022-23,7,MID,Jacob Murphy,Newcastle,Nott'm Forest,True,5.402113914489746
2023-24,7,MID,Jacob Murphy,Newcastle,Nott'm Forest,True,5.402113914489746
2024-25,7,MID,Jacob Murphy,Newcastle,Nott'm Forest,True,5.402113914489746
2025-26,7,MID,Jacob Murphy,Newcastle,Nott'm Forest,True,5.402113914489746
2024-25,7,MID,Ismaïla Sarr,Crystal Palace,Everton,False,5.389130115509033
2025-26,7,MID,Ismaïla Sarr,Crystal Palace,Everton,False,5.389130115509033
2023-24,7,MID,Cole Palmer,Chelsea,Liverpool,True,5.373381614685059
2024-25,7,MID,Cole Palmer,Chelsea,Liverpool,True,5.373381614685059
2025-26,7,MID,Cole Palmer,Chelsea,Liverpool,True,5.373381614685059
2020-21,7,MID,Cole Palmer,Man City,Brentford,False,5.373381614685059
2021-22,7,MID,Cole Palmer,Man City,Brentford,False,5.373381614685059
2022-23,7,MID,Cole Palmer,Man City,Brentford,False,5.373381614685059
2023-24,7,MID,Dango Ouattara,Bournemouth,Fulham,True,5.326888084411621
2024-25,7,MID,Dango Ouattara,Bournemouth,Fulham,True,5.326888084411621
2025-26,7,MID,Dango Ouattara,Brentford,Man City,True,5.326888084411621
2025-26,7,MID,Anton Stach,Leeds,Spurs,True,5.291459083557129
2022-23,7,MID,Elliot Anderson,Newcastle,Nott'm Forest,True,5.251386642456055
2023-24,7,MID,Elliot Anderson,Newcastle,Nott'm Forest,True,5.251386642456055
2024-25,7,MID,Elliot Anderson,Nott'm Forest,Newcastle,False,5.251386642456055
2025-26,7,MID,Elliot Anderson,Nott'm Forest,Newcastle,False,5.251386642456055
2025-26,7,MID,Omar Marmoush,Man City,Brentford,False,5.1971516609191895
2024-25,7,MID,Morgan Rogers,Aston Villa,Burnley,True,5.148220539093018
2025-26,7,MID,Morgan Rogers,Aston Villa,Burnley,True,5.148220539093018
2024-25,7,MID,Emile Smith Rowe,Fulham,Bournemouth,False,5.144155025482178
2025-26,7,MID,Emile Smith Rowe,Fulham,Bournemouth,False,5.144155025482178
2020-21,7,MID,Emile Smith Rowe,Arsenal,West Ham,True,5.144155025482178
2021-22,7,MID,Emile Smith Rowe,Arsenal,West Ham,True,5.144155025482178
2022-23,7,MID,Emile Smith Rowe,Arsenal,West Ham,True,5.144155025482178
2023-24,7,MID,Emile Smith Rowe,Arsenal,West Ham,True,5.144155025482178
2025-26,7,MID,Chemsdine Talbi,Sunderland,Man Utd,False,5.086979866027832
2024-25,7,MID,Rodrigo Martins Gomes,Wolves,Brighton,True,5.076826095581055
2023-24,7,MID,Harvey Barnes,Newcastle,Nott'm Forest,True,5.056456565856934
2024-25,7,MID,Harvey Barnes,Newcastle,Nott'm Forest,True,5.056456565856934
2025-26,7,MID,Harvey Barnes,Newcastle,Nott'm Forest,True,5.056456565856934
2024-25,7,MID,Josh King,Fulham,Bournemouth,False,5.032388687133789
2025-26,7,MID,Josh King,Fulham,Bournemouth,False,5.032388687133789
2024-25,7,MID,Alex Iwobi,Fulham,Bournemouth,False,4.987854957580566
2025-26,7,MID,Alex Iwobi,Fulham,Bournemouth,False,4.987854957580566
2020-21,7,MID,Alex Iwobi,Everton,Crystal Palace,True,4.987854957580566
2021-22,7,MID,Alex Iwobi,Everton,Crystal Palace,True,4.987854957580566
2022-23,7,MID,Alex Iwobi,Everton,Crystal Palace,True,4.987854957580566
2023-24,7,MID,Alex Iwobi,Everton,Crystal Palace,True,4.987854957580566
2025-26,7,MID,Enzo Le Fée,Sunderland,Man Utd,False,4.947180271148682
2025-26,7,MID,João Maria Lobo Alves Palhares Costa Palhinha Gonçalves,Spurs,Leeds,False,4.90814733505249
2025-26,7,MID,Estêvão Almeida de Oliveira Gonçalves,Chelsea,Liverpool,True,4.896336555480957
2020-21,7,MID,Bukayo Saka,Arsenal,West Ham,True,4.774474143981934
2021-22,7,MID,Bukayo Saka,Arsenal,West Ham,True,4.774474143981934
2022-23,7,MID,Bukayo Saka,Arsenal,West Ham,True,4.774474143981934
2023-24,7,MID,Bukayo Saka,Arsenal,West Ham,True,4.774474143981934
2024-25,7,MID,Bukayo Saka,Arsenal,West Ham,True,4.774474143981934
2025-26,7,MID,Bukayo Saka,Arsenal,West Ham,True,4.774474143981934
2023-24,7,MID,Youri Tielemans,Aston Villa,Burnley,True,4.727672576904297
2024-25,7,MID,Youri Tielemans,Aston Villa,Burnley,True,4.727672576904297
2025-26,7,MID,Youri Tielemans,Aston Villa,Burnley,True,4.727672576904297
2025-26,7,MID,Habib Diarra,Sunderland,Man Utd,False,4.68690824508667
2021-22,7,MID,Emiliano Buendía Stati,Aston Villa,Burnley,True,4.670822620391846
2022-23,7,MID,Emiliano Buendía Stati,Aston Villa,Burnley,True,4.670822620391846
2023-24,7,MID,Emiliano Buendía Stati,Aston Villa,Burnley,True,4.670822620391846
2024-25,7,MID,Emiliano Buendía Stati,Aston Villa,Burnley,True,4.670822620391846
2025-26,7,MID,Emiliano Buendía Stati,Aston Villa,Burnley,True,4.670822620391846
2022-23,7,MID,Hwang Hee-chan,Wolves,Brighton,True,4.647738456726074
2023-24,7,MID,Hwang Hee-chan,Wolves,Brighton,True,4.647738456726074
2024-25,7,MID,Hwang Hee-chan,Wolves,Brighton,True,4.647738456726074
2025-26,7,MID,Hwang Hee-chan,Wolves,Brighton,True,4.647738456726074
2025-26,7,MID,Matheus Santos Carneiro da Cunha,Man Utd,Sunderland,True,4.6410603523254395
2024-25,7,MID,Daichi Kamada,Crystal Palace,Everton,False,4.623321533203125
2025-26,7,MID,Daichi Kamada,Crystal Palace,Everton,False,4.623321533203125
2023-24,7,MID,Tyler Adams,Bournemouth,Fulham,True,4.619810581207275
2024-25,7,MID,Tyler Adams,Bournemouth,Fulham,True,4.619810581207275
2025-26,7,MID,Tyler Adams,Bournemouth,Fulham,True,4.619810581207275
2022-23,7,MID,Tyler Adams,Leeds,Spurs,True,4.619810581207275
2020-21,7,MID,John McGinn,Aston Villa,Burnley,True,4.608748435974121
2021-22,7,MID,John McGinn,Aston Villa,Burnley,True,4.608748435974121
2022-23,7,MID,John McGinn,Aston Villa,Burnley,True,4.608748435974121
2023-24,7,MID,John McGinn,Aston Villa,Burnley,True,4.608748435974121
2024-25,7,MID,John McGinn,Aston Villa,Burnley,True,4.608748435974121
2025-26,7,MID,John McGinn,Aston Villa,Burnley,True,4.608748435974121
2025-26,7,MID,Mikel Merino Zazón,Arsenal,West Ham,True,4.463757514953613
2025-26,7,MID,Eberechi Eze,Arsenal,West Ham,True,4.463016986846924
2020-21,7,MID,Eberechi Eze,Crystal Palace,Everton,False,4.463016986846924
2021-22,7,MID,Eberechi Eze,Crystal Palace,Everton,False,4.463016986846924
2022-23,7,MID,Eberechi Eze,Crystal Palace,Everton,False,4.463016986846924
2023-24,7,MID,Eberechi Eze,Crystal Palace,Everton,False,4.463016986846924
2024-25,7,MID,Eberechi Eze,Crystal Palace,Everton,False,4.463016986846924
2024-25,7,MID,Brajan Gruda,Brighton,Wolves,False,4.431507110595703
2025-26,7,MID,Brajan Gruda,Brighton,Wolves,False,4.431507110595703
2020-21,7,MID,Bernardo Mota Veiga de Carvalho e Silva,Man City,Brentford,False,4.360784530639648
2021-22,7,MID,Bernardo Mota Veiga de Carvalho e Silva,Man City,Brentford,False,4.360784530639648
2025-26,7,MID,Bernardo Mota Veiga de Carvalho e Silva,Man City,Brentford,False,4.360784530639648
2023-24,7,MID,Oscar Bobb,Man City,Brentford,False,4.297727108001709
2024-25,7,MID,Oscar Bobb,Man City,Brentford,False,4.297727108001709
2025-26,7,MID,Oscar Bobb,Man City,Brentford,False,4.297727108001709
2025-26,7,MID,Idrissa Gana Gueye,Everton,Crystal Palace,True,4.2631144523620605
2025-26,7,MID,Jamie Bynoe-Gittens,Chelsea,Liverpool,True,4.254125595092773
2023-24,7,MID,Yasin Ayari,Brighton,Wolves,False,4.246421813964844
2024-25,7,MID,Yasin Ayari,Brighton,Wolves,False,4.246421813964844
2025-26,7,MID,Yasin Ayari,Brighton,Wolves,False,4.246421813964844
2022-23,7,MID,Brenden Aaronson,Leeds,Spurs,True,4.156311988830566
2025-26,7,MID,Brenden Aaronson,Leeds,Spurs,True,4.156311988830566
2024-25,7,MID,Georginio Rutter,Brighton,Wolves,False,4.075560569763184
2025-26,7,MID,Georginio Rutter,Brighton,Wolves,False,4.075560569763184
2021-22,7,MID,Anthony Elanga,Man Utd,Sunderland,True,4.037498950958252
2022-23,7,MID,Anthony Elanga,Man Utd,Sunderland,True,4.037498950958252
2025-26,7,MID,Anthony Elanga,Newcastle,Nott'm Forest,True,4.037498950958252
2023-24,7,MID,Anthony Elanga,Nott'm Forest,Newcastle,False,4.037498950958252
2024-25,7,MID,Anthony Elanga,Nott'm Forest,Newcastle,False,4.037498950958252
2024-25,7,MID,Justin Devenny,Crystal Palace,Everton,False,4.030112266540527
2025-26,7,MID,Justin Devenny,Crystal Palace,Everton,False,4.030112266540527
2025-26,7,MID,Marshall Munetsi,Wolves,Brighton,True,3.9423279762268066
2023-24,7,MID,Tomáš Souček,West Ham,Arsenal,False,3.8736813068389893
2024-25,7,MID,Tomáš Souček,West Ham,Arsenal,False,3.8736813068389893
2025-26,7,MID,Tomáš Souček,West Ham,Arsenal,False,3.8736813068389893
2020-21,7,MID,James Garner,Man Utd,Sunderland,True,3.8700465371188573
2022-23,7,MID,James Garner,Man Utd,Sunderland,True,3.8700465371188573
2023-24,7,MID,James Garner,Everton,Crystal Palace,True,3.8700465371188573
2024-25,7,MID,James Garner,Everton,Crystal Palace,True,3.8700465371188573
2025-26,7,MID,James Garner,Everton,Crystal Palace,True,3.8700465371188573
2023-24,7,MID,Mason Mount,Man Utd,Sunderland,True,3.8620526790618896
2024-25,7,MID,Mason Mount,Man Utd,Sunderland,True,3.8620526790618896
2025-26,7,MID,Mason Mount,Man Utd,Sunderland,True,3.8620526790618896
2020-21,7,MID,Mason Mount,Chelsea,Liverpool,True,3.8620526790618896
2021-22,7,MID,Mason Mount,Chelsea,Liverpool,True,3.8620526790618896
2022-23,7,MID,Mason Mount,Chelsea,Liverpool,True,3.8620526790618896
2024-25,7,MID,Federico Chiesa,Liverpool,Chelsea,False,3.830876350402832
2025-26,7,MID,Federico Chiesa,Liverpool,Chelsea,False,3.830876350402832
2023-24,7,MID,Saša Lukić,Fulham,Bournemouth,False,3.7474016425059204
2024-25,7,MID,Saša Lukić,Fulham,Bournemouth,False,3.7474016425059204
2025-26,7,MID,Saša Lukić,Fulham,Bournemouth,False,3.7474016425059204
2023-24,7,MID,Declan Rice,Arsenal,West Ham,True,3.7133569717407227
2024-25,7,MID,Declan Rice,Arsenal,West Ham,True,3.7133569717407227
2025-26,7,MID,Declan Rice,Arsenal,West Ham,True,3.7133569717407227
2020-21,7,MID,Declan Rice,West Ham,Arsenal,False,3.7133569717407227
2021-22,7,MID,Declan Rice,West Ham,Arsenal,False,3.7133569717407227
2022-23,7,MID,Declan Rice,West Ham,Arsenal,False,3.7133569717407227
2025-26,7,MID,Rio Ngumoha,Liverpool,Chelsea,False,3.712038993835449
2025-26,7,MID,Rodrigo 'Rodri' Hernandez Cascante,Man City,Brentford,False,3.692674398422241
2020-21,7,MID,Granit Xhaka,Arsenal,West Ham,True,3.681933879852295
2021-22,7,MID,Granit Xhaka,Arsenal,West Ham,True,3.681933879852295
2022-23,7,MID,Granit Xhaka,Arsenal,West Ham,True,3.681933879852295
2023-24,7,MID,Granit Xhaka,Arsenal,West Ham,True,3.681933879852295
2025-26,7,MID,Granit Xhaka,Sunderland,Man Utd,False,3.681933879852295
2021-22,7,MID,Daniel James,Leeds,Spurs,True,3.6773548126220703
2022-23,7,MID,Daniel James,Leeds,Spurs,True,3.6773548126220703
2025-26,7,MID,Daniel James,Leeds,Spurs,True,3.6773548126220703
2020-21,7,MID,Daniel James,Man Utd,Sunderland,True,3.6773548126220703
2022-23,7,MID,Fábio Freitas Gouveia Carvalho,Liverpool,Chelsea,False,3.6720499992370605
2024-25,7,MID,Fábio Freitas Gouveia Carvalho,Brentford,Man City,True,3.6720499992370605
2025-26,7,MID,Fábio Freitas Gouveia Carvalho,Brentford,Man City,True,3.6720499992370605
2020-21,7,MID,Anthony Gordon,Everton,Crystal Palace,True,3.627048969268799
2021-22,7,MID,Anthony Gordon,Everton,Crystal Palace,True,3.627048969268799
2022-23,7,MID,Anthony Gordon,Everton,Crystal Palace,True,3.627048969268799
2023-24,7,MID,Anthony Gordon,Newcastle,Nott'm Forest,True,3.627048969268799
2024-25,7,MID,Anthony Gordon,Newcastle,Nott'm Forest,True,3.627048969268799
2025-26,7,MID,Anthony Gordon,Newcastle,Nott'm Forest,True,3.627048969268799
2024-25,7,MID,Yehor Yarmoliuk,Brentford,Man City,True,3.588705062866211
2025-26,7,MID,Yehor Yarmoliuk,Brentford,Man City,True,3.588705062866211
2021-22,7,MID,Martin Ødegaard,Arsenal,West Ham,True,3.555745840072632
2022-23,7,MID,Martin Ødegaard,Arsenal,West Ham,True,3.555745840072632
2023-24,7,MID,Martin Ødegaard,Arsenal,West Ham,True,3.555745840072632
2024-25,7,MID,Martin Ødegaard,Arsenal,West Ham,True,3.555745840072632
2025-26,7,MID,Martin Ødegaard,Arsenal,West Ham,True,3.555745840072632
2021-22,7,MID,Will Hughes,Crystal Palace,Everton,False,3.522808313369751
2022-23,7,MID,Will Hughes,Crystal Palace,Everton,False,3.522808313369751
2023-24,7,MID,Will Hughes,Crystal Palace,Everton,False,3.522808313369751
2024-25,7,MID,Will Hughes,Crystal Palace,Everton,False,3.522808313369751
2025-26,7,MID,Will Hughes,Crystal Palace,Everton,False,3.522808313369751
2024-25,7,MID,Jean-Ricner Bellegarde,Wolves,Brighton,True,3.4872074127197266
2025-26,7,MID,Jean-Ricner Bellegarde,Wolves,Brighton,True,3.4872074127197266
2023-24,7,MID,James Ward-Prowse,West Ham,Arsenal,False,3.484330896271276
2025-26,7,MID,James Ward-Prowse,West Ham,Arsenal,False,3.484330896271276
2024-25,7,MID,James Ward-Prowse,Nott'm Forest,Newcastle,False,3.484330896271276
2023-24,7,MID,Jacob Bruun Larsen,Burnley,Aston Villa,False,3.4592108726501465
2025-26,7,MID,Jacob Bruun Larsen,Burnley,Aston Villa,False,3.4592108726501465
2022-23,7,MID,Joelinton Cássio Apolinário de Lira,Newcastle,Nott'm Forest,True,3.4409751892089844
2023-24,7,MID,Joelinton Cássio Apolinário de Lira,Newcastle,Nott'm Forest,True,3.4409751892089844
2024-25,7,MID,Joelinton Cássio Apolinário de Lira,Newcastle,Nott'm Forest,True,3.4409751892089844
2025-26,7,MID,Joelinton Cássio Apolinário de Lira,Newcastle,Nott'm Forest,True,3.4409751892089844
2020-21,7,MID,James Milner,Liverpool,Chelsea,False,3.4403152465820312
2021-22,7,MID,James Milner,Liverpool,Chelsea,False,3.4403152465820312
2022-23,7,MID,James Milner,Liverpool,Chelsea,False,3.4403152465820312
2023-24,7,MID,James Milner,Brighton,Wolves,False,3.4403152465820312
2024-25,7,MID,James Milner,Brighton,Wolves,False,3.4403152465820312
2025-26,7,MID,James Milner,Brighton,Wolves,False,3.4403152465820312
2025-26,7,MID,Tyrique George,Chelsea,Liverpool,True,3.423144817352295
2025-26,7,MID,Noah Sadiki,Sunderland,Man Utd,False,3.4218907356262207
2020-21,7,MID,Jordan Henderson,Liverpool,Chelsea,False,3.397862434387207
2021-22,7,MID,Jordan Henderson,Liverpool,Chelsea,False,3.397862434387207
2022-23,7,MID,Jordan Henderson,Liverpool,Chelsea,False,3.397862434387207
2023-24,7,MID,Jordan Henderson,Liverpool,Chelsea,False,3.397862434387207
2025-26,7,MID,Jordan Henderson,Brentford,Man City,True,3.397862434387207
2023-24,7,MID,João Victor Gomes da Silva,Wolves,Brighton,True,3.346747398376465
2024-25,7,MID,João Victor Gomes da Silva,Wolves,Brighton,True,3.346747398376465
2025-26,7,MID,João Victor Gomes da Silva,Wolves,Brighton,True,3.346747398376465
2024-25,7,MID,Ethan Nwaneri,Arsenal,West Ham,True,3.3434605598449707
2025-26,7,MID,Ethan Nwaneri,Arsenal,West Ham,True,3.3434605598449707
2022-23,7,MID,Harry Wilson,Fulham,Bournemouth,False,3.3334221839904785
2023-24,7,MID,Harry Wilson,Fulham,Bournemouth,False,3.3334221839904785
2024-25,7,MID,Harry Wilson,Fulham,Bournemouth,False,3.3334221839904785
2025-26,7,MID,Harry Wilson,Fulham,Bournemouth,False,3.3334221839904785
2020-21,7,MID,Harry Wilson,Liverpool,Chelsea,False,3.3334221839904785
2025-26,7,MID,Simon Adingra,Sunderland,Man Utd,False,3.2672135829925537
2023-24,7,MID,Simon Adingra,Brighton,Wolves,False,3.2672135829925537
2024-25,7,MID,Simon Adingra,Brighton,Wolves,False,3.2672135829925537
2025-26,7,MID,Fer López González,Wolves,Brighton,True,3.1293370723724365
2025-26,7,MID,Mateus Gonçalo Espanha Fernandes,West Ham,Arsenal,False,3.1285600662231445
2022-23,7,MID,Keane Lewis-Potter,Brentford,Man City,True,3.126962900161743
2023-24,7,MID,Keane Lewis-Potter,Brentford,Man City,True,3.126962900161743
2024-25,7,MID,Keane Lewis-Potter,Brentford,Man City,True,3.126962900161743
2023-24,7,MID,Alexis Mac Allister,Liverpool,Chelsea,False,3.1087145805358887
2024-25,7,MID,Alexis Mac Allister,Liverpool,Chelsea,False,3.1087145805358887
2025-26,7,MID,Alexis Mac Allister,Liverpool,Chelsea,False,3.1087145805358887
2020-21,7,MID,Alexis Mac Allister,Brighton,Wolves,False,3.1087145805358887
2021-22,7,MID,Alexis Mac Allister,Brighton,Wolves,False,3.1087145805358887
2022-23,7,MID,Alexis Mac Allister,Brighton,Wolves,False,3.1087145805358887
2025-26,7,MID,Loum Tchaouna,Burnley,Aston Villa,False,3.0757267475128174
2024-25,7,MID,Sander Berge,Fulham,Bournemouth,False,3.055294990539551
2025-26,7,MID,Sander Berge,Fulham,Bournemouth,False,3.055294990539551
2023-24,7,MID,Sander Berge,Burnley,Aston Villa,False,3.055294990539551
2021-22,7,MID,Mathias Jensen,Brentford,Man City,True,3.0497913360595703
2022-23,7,MID,Mathias Jensen,Brentford,Man City,True,3.0497913360595703
2023-24,7,MID,Mathias Jensen,Brentford,Man City,True,3.0497913360595703
2024-25,7,MID,Mathias Jensen,Brentford,Man City,True,3.0497913360595703
2025-26,7,MID,Mathias Jensen,Brentford,Man City,True,3.0497913360595703
2022-23,7,MID,Mikkel Damsgaard,Brentford,Man City,True,3.0354464054107666
2023-24,7,MID,Mikkel Damsgaard,Brentford,Man City,True,3.0354464054107666
2024-25,7,MID,Mikkel Damsgaard,Brentford,Man City,True,3.0354464054107666
2025-26,7,MID,Mikkel Damsgaard,Brentford,Man City,True,3.0354464054107666
2025-26,7,MID,Jhon Arias,Wolves,Brighton,True,3.0255792140960693
2022-23,7,MID,Gabriel Martinelli Silva,Arsenal,West Ham,True,2.9504799842834473
2023-24,7,MID,Gabriel Martinelli Silva,Arsenal,West Ham,True,2.9504799842834473
2024-25,7,MID,Gabriel Martinelli Silva,Arsenal,West Ham,True,2.9504799842834473
2025-26,7,MID,Gabriel Martinelli Silva,Arsenal,West Ham,True,2.9504799842834473
2025-26,7,MID,Rayan Cherki,Man City,Brentford,False,2.9398584365844727
2025-26,7,MID,Josh Laurent,Burnley,Aston Villa,False,2.8994150161743164
2025-26,7,MID,Ryan Sessegnon,Fulham,Bournemouth,False,2.8595104217529297
2025-26,7,MID,Sávio Moreira de Oliveira,Man City,Brentford,False,2.8473458290100098
2024-25,7,MID,Wilson Odobert,Spurs,Leeds,False,2.776031017303467
2025-26,7,MID,Wilson Odobert,Spurs,Leeds,False,2.776031017303467
2023-24,7,MID,Wilson Odobert,Burnley,Aston Villa,False,2.776031017303467
2022-23,7,MID,Jefferson Lerma Solís,Bournemouth,Fulham,True,2.7206602096557617
2023-24,7,MID,Jefferson Lerma Solís,Crystal Palace,Everton,False,2.7206602096557617
2024-25,7,MID,Jefferson Lerma Solís,Crystal Palace,Everton,False,2.7206602096557617
2025-26,7,MID,Jefferson Lerma Solís,Crystal Palace,Everton,False,2.7206602096557617
2025-26,7,MID,Sean Longstaff,Leeds,Spurs,True,2.6787002086639404
2020-21,7,MID,Sean Longstaff,Newcastle,Nott'm Forest,True,2.6787002086639404
2021-22,7,MID,Sean Longstaff,Newcastle,Nott'm Forest,True,2.6787002086639404
2022-23,7,MID,Sean Longstaff,Newcastle,Nott'm Forest,True,2.6787002086639404
2023-24,7,MID,Sean Longstaff,Newcastle,Nott'm Forest,True,2.6787002086639404
2024-25,7,MID,Sean Longstaff,Newcastle,Nott'm Forest,True,2.6787002086639404
2024-25,7,MID,Ibrahim Sangaré,Nott'm Forest,Newcastle,False,2.6704607009887695
2025-26,7,MID,Ibrahim Sangaré,Nott'm Forest,Newcastle,False,2.6704607009887695
2024-25,7,MID,Mats Wieffer,Brighton,Wolves,False,2.648864507675171
2025-26,7,MID,Mats Wieffer,Brighton,Wolves,False,2.648864507675171
2023-24,7,MID,Justin Kluivert,Bournemouth,Fulham,True,2.6068778038024902
2024-25,7,MID,Justin Kluivert,Bournemouth,Fulham,True,2.6068778038024902
2025-26,7,MID,Justin Kluivert,Bournemouth,Fulham,True,2.6068778038024902
2021-22,7,MID,Crysencio Summerville,Leeds,Spurs,True,2.6064155101776123
2022-23,7,MID,Crysencio Summerville,Leeds,Spurs,True,2.6064155101776123
2024-25,7,MID,Crysencio Summerville,West Ham,Arsenal,False,2.6064155101776123
2025-26,7,MID,Crysencio Summerville,West Ham,Arsenal,False,2.6064155101776123
2024-25,7,MID,Adam Wharton,Crystal Palace,Everton,False,2.524637460708618
2025-26,7,MID,Adam Wharton,Crystal Palace,Everton,False,2.524637460708618
2025-26,7,MID,Xavi Simons,Spurs,Leeds,False,2.464150905609131
2023-24,7,MID,Leandro Trossard,Arsenal,West Ham,True,2.400963306427002
2024-25,7,MID,Leandro Trossard,Arsenal,West Ham,True,2.400963306427002
2025-26,7,MID,Leandro Trossard,Arsenal,West Ham,True,2.400963306427002
2020-21,7,MID,Leandro Trossard,Brighton,Wolves,False,2.400963306427002
2021-22,7,MID,Leandro Trossard,Brighton,Wolves,False,2.400963306427002
2022-23,7,MID,Leandro Trossard,Brighton,Wolves,False,2.400963306427002
2023-24,7,MID,Ian Maatsen,Chelsea,Liverpool,True,2.400704860687256
2023-24,7,MID,Hannibal Mejbri,Man Utd,Sunderland,True,2.3954885005950928
2024-25,7,MID,Hannibal Mejbri,Man Utd,Sunderland,True,2.3954885005950928
2025-26,7,MID,Hannibal Mejbri,Burnley,Aston Villa,False,2.3954885005950928
2025-26,7,MID,Evann Guessand,Aston Villa,Burnley,True,2.3415417671203613
2025-26,7,MID,Yéremy Pino Santos,Crystal Palace,Everton,False,2.331669569015503
2025-26,7,MID,Manuel Ugarte Ribeiro,Man Utd,Sunderland,True,2.2543752193450928
2025-26,7,MID,Donyell Malen,Aston Villa,Burnley,True,2.213118314743042
2022-23,7,MID,Carlos Henrique Casimiro,Man Utd,Sunderland,True,2.1988894939422607
2023-24,7,MID,Carlos Henrique Casimiro,Man Utd,Sunderland,True,2.1988894939422607
2024-25,7,MID,Carlos Henrique Casimiro,Man Utd,Sunderland,True,2.1988894939422607
2025-26,7,MID,Carlos Henrique Casimiro,Man Utd,Sunderland,True,2.1988894939422607
2025-26,7,MID,James McAtee,Nott'm Forest,Newcastle,False,2.1543025970458984
2022-23,7,MID,James McAtee,Man City,Brentford,False,2.1543025970458984
2023-24,7,MID,James McAtee,Man City,Brentford,False,2.1543025970458984
2024-25,7,MID,James McAtee,Man City,Brentford,False,2.1543025970458984
2024-25,7,MID,Andrey Nascimento dos Santos,Chelsea,Liverpool,True,2.1517229080200195
2025-26,7,MID,Andrey Nascimento dos Santos,Chelsea,Liverpool,True,2.1517229080200195
2023-24,7,MID,Andrey Nascimento dos Santos,Nott'm Forest,Newcastle,False,2.1517229080200195
2025-26,7,MID,Max Dowman,Arsenal,West Ham,True,2.126477003097534
2024-25,7,MID,Nico O'Reilly,Man City,Brentford,False,2.120849609375
2024-25,7,MID,Amadou Onana,Aston Villa,Burnley,True,2.101001024246216
2025-26,7,MID,Amadou Onana,Aston Villa,Burnley,True,2.101001024246216
2022-23,7,MID,Amadou Onana,Everton,Crystal Palace,True,2.101001024246216
2023-24,7,MID,Amadou Onana,Everton,Crystal Palace,True,2.101001024246216
2025-26,7,MID,Amine Adli,Bournemouth,Fulham,True,2.092367172241211
2020-21,7,MID,Curtis Jones,Liverpool,Chelsea,False,2.0801846981048584
2021-22,7,MID,Curtis Jones,Liverpool,Chelsea,False,2.0801846981048584
2022-23,7,MID,Curtis Jones,Liverpool,Chelsea,False,2.0801846981048584
2023-24,7,MID,Curtis Jones,Liverpool,Chelsea,False,2.0801846981048584
2024-25,7,MID,Curtis Jones,Liverpool,Chelsea,False,2.0801846981048584
2025-26,7,MID,Curtis Jones,Liverpool,Chelsea,False,2.0801846981048584
2025-26,7,MID,Facundo Buonanotte,Chelsea,Liverpool,True,2.058542490005493
2023-24,7,MID,Facundo Buonanotte,Brighton,Wolves,False,2.058542490005493
2025-26,7,MID,Nico González Iglesias,Man City,Brentford,False,1.9966719150543213
2023-24,7,MID,Carlos Baleba,Brighton,Wolves,False,1.9643391370773315
2024-25,7,MID,Carlos Baleba,Brighton,Wolves,False,1.9643391370773315
2025-26,7,MID,Carlos Baleba,Brighton,Wolves,False,1.9643391370773315
2024-25,7,MID,André Trindade da Costa Neto,Wolves,Brighton,True,1.964053988456726
2025-26,7,MID,André Trindade da Costa Neto,Wolves,Brighton,True,1.964053988456726
2022-23,7,MID,Rodrigo Bentancur,Spurs,Leeds,False,1.9509559869766235
2023-24,7,MID,Rodrigo Bentancur,Spurs,Leeds,False,1.9509559869766235
2024-25,7,MID,Rodrigo Bentancur,Spurs,Leeds,False,1.9509559869766235
2025-26,7,MID,Rodrigo Bentancur,Spurs,Leeds,False,1.9509559869766235
2025-26,7,MID,Ethan Ampadu,Leeds,Spurs,True,1.9470692873001099
2023-24,7,MID,Kobbie Mainoo,Man Utd,Sunderland,True,1.9229604005813599
2024-25,7,MID,Kobbie Mainoo,Man Utd,Sunderland,True,1.9229604005813599
2025-26,7,MID,Kobbie Mainoo,Man Utd,Sunderland,True,1.9229604005813599
2025-26,7,MID,Kevin Santos Lopes de Macedo,Fulham,Bournemouth,False,1.9026260375976562
2025-26,7,MID,Noah Okafor,Leeds,Spurs,True,1.8968205451965332
2022-23,7,MID,Tim Iroegbunam,Aston Villa,Burnley,True,1.8703138828277588
2023-24,7,MID,Tim Iroegbunam,Aston Villa,Burnley,True,1.8703138828277588
2024-25,7,MID,Tim Iroegbunam,Everton,Crystal Palace,True,1.8703138828277588
2025-26,7,MID,Tim Iroegbunam,Everton,Crystal Palace,True,1.8703138828277588
2023-24,7,MID,Lesley Ugochukwu,Chelsea,Liverpool,True,1.8545104265213013
2025-26,7,MID,Lesley Ugochukwu,Burnley,Aston Villa,False,1.8545104265213013
2025-26,7,MID,Wilfried Gnonto,Leeds,Spurs,True,1.8367851972579956
2025-26,7,MID,Ilia Gruev,Leeds,Spurs,True,1.8191800117492676
2021-22,7,MID,Frank Onyeka,Brentford,Man City,True,1.8010475635528564
2022-23,7,MID,Frank Onyeka,Brentford,Man City,True,1.8010475635528564
2023-24,7,MID,Frank Onyeka,Brentford,Man City,True,1.8010475635528564
2024-25,7,MID,Frank Onyeka,Brentford,Man City,True,1.8010475635528564
2025-26,7,MID,Frank Onyeka,Brentford,Man City,True,1.8010475635528564
2025-26,7,MID,Carlos Alcaraz Durán,Everton,Crystal Palace,True,1.786596417427063
2024-25,7,MID,Endo Wataru,Liverpool,Chelsea,False,1.7642213106155396
2025-26,7,MID,Endo Wataru,Liverpool,Chelsea,False,1.7642213106155396
2020-21,7,MID,Jacob Ramsey,Aston Villa,Burnley,True,1.7536922693252563
2021-22,7,MID,Jacob Ramsey,Aston Villa,Burnley,True,1.7536922693252563
2022-23,7,MID,Jacob Ramsey,Aston Villa,Burnley,True,1.7536922693252563
2023-24,7,MID,Jacob Ramsey,Aston Villa,Burnley,True,1.7536922693252563
2024-25,7,MID,Jacob Ramsey,Aston Villa,Burnley,True,1.7536922693252563
2025-26,7,MID,Jacob Ramsey,Newcastle,Nott'm Forest,True,1.7536922693252563
2025-26,7,MID,Adama Traoré Diarra,Fulham,Bournemouth,False,1.7022180557250977
2022-23,7,MID,Adama Traoré Diarra,Wolves,Brighton,True,1.7022180557250977
2025-26,7,MID,Mathys Tel,Spurs,Leeds,False,1.6357290744781494
2022-23,7,MID,Boubacar Kamara,Aston Villa,Burnley,True,1.617884874343872
2023-24,7,MID,Boubacar Kamara,Aston Villa,Burnley,True,1.617884874343872
2024-25,7,MID,Boubacar Kamara,Aston Villa,Burnley,True,1.617884874343872
2025-26,7,MID,Boubacar Kamara,Aston Villa,Burnley,True,1.617884874343872
2025-26,7,MID,Alejandro Garnacho Ferreyra,Chelsea,Liverpool,True,1.448752522468567
2025-26,7,MID,Tanaka Ao,Leeds,Spurs,True,1.4094960689544678
2022-23,7,MID,Ryan Yates,Nott'm Forest,Newcastle,False,1.3736149072647095
2023-24,7,MID,Ryan Yates,Nott'm Forest,Newcastle,False,1.3736149072647095
2024-25,7,MID,Ryan Yates,Nott'm Forest,Newcastle,False,1.3736149072647095
2025-26,7,MID,Ryan Yates,Nott'm Forest,Newcastle,False,1.3736149072647095
2025-26,7,MID,Merlin Röhl,Everton,Crystal Palace,True,1.3377524614334106
2024-25,7,MID,Andy Irving,West Ham,Arsenal,False,1.296779751777649
2025-26,7,MID,Andy Irving,West Ham,Arsenal,False,1.296779751777649
2025-26,7,MID,Soungoutou Magassa,West Ham,Arsenal,False,1.2908858060836792
2020-21,7,MID,Jack Harrison,Leeds,Spurs,True,1.2890516519546509
2021-22,7,MID,Jack Harrison,Leeds,Spurs,True,1.2890516519546509
2022-23,7,MID,Jack Harrison,Leeds,Spurs,True,1.2890516519546509
2025-26,7,MID,Jack Harrison,Leeds,Spurs,True,1.2890516519546509
2023-24,7,MID,Jack Harrison,Everton,Crystal Palace,True,1.2890516519546509
2024-25,7,MID,Jack Harrison,Everton,Crystal Palace,True,1.2890516519546509
2020-21,7,MID,Harvey Elliott,Liverpool,Chelsea,False,1.280252456665039
2021-22,7,MID,Harvey Elliott,Liverpool,Chelsea,False,1.280252456665039
2022-23,7,MID,Harvey Elliott,Liverpool,Chelsea,False,1.280252456665039
2023-24,7,MID,Harvey Elliott,Liverpool,Chelsea,False,1.280252456665039
2024-25,7,MID,Harvey Elliott,Liverpool,Chelsea,False,1.280252456665039
2025-26,7,MID,Harvey Elliott,Aston Villa,Burnley,True,1.280252456665039
2023-24,7,MID,Jack Hinshelwood,Brighton,Wolves,False,1.2677918672561646
2024-25,7,MID,Jack Hinshelwood,Brighton,Wolves,False,1.2677918672561646
2025-26,7,MID,Jack Hinshelwood,Brighton,Wolves,False,1.2677918672561646
2022-23,7,MID,Lewis Cook,Bournemouth,Fulham,True,1.2283568382263184
2023-24,7,MID,Lewis Cook,Bournemouth,Fulham,True,1.2283568382263184
2024-25,7,MID,Lewis Cook,Bournemouth,Fulham,True,1.2283568382263184
2025-26,7,MID,Lewis Cook,Bournemouth,Fulham,True,1.2283568382263184
2023-24,7,MID,Lewis Miley,Newcastle,Nott'm Forest,True,1.2257132530212402
2024-25,7,MID,Lewis Miley,Newcastle,Nott'm Forest,True,1.2257132530212402
2025-26,7,MID,Lewis Miley,Newcastle,Nott'm Forest,True,1.2257132530212402
2025-26,7,MID,Diego Gómez Amarilla,Brighton,Wolves,False,1.213582158088684
2025-26,7,MID,Dilane Bakwa,Nott'm Forest,Newcastle,False,1.1831578016281128
2022-23,7,MID,Joe Willock,Newcastle,Nott'm Forest,True,1.1207256317138672
2023-24,7,MID,Joe Willock,Newcastle,Nott'm Forest,True,1.1207256317138672
2024-25,7,MID,Joe Willock,Newcastle,Nott'm Forest,True,1.1207256317138672
2025-26,7,MID,Joe Willock,Newcastle,Nott'm Forest,True,1.1207256317138672
2024-25,7,MID,Myles Lewis-Skelly,Arsenal,West Ham,True,1.1143959760665894
2025-26,7,MID,Patrick Roberts,Sunderland,Man Utd,False,1.082161545753479
2020-21,7,MID,Dwight McNeil,Burnley,Aston Villa,False,1.0748085975646973
2021-22,7,MID,Dwight McNeil,Burnley,Aston Villa,False,1.0748085975646973
2022-23,7,MID,Dwight McNeil,Everton,Crystal Palace,True,1.0748085975646973
2023-24,7,MID,Dwight McNeil,Everton,Crystal Palace,True,1.0748085975646973
2024-25,7,MID,Dwight McNeil,Everton,Crystal Palace,True,1.0748085975646973
2025-26,7,MID,Dwight McNeil,Everton,Crystal Palace,True,1.0748085975646973
2025-26,7,MID,Florentino Ibrain Morris Luís,Burnley,Aston Villa,False,1.0716389417648315
2024-25,7,MID,Luis Guilherme Lira dos Santos,West Ham,Arsenal,False,1.068629503250122
2025-26,7,MID,Luis Guilherme Lira dos Santos,West Ham,Arsenal,False,1.068629503250122
2020-21,7,MID,Tom Cairney,Fulham,Bournemouth,False,1.0575731992721558
2022-23,7,MID,Tom Cairney,Fulham,Bournemouth,False,1.0575731992721558
2023-24,7,MID,Tom Cairney,Fulham,Bournemouth,False,1.0575731992721558
2024-25,7,MID,Tom Cairney,Fulham,Bournemouth,False,1.0575731992721558
2025-26,7,MID,Tom Cairney,Fulham,Bournemouth,False,1.0575731992721558
2025-26,7,MID,Omari Hutchinson,Nott'm Forest,Newcastle,False,0.9925816655158997
2022-23,7,MID,Ryan Christie,Bournemouth,Fulham,True,0.9752154350280762
2023-24,7,MID,Ryan Christie,Bournemouth,Fulham,True,0.9752154350280762
2024-25,7,MID,Ryan Christie,Bournemouth,Fulham,True,0.9752154350280762
2025-26,7,MID,Ryan Christie,Bournemouth,Fulham,True,0.9752154350280762
2025-26,7,MID,Chris Rigg,Sunderland,Man Utd,False,0.9200679659843445
2025-26,7,MID,Freddie Potts,West Ham,Arsenal,False,0.8986217379570007
2024-25,7,MID,Harrison Armstrong,Everton,Crystal Palace,True,0.8663101196289062
2025-26,7,MID,Harrison Armstrong,Everton,Crystal Palace,True,0.8663101196289062
2025-26,7,MID,Romain Esse,Crystal Palace,Everton,False,0.8166760206222534
2023-24,7,MID,Hamed Traorè,Bournemouth,Fulham,True,0.7817448973655701
2024-25,7,MID,Hamed Traorè,Bournemouth,Fulham,True,0.7817448973655701
2025-26,7,MID,Hamed Traorè,Bournemouth,Fulham,True,0.7817448973655701
2025-26,7,MID,Bradley Burrowes,Aston Villa,Burnley,True,0.7432703375816345
2024-25,7,MID,Guido Rodríguez,West Ham,Arsenal,False,0.6651331186294556
2025-26,7,MID,Guido Rodríguez,West Ham,Arsenal,False,0.6651331186294556
2025-26,7,MID,Antoni Milambo,Brentford,Man City,True,0.6633161306381226
2025-26,7,MID,João Pedro Ferreira da Silva,Nott'm Forest,Newcastle,False,0.6625800132751465
2023-24,7,MID,Kai Havertz,Arsenal,West Ham,True,0.6543733477592468
2020-21,7,MID,Kai Havertz,Chelsea,Liverpool,True,0.6543733477592468
2021-22,7,MID,Kai Havertz,Chelsea,Liverpool,True,0.6543733477592468
2022-23,7,MID,Archie Gray,Leeds,Spurs,True,0.6473110318183899
2024-25,7,MID,Archie Gray,Spurs,Leeds,False,0.6473110318183899
2025-26,7,MID,Archie Gray,Spurs,Leeds,False,0.6473110318183899
2025-26,7,MID,Marcus Edwards,Burnley,Aston Villa,False,0.5833894610404968
2025-26,7,MID,Ben Winterburn,Bournemouth,Fulham,True,0.5780777335166931
2022-23,7,MID,Ben Pearson,Bournemouth,Fulham,True,0.2071644365787506
2022-23,7,MID,Emiliano Marcondes,Bournemouth,Fulham,True,0.2071644365787506
2022-23,7,MID,Jamal Lowe,Bournemouth,Fulham,True,0.2071644365787506
2022-23,7,MID,Joe Rothwell,Bournemouth,Fulham,True,0.2071644365787506
2022-23,7,MID,Junior Stanislas,Bournemouth,Fulham,True,0.2071644365787506
2022-23,7,MID,Philip Billing,Bournemouth,Fulham,True,0.2071644365787506
2022-23,7,MID,Siriki Dembélé,Bournemouth,Fulham,True,0.2071644365787506
2023-24,7,MID,Ben Pearson,Bournemouth,Fulham,True,0.2071644365787506
2023-24,7,MID,Emiliano Marcondes,Bournemouth,Fulham,True,0.2071644365787506
2023-24,7,MID,Gavin Kilkenny,Bournemouth,Fulham,True,0.2071644365787506
2023-24,7,MID,Jamal Lowe,Bournemouth,Fulham,True,0.2071644365787506
2023-24,7,MID,Joe Rothwell,Bournemouth,Fulham,True,0.2071644365787506
2023-24,7,MID,Philip Billing,Bournemouth,Fulham,True,0.2071644365787506
2023-24,7,MID,Siriki Dembélé,Bournemouth,Fulham,True,0.2071644365787506
2024-25,7,MID,Luis Sinisterra,Bournemouth,Fulham,True,0.2071644365787506
2024-25,7,MID,Philip Billing,Bournemouth,Fulham,True,0.2071644365787506
2024-25,7,MID,Romain Faivre,Bournemouth,Fulham,True,0.2071644365787506
2025-26,7,MID,Ben Gannon-Doak,Bournemouth,Fulham,True,0.2071644365787506
2025-26,7,MID,Dominic Sadi,Bournemouth,Fulham,True,0.2071644365787506
2025-26,7,MID,Luis Sinisterra Lucumí,Bournemouth,Fulham,True,0.2071644365787506
2025-26,7,MID,Philip Billing,Bournemouth,Fulham,True,0.2071644365787506
2025-26,7,MID,Remy Rees-Dottin,Bournemouth,Fulham,True,0.2071644365787506
2025-26,7,MID,Romain Faivre,Bournemouth,Fulham,True,0.2071644365787506
2025-26,7,MID,Zain Silcott-Duberry,Bournemouth,Fulham,True,0.2071644365787506
2020-21,7,MID,Aboubakar Kamara,Fulham,Bournemouth,False,0.2071644365787506
2020-21,7,MID,Ademola Lookman,Fulham,Bournemouth,False,0.2071644365787506
2020-21,7,MID,André-Frank Zambo Anguissa,Fulham,Bournemouth,False,0.2071644365787506
2020-21,7,MID,Anthony Knockaert,Fulham,Bournemouth,False,0.2071644365787506
2020-21,7,MID,Harrison Reed,Fulham,Bournemouth,False,0.2071644365787506
2020-21,7,MID,Ivan Ricardo Neves Abreu Cavaleiro,Fulham,Bournemouth,False,0.2071644365787506
2020-21,7,MID,Jean Michaël Seri,Fulham,Bournemouth,False,0.2071644365787506
2020-21,7,MID,Josh Onomah,Fulham,Bournemouth,False,0.2071644365787506
2020-21,7,MID,Kevin McDonald,Fulham,Bournemouth,False,0.2071644365787506
2020-21,7,MID,Mario Lemina,Fulham,Bournemouth,False,0.2071644365787506
2020-21,7,MID,Neeskens Kebano,Fulham,Bournemouth,False,0.2071644365787506
2020-21,7,MID,Stefan Johansen,Fulham,Bournemouth,False,0.2071644365787506
2022-23,7,MID,Andreas Hoelgebaum Pereira,Fulham,Bournemouth,False,0.2071644365787506
2022-23,7,MID,Anthony Knockaert,Fulham,Bournemouth,False,0.2071644365787506
2022-23,7,MID,Bobby De Cordova-Reid,Fulham,Bournemouth,False,0.2071644365787506
2022-23,7,MID,Harrison Reed,Fulham,Bournemouth,False,0.2071644365787506
2022-23,7,MID,Ivan Neves Abreu Cavaleiro,Fulham,Bournemouth,False,0.2071644365787506
2022-23,7,MID,Josh Onomah,Fulham,Bournemouth,False,0.2071644365787506
2022-23,7,MID,João Palhinha Gonçalves,Fulham,Bournemouth,False,0.2071644365787506
2022-23,7,MID,Luke Harris,Fulham,Bournemouth,False,0.2071644365787506
2022-23,7,MID,Manor Solomon,Fulham,Bournemouth,False,0.2071644365787506
2022-23,7,MID,Nathaniel Chalobah,Fulham,Bournemouth,False,0.2071644365787506
2022-23,7,MID,Neeskens Kebano,Fulham,Bournemouth,False,0.2071644365787506
2022-23,7,MID,Tyrese Francois,Fulham,Bournemouth,False,0.2071644365787506
2023-24,7,MID,Adama Traoré,Fulham,Bournemouth,False,0.2071644365787506
2023-24,7,MID,Andreas Hoelgebaum Pereira,Fulham,Bournemouth,False,0.2071644365787506
2023-24,7,MID,Anthony Knockaert,Fulham,Bournemouth,False,0.2071644365787506
2023-24,7,MID,Bobby De Cordova-Reid,Fulham,Bournemouth,False,0.2071644365787506
2023-24,7,MID,Harrison Reed,Fulham,Bournemouth,False,0.2071644365787506
2023-24,7,MID,Ivan Neves Abreu Cavaleiro,Fulham,Bournemouth,False,0.2071644365787506
2023-24,7,MID,João Palhinha Gonçalves,Fulham,Bournemouth,False,0.2071644365787506
2023-24,7,MID,Luke Harris,Fulham,Bournemouth,False,0.2071644365787506
2023-24,7,MID,Matthew Dibley-Dias,Fulham,Bournemouth,False,0.2071644365787506
2023-24,7,MID,Tyrese Francois,Fulham,Bournemouth,False,0.2071644365787506
2023-24,7,MID,Willian Borges da Silva,Fulham,Bournemouth,False,0.2071644365787506
2024-25,7,MID,Adama Traoré,Fulham,Bournemouth,False,0.2071644365787506
2024-25,7,MID,Andreas Hoelgebaum Pereira,Fulham,Bournemouth,False,0.2071644365787506
2024-25,7,MID,Harrison Reed,Fulham,Bournemouth,False,0.2071644365787506
2024-25,7,MID,Luke Harris,Fulham,Bournemouth,False,0.2071644365787506
2024-25,7,MID,Martial Godo,Fulham,Bournemouth,False,0.2071644365787506
2024-25,7,MID,Reiss Nelson,Fulham,Bournemouth,False,0.2071644365787506
2025-26,7,MID,Andreas Hoelgebaum Pereira,Fulham,Bournemouth,False,0.2071644365787506
2025-26,7,MID,Harrison Reed,Fulham,Bournemouth,False,0.2071644365787506
2025-26,7,MID,Luke Harris,Fulham,Bournemouth,False,0.2071644365787506
2025-26,7,MID,Martial Godo,Fulham,Bournemouth,False,0.2071644365787506
2025-26,7,MID,Samuel Chukwueze,Fulham,Bournemouth,False,0.2071644365787506
2020-21,7,MID,Adam Forshaw,Leeds,Spurs,True,0.2071644365787506
2020-21,7,MID,Hélder Wander Sousa de Azevedo e Costa,Leeds,Spurs,True,0.2071644365787506
2020-21,7,MID,Ian Carlo Poveda-Ocampo,Leeds,Spurs,True,0.2071644365787506
2020-21,7,MID,Jamie Shackleton,Leeds,Spurs,True,0.2071644365787506
2020-21,7,MID,Jay-Roy Grot,Leeds,Spurs,True,0.2071644365787506
2020-21,7,MID,Jordan Stevens,Leeds,Spurs,True,0.2071644365787506
2020-21,7,MID,Kalvin Phillips,Leeds,Spurs,True,0.2071644365787506
2020-21,7,MID,Mateusz Bogusz,Leeds,Spurs,True,0.2071644365787506
2020-21,7,MID,Mateusz Klich,Leeds,Spurs,True,0.2071644365787506
2020-21,7,MID,Pablo Hernández Domínguez,Leeds,Spurs,True,0.2071644365787506
2020-21,7,MID,Tyler Roberts,Leeds,Spurs,True,0.2071644365787506
2021-22,7,MID,Adam Forshaw,Leeds,Spurs,True,0.2071644365787506
2021-22,7,MID,Hélder Wander Sousa de Azevedo e Costa,Leeds,Spurs,True,0.2071644365787506
2021-22,7,MID,Ian Carlo Poveda-Ocampo,Leeds,Spurs,True,0.2071644365787506
2021-22,7,MID,Jamie Shackleton,Leeds,Spurs,True,0.2071644365787506
2021-22,7,MID,Kalvin Phillips,Leeds,Spurs,True,0.2071644365787506
2021-22,7,MID,Liam McCarron,Leeds,Spurs,True,0.2071644365787506
2021-22,7,MID,Mateusz Klich,Leeds,Spurs,True,0.2071644365787506
2021-22,7,MID,Pablo Hernández Domínguez,Leeds,Spurs,True,0.2071644365787506
2021-22,7,MID,Raphael Dias Belloli,Leeds,Spurs,True,0.2071644365787506
2021-22,7,MID,Stuart Dallas,Leeds,Spurs,True,0.2071644365787506
2021-22,7,MID,Tyler Roberts,Leeds,Spurs,True,0.2071644365787506
2022-23,7,MID,Adam Forshaw,Leeds,Spurs,True,0.2071644365787506
2022-23,7,MID,Darko Gyabi,Leeds,Spurs,True,0.2071644365787506
2022-23,7,MID,Jamie Shackleton,Leeds,Spurs,True,0.2071644365787506
2022-23,7,MID,Lewis Bate,Leeds,Spurs,True,0.2071644365787506
2022-23,7,MID,Luis Sinisterra Lucumí,Leeds,Spurs,True,0.2071644365787506
2022-23,7,MID,Marc Roca Junqué,Leeds,Spurs,True,0.2071644365787506
2022-23,7,MID,Mateusz Klich,Leeds,Spurs,True,0.2071644365787506
2022-23,7,MID,Raphael Dias Belloli,Leeds,Spurs,True,0.2071644365787506
2022-23,7,MID,Rodrigo Moreno,Leeds,Spurs,True,0.2071644365787506
2022-23,7,MID,Tyler Roberts,Leeds,Spurs,True,0.2071644365787506
2025-26,7,MID,Charlie Crew,Leeds,Spurs,True,0.2071644365787506
2025-26,7,MID,Darko Gyabi,Leeds,Spurs,True,0.2071644365787506
2025-26,7,MID,Joe Gelhardt,Leeds,Spurs,True,0.2071644365787506
2025-26,7,MID,Largie Ramazani,Leeds,Spurs,True,0.2071644365787506
2025-26,7,MID,Sam Greenwood,Leeds,Spurs,True,0.2071644365787506
2020-21,7,MID,Bamidele Alli,Spurs,Leeds,False,0.2071644365787506
2020-21,7,MID,Erik Lamela,Spurs,Leeds,False,0.2071644365787506
2020-21,7,MID,Gareth Bale,Spurs,Leeds,False,0.2071644365787506
2020-21,7,MID,Gedson Carvalho Fernandes,Spurs,Leeds,False,0.2071644365787506
2020-21,7,MID,Giovani Lo Celso,Spurs,Leeds,False,0.2071644365787506
2020-21,7,MID,Harry Winks,Spurs,Leeds,False,0.2071644365787506
2020-21,7,MID,Heung-Min Son,Spurs,Leeds,False,0.2071644365787506
2020-21,7,MID,Lucas Rodrigues Moura da Silva,Spurs,Leeds,False,0.2071644365787506
2020-21,7,MID,Moussa Sissoko,Spurs,Leeds,False,0.2071644365787506
2020-21,7,MID,Oliver Skipp,Spurs,Leeds,False,0.2071644365787506
2020-21,7,MID,Pierre-Emile Højbjerg,Spurs,Leeds,False,0.2071644365787506
2020-21,7,MID,Steven Bergwijn,Spurs,Leeds,False,0.2071644365787506
2020-21,7,MID,Tanguy Ndombele,Spurs,Leeds,False,0.2071644365787506
2021-22,7,MID,Bamidele Alli,Spurs,Leeds,False,0.2071644365787506
2021-22,7,MID,Bryan Gil Salvatierra,Spurs,Leeds,False,0.2071644365787506
2021-22,7,MID,Dilan Markanday,Spurs,Leeds,False,0.2071644365787506
2021-22,7,MID,Erik Lamela,Spurs,Leeds,False,0.2071644365787506
2021-22,7,MID,Giovani Lo Celso,Spurs,Leeds,False,0.2071644365787506
2021-22,7,MID,Harry Winks,Spurs,Leeds,False,0.2071644365787506
2021-22,7,MID,Heung-Min Son,Spurs,Leeds,False,0.2071644365787506
2021-22,7,MID,Lucas Rodrigues Moura da Silva,Spurs,Leeds,False,0.2071644365787506
2021-22,7,MID,Oliver Skipp,Spurs,Leeds,False,0.2071644365787506
2021-22,7,MID,Pierre-Emile Højbjerg,Spurs,Leeds,False,0.2071644365787506
2021-22,7,MID,Steven Bergwijn,Spurs,Leeds,False,0.2071644365787506
2021-22,7,MID,Tanguy Ndombele,Spurs,Leeds,False,0.2071644365787506
2022-23,7,MID,Alfie Devine,Spurs,Leeds,False,0.2071644365787506
2022-23,7,MID,Bryan Gil Salvatierra,Spurs,Leeds,False,0.2071644365787506
2022-23,7,MID,Dejan Kulusevski,Spurs,Leeds,False,0.2071644365787506
2022-23,7,MID,Harry Winks,Spurs,Leeds,False,0.2071644365787506
2022-23,7,MID,Harvey White,Spurs,Leeds,False,0.2071644365787506
2022-23,7,MID,Lucas Rodrigues Moura da Silva,Spurs,Leeds,False,0.2071644365787506
2022-23,7,MID,Oliver Skipp,Spurs,Leeds,False,0.2071644365787506
2022-23,7,MID,Pierre-Emile Højbjerg,Spurs,Leeds,False,0.2071644365787506
2022-23,7,MID,Son Heung-min,Spurs,Leeds,False,0.2071644365787506
2022-23,7,MID,Steven Bergwijn,Spurs,Leeds,False,0.2071644365787506
2022-23,7,MID,Yves Bissouma,Spurs,Leeds,False,0.2071644365787506
2023-24,7,MID,Bryan Gil Salvatierra,Spurs,Leeds,False,0.2071644365787506
2023-24,7,MID,Dejan Kulusevski,Spurs,Leeds,False,0.2071644365787506
2023-24,7,MID,Giovani Lo Celso,Spurs,Leeds,False,0.2071644365787506
2023-24,7,MID,James Maddison,Spurs,Leeds,False,0.2071644365787506
2023-24,7,MID,Manor Solomon,Spurs,Leeds,False,0.2071644365787506
2023-24,7,MID,Oliver Skipp,Spurs,Leeds,False,0.2071644365787506
2023-24,7,MID,Pierre-Emile Højbjerg,Spurs,Leeds,False,0.2071644365787506
2023-24,7,MID,Son Heung-min,Spurs,Leeds,False,0.2071644365787506
2023-24,7,MID,Tanguy Ndombélé Alvaro,Spurs,Leeds,False,0.2071644365787506
2023-24,7,MID,Yves Bissouma,Spurs,Leeds,False,0.2071644365787506
2024-25,7,MID,Alfie Devine,Spurs,Leeds,False,0.2071644365787506
2024-25,7,MID,Bryan Gil Salvatierra,Spurs,Leeds,False,0.2071644365787506
2024-25,7,MID,Dejan Kulusevski,Spurs,Leeds,False,0.2071644365787506
2024-25,7,MID,Giovani Lo Celso,Spurs,Leeds,False,0.2071644365787506
2024-25,7,MID,James Maddison,Spurs,Leeds,False,0.2071644365787506
2024-25,7,MID,Manor Solomon,Spurs,Leeds,False,0.2071644365787506
2024-25,7,MID,Mikey Moore,Spurs,Leeds,False,0.2071644365787506
2024-25,7,MID,Pierre-Emile Højbjerg,Spurs,Leeds,False,0.2071644365787506
2024-25,7,MID,Son Heung-min,Spurs,Leeds,False,0.2071644365787506
2024-25,7,MID,Timo Werner,Spurs,Leeds,False,0.2071644365787506
2024-25,7,MID,Yves Bissouma,Spurs,Leeds,False,0.2071644365787506
2025-26,7,MID,Bryan Gil Salvatierra,Spurs,Leeds,False,0.2071644365787506
2025-26,7,MID,Callum Olusesi,Spurs,Leeds,False,0.2071644365787506
2025-26,7,MID,Dejan Kulusevski,Spurs,Leeds,False,0.2071644365787506
2025-26,7,MID,James Maddison,Spurs,Leeds,False,0.2071644365787506
2025-26,7,MID,Manor Solomon,Spurs,Leeds,False,0.2071644365787506
2025-26,7,MID,Mikey Moore,Spurs,Leeds,False,0.2071644365787506
2025-26,7,MID,Son Heung-min,Spurs,Leeds,False,0.2071644365787506
2025-26,7,MID,Yang Min-hyeok,Spurs,Leeds,False,0.2071644365787506
2025-26,7,MID,Yves Bissouma,Spurs,Leeds,False,0.2071644365787506
2020-21,7,MID,Daniel Ceballos Fernández,Arsenal,West Ham,True,0.2071644365787506
2020-21,7,MID,Gabriel Teodoro Martinelli Silva,Arsenal,West Ham,True,0.2071644365787506
2020-21,7,MID,Joseph Willock,Arsenal,West Ham,True,0.2071644365787506
2020-21,7,MID,Lucas Torreira,Arsenal,West Ham,True,0.2071644365787506
2020-21,7,MID,Matteo Guendouzi,Arsenal,West Ham,True,0.2071644365787506
2020-21,7,MID,Mesut Özil,Arsenal,West Ham,True,0.2071644365787506
2020-21,7,MID,Mohamed Naser El Sayed Elneny,Arsenal,West Ham,True,0.2071644365787506
2020-21,7,MID,Nicolas Pépé,Arsenal,West Ham,True,0.2071644365787506
2020-21,7,MID,Pierre-Emerick Aubameyang,Arsenal,West Ham,True,0.2071644365787506
2020-21,7,MID,Reiss Nelson,Arsenal,West Ham,True,0.2071644365787506
2020-21,7,MID,Willian Borges Da Silva,Arsenal,West Ham,True,0.2071644365787506
2021-22,7,MID,Ainsley Maitland-Niles,Arsenal,West Ham,True,0.2071644365787506
2021-22,7,MID,Albert Sambi Lokonga,Arsenal,West Ham,True,0.2071644365787506
2021-22,7,MID,Gabriel Teodoro Martinelli Silva,Arsenal,West Ham,True,0.2071644365787506
2021-22,7,MID,Lucas Torreira,Arsenal,West Ham,True,0.2071644365787506
2021-22,7,MID,Mattéo Guendouzi,Arsenal,West Ham,True,0.2071644365787506
2021-22,7,MID,Mohamed Naser El Sayed Elneny,Arsenal,West Ham,True,0.2071644365787506
2021-22,7,MID,Nicolas Pépé,Arsenal,West Ham,True,0.2071644365787506
2021-22,7,MID,Reiss Nelson,Arsenal,West Ham,True,0.2071644365787506
2021-22,7,MID,Thomas Partey,Arsenal,West Ham,True,0.2071644365787506
2021-22,7,MID,Willian Borges Da Silva,Arsenal,West Ham,True,0.2071644365787506
2022-23,7,MID,Ainsley Maitland-Niles,Arsenal,West Ham,True,0.2071644365787506
2022-23,7,MID,Albert Sambi Lokonga,Arsenal,West Ham,True,0.2071644365787506
2022-23,7,MID,Fábio Ferreira Vieira,Arsenal,West Ham,True,0.2071644365787506
2022-23,7,MID,Lucas Torreira di Pascua,Arsenal,West Ham,True,0.2071644365787506
2022-23,7,MID,Marcus Oliveira Alencar,Arsenal,West Ham,True,0.2071644365787506
2022-23,7,MID,Mohamed Elneny,Arsenal,West Ham,True,0.2071644365787506
2022-23,7,MID,Nicolas Pépé,Arsenal,West Ham,True,0.2071644365787506
2022-23,7,MID,Reiss Nelson,Arsenal,West Ham,True,0.2071644365787506
2022-23,7,MID,Thomas Partey,Arsenal,West Ham,True,0.2071644365787506
2023-24,7,MID,Albert Sambi Lokonga,Arsenal,West Ham,True,0.2071644365787506
2023-24,7,MID,Fábio Ferreira Vieira,Arsenal,West Ham,True,0.2071644365787506
2023-24,7,MID,Jorge Luiz Frello Filho,Arsenal,West Ham,True,0.2071644365787506
2023-24,7,MID,Marcus Oliveira Alencar,Arsenal,West Ham,True,0.2071644365787506
2023-24,7,MID,Mohamed Elneny,Arsenal,West Ham,True,0.2071644365787506
2023-24,7,MID,Nicolas Pépé,Arsenal,West Ham,True,0.2071644365787506
2023-24,7,MID,Reiss Nelson,Arsenal,West Ham,True,0.2071644365787506
2023-24,7,MID,Thomas Partey,Arsenal,West Ham,True,0.2071644365787506
2024-25,7,MID,Fábio Ferreira Vieira,Arsenal,West Ham,True,0.2071644365787506
2024-25,7,MID,Ismeal Kabia,Arsenal,West Ham,True,0.2071644365787506
2024-25,7,MID,Jorge Luiz Frello Filho,Arsenal,West Ham,True,0.2071644365787506
2024-25,7,MID,Mikel Merino,Arsenal,West Ham,True,0.2071644365787506
2024-25,7,MID,Raheem Sterling,Arsenal,West Ham,True,0.2071644365787506
2024-25,7,MID,Salah-Eddine Oulad M'hand,Arsenal,West Ham,True,0.2071644365787506
2024-25,7,MID,Thomas Partey,Arsenal,West Ham,True,0.2071644365787506
2025-26,7,MID,Albert Sambi Lokonga,Arsenal,West Ham,True,0.2071644365787506
2025-26,7,MID,Andre Harriman-Annous,Arsenal,West Ham,True,0.2071644365787506
2025-26,7,MID,Christian Nørgaard,Arsenal,West Ham,True,0.2071644365787506
2025-26,7,MID,Fábio Ferreira Vieira,Arsenal,West Ham,True,0.2071644365787506
2025-26,7,MID,Ismeal Kabia,Arsenal,West Ham,True,0.2071644365787506
2020-21,7,MID,Andriy Yarmolenko,West Ham,Arsenal,False,0.2071644365787506
2020-21,7,MID,Felipe Anderson Pereira Gomes,West Ham,Arsenal,False,0.2071644365787506
2020-21,7,MID,Jack Wilshere,West Ham,Arsenal,False,0.2071644365787506
2020-21,7,MID,Manuel Lanzini,West Ham,Arsenal,False,0.2071644365787506
2020-21,7,MID,Mark Noble,West Ham,Arsenal,False,0.2071644365787506
2020-21,7,MID,Pablo Fornals,West Ham,Arsenal,False,0.2071644365787506
2020-21,7,MID,Robert Snodgrass,West Ham,Arsenal,False,0.2071644365787506
2020-21,7,MID,Tomas Soucek,West Ham,Arsenal,False,0.2071644365787506
2021-22,7,MID,Alex Kral,West Ham,Arsenal,False,0.2071644365787506
2021-22,7,MID,Andriy Yarmolenko,West Ham,Arsenal,False,0.2071644365787506
2021-22,7,MID,Conor Coventry,West Ham,Arsenal,False,0.2071644365787506
2021-22,7,MID,Manuel Lanzini,West Ham,Arsenal,False,0.2071644365787506
2021-22,7,MID,Mark Noble,West Ham,Arsenal,False,0.2071644365787506
2021-22,7,MID,Nikola Vlasic,West Ham,Arsenal,False,0.2071644365787506
2021-22,7,MID,Pablo Fornals,West Ham,Arsenal,False,0.2071644365787506
2021-22,7,MID,Saïd Benrahma,West Ham,Arsenal,False,0.2071644365787506
2021-22,7,MID,Tomas Soucek,West Ham,Arsenal,False,0.2071644365787506
2022-23,7,MID,Armstrong Oko-Flex,West Ham,Arsenal,False,0.2071644365787506
2022-23,7,MID,Conor Coventry,West Ham,Arsenal,False,0.2071644365787506
2022-23,7,MID,Flynn Downes,West Ham,Arsenal,False,0.2071644365787506
2022-23,7,MID,Manuel Lanzini,West Ham,Arsenal,False,0.2071644365787506
2022-23,7,MID,Maxwel Cornet,West Ham,Arsenal,False,0.2071644365787506
2022-23,7,MID,Nikola Vlasic,West Ham,Arsenal,False,0.2071644365787506
2022-23,7,MID,Pablo Fornals Malla,West Ham,Arsenal,False,0.2071644365787506
2022-23,7,MID,Saïd Benrahma,West Ham,Arsenal,False,0.2071644365787506
2022-23,7,MID,Tomas Soucek,West Ham,Arsenal,False,0.2071644365787506
2023-24,7,MID,Conor Coventry,West Ham,Arsenal,False,0.2071644365787506
2023-24,7,MID,Edson Álvarez Velázquez,West Ham,Arsenal,False,0.2071644365787506
2023-24,7,MID,Flynn Downes,West Ham,Arsenal,False,0.2071644365787506
2023-24,7,MID,Maxwel Cornet,West Ham,Arsenal,False,0.2071644365787506
2023-24,7,MID,Nikola Vlašić,West Ham,Arsenal,False,0.2071644365787506
2023-24,7,MID,Pablo Fornals Malla,West Ham,Arsenal,False,0.2071644365787506
2023-24,7,MID,Saïd Benrahma,West Ham,Arsenal,False,0.2071644365787506
2024-25,7,MID,Carlos Soler,West Ham,Arsenal,False,0.2071644365787506
2024-25,7,MID,Edson Álvarez Velázquez,West Ham,Arsenal,False,0.2071644365787506
2024-25,7,MID,George Earthy,West Ham,Arsenal,False,0.2071644365787506
2025-26,7,MID,Edson Álvarez Velázquez,West Ham,Arsenal,False,0.2071644365787506
2025-26,7,MID,George Earthy,West Ham,Arsenal,False,0.2071644365787506
2025-26,7,MID,Lewis Orford,West Ham,Arsenal,False,0.2071644365787506
2025-26,7,MID,Maxwel Cornet,West Ham,Arsenal,False,0.2071644365787506
2020-21,7,MID,Andreas Pereira,Man Utd,Sunderland,True,0.2071644365787506
2020-21,7,MID,Bruno Miguel Borges Fernandes,Man Utd,Sunderland,True,0.2071644365787506
2020-21,7,MID,Donny van de Beek,Man Utd,Sunderland,True,0.2071644365787506
2020-21,7,MID,Frederico Rodrigues de Paula Santos,Man Utd,Sunderland,True,0.2071644365787506
2020-21,7,MID,Jesse Lingard,Man Utd,Sunderland,True,0.2071644365787506
2020-21,7,MID,Juan Mata,Man Utd,Sunderland,True,0.2071644365787506
2020-21,7,MID,Marcus Rashford,Man Utd,Sunderland,True,0.2071644365787506
2020-21,7,MID,Mason Greenwood,Man Utd,Sunderland,True,0.2071644365787506
2020-21,7,MID,Nemanja Matic,Man Utd,Sunderland,True,0.2071644365787506
2020-21,7,MID,Paul Pogba,Man Utd,Sunderland,True,0.2071644365787506
2020-21,7,MID,Scott McTominay,Man Utd,Sunderland,True,0.2071644365787506
2020-21,7,MID,Tahith Chong,Man Utd,Sunderland,True,0.2071644365787506
2021-22,7,MID,Andreas Pereira,Man Utd,Sunderland,True,0.2071644365787506
2021-22,7,MID,Bruno Miguel Borges Fernandes,Man Utd,Sunderland,True,0.2071644365787506
2021-22,7,MID,Donny van de Beek,Man Utd,Sunderland,True,0.2071644365787506
2021-22,7,MID,Frederico Rodrigues de Paula Santos,Man Utd,Sunderland,True,0.2071644365787506
2021-22,7,MID,Jadon Sancho,Man Utd,Sunderland,True,0.2071644365787506
2021-22,7,MID,Jesse Lingard,Man Utd,Sunderland,True,0.2071644365787506
2021-22,7,MID,Juan Mata,Man Utd,Sunderland,True,0.2071644365787506
2021-22,7,MID,Marcus Rashford,Man Utd,Sunderland,True,0.2071644365787506
2021-22,7,MID,Mason Greenwood,Man Utd,Sunderland,True,0.2071644365787506
2021-22,7,MID,Nemanja Matic,Man Utd,Sunderland,True,0.2071644365787506
2021-22,7,MID,Paul Pogba,Man Utd,Sunderland,True,0.2071644365787506
2021-22,7,MID,Scott McTominay,Man Utd,Sunderland,True,0.2071644365787506
2022-23,7,MID,Alejandro Garnacho,Man Utd,Sunderland,True,0.2071644365787506
2022-23,7,MID,Christian Eriksen,Man Utd,Sunderland,True,0.2071644365787506
2022-23,7,MID,Donny van de Beek,Man Utd,Sunderland,True,0.2071644365787506
2022-23,7,MID,Facundo Pellistri Rebollo,Man Utd,Sunderland,True,0.2071644365787506
2022-23,7,MID,Frederico Rodrigues de Paula Santos,Man Utd,Sunderland,True,0.2071644365787506
2022-23,7,MID,Jadon Sancho,Man Utd,Sunderland,True,0.2071644365787506
2022-23,7,MID,Marcus Rashford,Man Utd,Sunderland,True,0.2071644365787506
2022-23,7,MID,Scott McTominay,Man Utd,Sunderland,True,0.2071644365787506
2022-23,7,MID,Zidane Iqbal,Man Utd,Sunderland,True,0.2071644365787506
2023-24,7,MID,Alejandro Garnacho,Man Utd,Sunderland,True,0.2071644365787506
2023-24,7,MID,Antony Matheus dos Santos,Man Utd,Sunderland,True,0.2071644365787506
2023-24,7,MID,Christian Eriksen,Man Utd,Sunderland,True,0.2071644365787506
2023-24,7,MID,Daniel Gore,Man Utd,Sunderland,True,0.2071644365787506
2023-24,7,MID,Donny van de Beek,Man Utd,Sunderland,True,0.2071644365787506
2023-24,7,MID,Facundo Pellistri Rebollo,Man Utd,Sunderland,True,0.2071644365787506
2023-24,7,MID,Frederico Rodrigues de Paula Santos,Man Utd,Sunderland,True,0.2071644365787506
2023-24,7,MID,Jadon Sancho,Man Utd,Sunderland,True,0.2071644365787506
2023-24,7,MID,Marcus Rashford,Man Utd,Sunderland,True,0.2071644365787506
2023-24,7,MID,Omari Forson,Man Utd,Sunderland,True,0.2071644365787506
2023-24,7,MID,Scott McTominay,Man Utd,Sunderland,True,0.2071644365787506
2024-25,7,MID,Alejandro Garnacho,Man Utd,Sunderland,True,0.2071644365787506
2024-25,7,MID,Antony Matheus dos Santos,Man Utd,Sunderland,True,0.2071644365787506
2024-25,7,MID,Christian Eriksen,Man Utd,Sunderland,True,0.2071644365787506
2024-25,7,MID,Facundo Pellistri Rebollo,Man Utd,Sunderland,True,0.2071644365787506
2024-25,7,MID,Manuel Ugarte,Man Utd,Sunderland,True,0.2071644365787506
2024-25,7,MID,Marcus Rashford,Man Utd,Sunderland,True,0.2071644365787506
2024-25,7,MID,Scott McTominay,Man Utd,Sunderland,True,0.2071644365787506
2024-25,7,MID,Toby Collyer,Man Utd,Sunderland,True,0.2071644365787506
2025-26,7,MID,Antony dos Santos,Man Utd,Sunderland,True,0.2071644365787506
2025-26,7,MID,Jack Fletcher,Man Utd,Sunderland,True,0.2071644365787506
2025-26,7,MID,Jack Moorhouse,Man Utd,Sunderland,True,0.2071644365787506
2025-26,7,MID,Jayce Fitzgerald,Man Utd,Sunderland,True,0.2071644365787506
2025-26,7,MID,Marcus Rashford,Man Utd,Sunderland,True,0.2071644365787506
2025-26,7,MID,Sékou Koné,Man Utd,Sunderland,True,0.2071644365787506
2025-26,7,MID,Toby Collyer,Man Utd,Sunderland,True,0.2071644365787506
2025-26,7,MID,Abdoullah Ba,Sunderland,Man Utd,False,0.2071644365787506
2025-26,7,MID,Alan Browne,Sunderland,Man Utd,False,0.2071644365787506
2025-26,7,MID,Bertrand Traoré,Sunderland,Man Utd,False,0.2071644365787506
2025-26,7,MID,Dan Neil,Sunderland,Man Utd,False,0.2071644365787506
2025-26,7,MID,Harrison Jones,Sunderland,Man Utd,False,0.2071644365787506
2025-26,7,MID,Ian Poveda-Ocampo,Sunderland,Man Utd,False,0.2071644365787506
2025-26,7,MID,Jay Matete,Sunderland,Man Utd,False,0.2071644365787506
2025-26,7,MID,Milan Aleksić,Sunderland,Man Utd,False,0.2071644365787506
2025-26,7,MID,Nectarios Triantis,Sunderland,Man Utd,False,0.2071644365787506
2025-26,7,MID,Pierre Ekwah Elimby,Sunderland,Man Utd,False,0.2071644365787506
2025-26,7,MID,Romaine Mundle,Sunderland,Man Utd,False,0.2071644365787506
2020-21,7,MID,Billy Gilmour,Chelsea,Liverpool,True,0.2071644365787506
2020-21,7,MID,Christian Pulisic,Chelsea,Liverpool,True,0.2071644365787506
2020-21,7,MID,Hakim Ziyech,Chelsea,Liverpool,True,0.2071644365787506
2020-21,7,MID,Jorge Luiz Frello Filho,Chelsea,Liverpool,True,0.2071644365787506
2020-21,7,MID,Mateo Kovacic,Chelsea,Liverpool,True,0.2071644365787506
2020-21,7,MID,N'Golo Kanté,Chelsea,Liverpool,True,0.2071644365787506
2020-21,7,MID,Ruben Loftus-Cheek,Chelsea,Liverpool,True,0.2071644365787506
2021-22,7,MID,Christian Pulisic,Chelsea,Liverpool,True,0.2071644365787506
2021-22,7,MID,Hakim Ziyech,Chelsea,Liverpool,True,0.2071644365787506
2021-22,7,MID,Jorge Luiz Frello Filho,Chelsea,Liverpool,True,0.2071644365787506
2021-22,7,MID,Mateo Kovacic,Chelsea,Liverpool,True,0.2071644365787506
2021-22,7,MID,N'Golo Kanté,Chelsea,Liverpool,True,0.2071644365787506
2021-22,7,MID,Ross Barkley,Chelsea,Liverpool,True,0.2071644365787506
2021-22,7,MID,Ruben Loftus-Cheek,Chelsea,Liverpool,True,0.2071644365787506
2021-22,7,MID,Saúl Ñíguez,Chelsea,Liverpool,True,0.2071644365787506
2022-23,7,MID,Billy Gilmour,Chelsea,Liverpool,True,0.2071644365787506
2022-23,7,MID,Carney Chukwuemeka,Chelsea,Liverpool,True,0.2071644365787506
2022-23,7,MID,Christian Pulisic,Chelsea,Liverpool,True,0.2071644365787506
2022-23,7,MID,Conor Gallagher,Chelsea,Liverpool,True,0.2071644365787506
2022-23,7,MID,Hakim Ziyech,Chelsea,Liverpool,True,0.2071644365787506
2022-23,7,MID,Jorge Luiz Frello Filho,Chelsea,Liverpool,True,0.2071644365787506
2022-23,7,MID,Mateo Kovacic,Chelsea,Liverpool,True,0.2071644365787506
2022-23,7,MID,N'Golo Kanté,Chelsea,Liverpool,True,0.2071644365787506
2022-23,7,MID,Raheem Sterling,Chelsea,Liverpool,True,0.2071644365787506
2022-23,7,MID,Ross Barkley,Chelsea,Liverpool,True,0.2071644365787506
2022-23,7,MID,Ruben Loftus-Cheek,Chelsea,Liverpool,True,0.2071644365787506
2023-24,7,MID,Carney Chukwuemeka,Chelsea,Liverpool,True,0.2071644365787506
2023-24,7,MID,Christian Pulisic,Chelsea,Liverpool,True,0.2071644365787506
2023-24,7,MID,Conor Gallagher,Chelsea,Liverpool,True,0.2071644365787506
2023-24,7,MID,Diego Manuel Jadon da Silva Moreira,Chelsea,Liverpool,True,0.2071644365787506
2023-24,7,MID,Hakim Ziyech,Chelsea,Liverpool,True,0.2071644365787506
2023-24,7,MID,Mykhailo Mudryk,Chelsea,Liverpool,True,0.2071644365787506
2023-24,7,MID,Raheem Sterling,Chelsea,Liverpool,True,0.2071644365787506
2023-24,7,MID,Roméo Lavia,Chelsea,Liverpool,True,0.2071644365787506
2023-24,7,MID,Ângelo Gabriel Borges Damaceno,Chelsea,Liverpool,True,0.2071644365787506
2024-25,7,MID,Carney Chukwuemeka,Chelsea,Liverpool,True,0.2071644365787506
2024-25,7,MID,Cesare Casadei,Chelsea,Liverpool,True,0.2071644365787506
2024-25,7,MID,Christopher Nkunku,Chelsea,Liverpool,True,0.2071644365787506
2024-25,7,MID,Conor Gallagher,Chelsea,Liverpool,True,0.2071644365787506
2024-25,7,MID,Jadon Sancho,Chelsea,Liverpool,True,0.2071644365787506
2024-25,7,MID,João Félix Sequeira,Chelsea,Liverpool,True,0.2071644365787506
2024-25,7,MID,Mykhailo Mudryk,Chelsea,Liverpool,True,0.2071644365787506
2024-25,7,MID,Omari Kellyman,Chelsea,Liverpool,True,0.2071644365787506
2024-25,7,MID,Renato Palma Veiga,Chelsea,Liverpool,True,0.2071644365787506
2024-25,7,MID,Roméo Lavia,Chelsea,Liverpool,True,0.2071644365787506
2024-25,7,MID,Ângelo Gabriel Borges Damaceno,Chelsea,Liverpool,True,0.2071644365787506
2025-26,7,MID,Christopher Nkunku,Chelsea,Liverpool,True,0.2071644365787506
2025-26,7,MID,Dário Luís Essugo,Chelsea,Liverpool,True,0.2071644365787506
2025-26,7,MID,Kendry Páez Andrade,Chelsea,Liverpool,True,0.2071644365787506
2025-26,7,MID,Mykhailo Mudryk,Chelsea,Liverpool,True,0.2071644365787506
2025-26,7,MID,Roméo Lavia,Chelsea,Liverpool,True,0.2071644365787506
2020-21,7,MID,Alex Oxlade-Chamberlain,Liverpool,Chelsea,False,0.2071644365787506
2020-21,7,MID,Diogo Jota,Liverpool,Chelsea,False,0.2071644365787506
2020-21,7,MID,Fabio Henrique Tavares,Liverpool,Chelsea,False,0.2071644365787506
2020-21,7,MID,Georginio Wijnaldum,Liverpool,Chelsea,False,0.2071644365787506
2020-21,7,MID,Naby Keita,Liverpool,Chelsea,False,0.2071644365787506
2020-21,7,MID,Sadio Mané,Liverpool,Chelsea,False,0.2071644365787506
2020-21,7,MID,Takumi Minamino,Liverpool,Chelsea,False,0.2071644365787506
2020-21,7,MID,Thiago Alcántara do Nascimento,Liverpool,Chelsea,False,0.2071644365787506
2020-21,7,MID,Xherdan Shaqiri,Liverpool,Chelsea,False,0.2071644365787506
2021-22,7,MID,Alex Oxlade-Chamberlain,Liverpool,Chelsea,False,0.2071644365787506
2021-22,7,MID,Ben Woodburn,Liverpool,Chelsea,False,0.2071644365787506
2021-22,7,MID,Diogo Jota,Liverpool,Chelsea,False,0.2071644365787506
2021-22,7,MID,Fabio Henrique Tavares,Liverpool,Chelsea,False,0.2071644365787506
2021-22,7,MID,Naby Keita,Liverpool,Chelsea,False,0.2071644365787506
2021-22,7,MID,Sadio Mané,Liverpool,Chelsea,False,0.2071644365787506
2021-22,7,MID,Takumi Minamino,Liverpool,Chelsea,False,0.2071644365787506
2021-22,7,MID,Thiago Alcántara do Nascimento,Liverpool,Chelsea,False,0.2071644365787506
2021-22,7,MID,Xherdan Shaqiri,Liverpool,Chelsea,False,0.2071644365787506
2022-23,7,MID,Alex Oxlade-Chamberlain,Liverpool,Chelsea,False,0.2071644365787506
2022-23,7,MID,Bobby Clark,Liverpool,Chelsea,False,0.2071644365787506
2022-23,7,MID,Fabio Henrique Tavares,Liverpool,Chelsea,False,0.2071644365787506
2022-23,7,MID,Luis Díaz,Liverpool,Chelsea,False,0.2071644365787506
2022-23,7,MID,Naby Keita,Liverpool,Chelsea,False,0.2071644365787506
2022-23,7,MID,Stefan Bajcetic,Liverpool,Chelsea,False,0.2071644365787506
2022-23,7,MID,Thiago Alcántara do Nascimento,Liverpool,Chelsea,False,0.2071644365787506
2023-24,7,MID,Ben Doak,Liverpool,Chelsea,False,0.2071644365787506
2023-24,7,MID,Bobby Clark,Liverpool,Chelsea,False,0.2071644365787506
2023-24,7,MID,Diogo Teixeira da Silva,Liverpool,Chelsea,False,0.2071644365787506
2023-24,7,MID,Fabio Henrique Tavares,Liverpool,Chelsea,False,0.2071644365787506
2023-24,7,MID,James McConnell,Liverpool,Chelsea,False,0.2071644365787506
2023-24,7,MID,Luis Díaz,Liverpool,Chelsea,False,0.2071644365787506
2023-24,7,MID,Stefan Bajcetic,Liverpool,Chelsea,False,0.2071644365787506
2023-24,7,MID,Thiago Alcántara do Nascimento,Liverpool,Chelsea,False,0.2071644365787506
2023-24,7,MID,Wataru Endo,Liverpool,Chelsea,False,0.2071644365787506
2024-25,7,MID,Ben Doak,Liverpool,Chelsea,False,0.2071644365787506
2024-25,7,MID,Bobby Clark,Liverpool,Chelsea,False,0.2071644365787506
2024-25,7,MID,Diogo Teixeira da Silva,Liverpool,Chelsea,False,0.2071644365787506
2024-25,7,MID,James McConnell,Liverpool,Chelsea,False,0.2071644365787506
2024-25,7,MID,Luis Díaz,Liverpool,Chelsea,False,0.2071644365787506
2024-25,7,MID,Stefan Bajčetić Maquieira,Liverpool,Chelsea,False,0.2071644365787506
2024-25,7,MID,Tyler Morton,Liverpool,Chelsea,False,0.2071644365787506
2025-26,7,MID,James McConnell,Liverpool,Chelsea,False,0.2071644365787506
2025-26,7,MID,Luis Díaz Marulanda,Liverpool,Chelsea,False,0.2071644365787506
2025-26,7,MID,Stefan Bajčetić Maquieira,Liverpool,Chelsea,False,0.2071644365787506
2025-26,7,MID,Trey Nyoni,Liverpool,Chelsea,False,0.2071644365787506
2025-26,7,MID,Tyler Morton,Liverpool,Chelsea,False,0.2071644365787506
2020-21,7,MID,Anwar El Ghazi,Aston Villa,Burnley,True,0.2071644365787506
2020-21,7,MID,Bertrand Traoré,Aston Villa,Burnley,True,0.2071644365787506
2020-21,7,MID,Conor Hourihane,Aston Villa,Burnley,True,0.2071644365787506
2020-21,7,MID,Douglas Luiz Soares de Paulo,Aston Villa,Burnley,True,0.2071644365787506
2020-21,7,MID,Henri Lansbury,Aston Villa,Burnley,True,0.2071644365787506
2020-21,7,MID,José Ignacio Peleteiro Romallo,Aston Villa,Burnley,True,0.2071644365787506
2020-21,7,MID,Mahmoud Ahmed Ibrahim Hassan,Aston Villa,Burnley,True,0.2071644365787506
2020-21,7,MID,Marvelous Nakamba,Aston Villa,Burnley,True,0.2071644365787506
2020-21,7,MID,Ross Barkley,Aston Villa,Burnley,True,0.2071644365787506
2021-22,7,MID,Aaron Ramsey,Aston Villa,Burnley,True,0.2071644365787506
2021-22,7,MID,Anwar El Ghazi,Aston Villa,Burnley,True,0.2071644365787506
2021-22,7,MID,Bertrand Traoré,Aston Villa,Burnley,True,0.2071644365787506
2021-22,7,MID,Carney Chukwuemeka,Aston Villa,Burnley,True,0.2071644365787506
2021-22,7,MID,Conor Hourihane,Aston Villa,Burnley,True,0.2071644365787506
2021-22,7,MID,Douglas Luiz Soares de Paulo,Aston Villa,Burnley,True,0.2071644365787506
2021-22,7,MID,Jaden Philogene-Bidace,Aston Villa,Burnley,True,0.2071644365787506
2021-22,7,MID,Leon Bailey,Aston Villa,Burnley,True,0.2071644365787506
2021-22,7,MID,Mahmoud Ahmed Ibrahim Hassan,Aston Villa,Burnley,True,0.2071644365787506
2021-22,7,MID,Marvelous Nakamba,Aston Villa,Burnley,True,0.2071644365787506
2021-22,7,MID,Morgan Sanson,Aston Villa,Burnley,True,0.2071644365787506
2022-23,7,MID,Anwar El Ghazi,Aston Villa,Burnley,True,0.2071644365787506
2022-23,7,MID,Bertrand Traoré,Aston Villa,Burnley,True,0.2071644365787506
2022-23,7,MID,Douglas Luiz Soares de Paulo,Aston Villa,Burnley,True,0.2071644365787506
2022-23,7,MID,Jaden Philogene-Bidace,Aston Villa,Burnley,True,0.2071644365787506
2022-23,7,MID,Leon Bailey,Aston Villa,Burnley,True,0.2071644365787506
2022-23,7,MID,Marvelous Nakamba,Aston Villa,Burnley,True,0.2071644365787506
2022-23,7,MID,Morgan Sanson,Aston Villa,Burnley,True,0.2071644365787506
2022-23,7,MID,Philippe Coutinho Correia,Aston Villa,Burnley,True,0.2071644365787506
2023-24,7,MID,Bertrand Traoré,Aston Villa,Burnley,True,0.2071644365787506
2023-24,7,MID,Douglas Luiz Soares de Paulo,Aston Villa,Burnley,True,0.2071644365787506
2023-24,7,MID,Jaden Philogene-Bidace,Aston Villa,Burnley,True,0.2071644365787506
2023-24,7,MID,Leander Dendoncker,Aston Villa,Burnley,True,0.2071644365787506
2023-24,7,MID,Leon Bailey,Aston Villa,Burnley,True,0.2071644365787506
2023-24,7,MID,Morgan Sanson,Aston Villa,Burnley,True,0.2071644365787506
2023-24,7,MID,Moussa Diaby,Aston Villa,Burnley,True,0.2071644365787506
2023-24,7,MID,Nicolò Zaniolo,Aston Villa,Burnley,True,0.2071644365787506
2023-24,7,MID,Omari Kellyman,Aston Villa,Burnley,True,0.2071644365787506
2023-24,7,MID,Philippe Coutinho Correia,Aston Villa,Burnley,True,0.2071644365787506
2024-25,7,MID,Enzo Barrenechea,Aston Villa,Burnley,True,0.2071644365787506
2024-25,7,MID,Jaden Philogene,Aston Villa,Burnley,True,0.2071644365787506
2024-25,7,MID,Kadan Young,Aston Villa,Burnley,True,0.2071644365787506
2024-25,7,MID,Leander Dendoncker,Aston Villa,Burnley,True,0.2071644365787506
2024-25,7,MID,Leon Bailey,Aston Villa,Burnley,True,0.2071644365787506
2024-25,7,MID,Lewis Dobbin,Aston Villa,Burnley,True,0.2071644365787506
2024-25,7,MID,Moussa Diaby,Aston Villa,Burnley,True,0.2071644365787506
2024-25,7,MID,Ross Barkley,Aston Villa,Burnley,True,0.2071644365787506
2024-25,7,MID,Samuel Iling-Junior,Aston Villa,Burnley,True,0.2071644365787506
2025-26,7,MID,Ben Broggio,Aston Villa,Burnley,True,0.2071644365787506
2025-26,7,MID,Enzo Barrenechea,Aston Villa,Burnley,True,0.2071644365787506
2025-26,7,MID,Jadon Sancho,Aston Villa,Burnley,True,0.2071644365787506
2025-26,7,MID,Jamaldeen Jimoh-Aloba,Aston Villa,Burnley,True,0.2071644365787506
2025-26,7,MID,Kadan Young,Aston Villa,Burnley,True,0.2071644365787506
2025-26,7,MID,Leander Dendoncker,Aston Villa,Burnley,True,0.2071644365787506
2025-26,7,MID,Leon Bailey,Aston Villa,Burnley,True,0.2071644365787506
2025-26,7,MID,Lewis Dobbin,Aston Villa,Burnley,True,0.2071644365787506
2025-26,7,MID,Ross Barkley,Aston Villa,Burnley,True,0.2071644365787506
2025-26,7,MID,Samuel Iling-Junior,Aston Villa,Burnley,True,0.2071644365787506
2020-21,7,MID,Ashley Westwood,Burnley,Aston Villa,False,0.2071644365787506
2020-21,7,MID,Dale Stephens,Burnley,Aston Villa,False,0.2071644365787506
2020-21,7,MID,Jack Cork,Burnley,Aston Villa,False,0.2071644365787506
2020-21,7,MID,Johann Berg Gudmundsson,Burnley,Aston Villa,False,0.2071644365787506
2020-21,7,MID,Josh Benson,Burnley,Aston Villa,False,0.2071644365787506
2020-21,7,MID,Josh Brownhill,Burnley,Aston Villa,False,0.2071644365787506
2020-21,7,MID,Mace Goodridge,Burnley,Aston Villa,False,0.2071644365787506
2020-21,7,MID,Robbie Brady,Burnley,Aston Villa,False,0.2071644365787506
2021-22,7,MID,Aaron Lennon,Burnley,Aston Villa,False,0.2071644365787506
2021-22,7,MID,Ashley Westwood,Burnley,Aston Villa,False,0.2071644365787506
2021-22,7,MID,Dale Stephens,Burnley,Aston Villa,False,0.2071644365787506
2021-22,7,MID,Jack Cork,Burnley,Aston Villa,False,0.2071644365787506
2021-22,7,MID,Johann Berg Gudmundsson,Burnley,Aston Villa,False,0.2071644365787506
2021-22,7,MID,Josh Benson,Burnley,Aston Villa,False,0.2071644365787506
2021-22,7,MID,Josh Brownhill,Burnley,Aston Villa,False,0.2071644365787506
2021-22,7,MID,Maxwel Cornet,Burnley,Aston Villa,False,0.2071644365787506
2023-24,7,MID,Aaron Ramsey,Burnley,Aston Villa,False,0.2071644365787506
2023-24,7,MID,Anass Zaroury,Burnley,Aston Villa,False,0.2071644365787506
2023-24,7,MID,Dara Costelloe,Burnley,Aston Villa,False,0.2071644365787506
2023-24,7,MID,Darko Churlinov,Burnley,Aston Villa,False,0.2071644365787506
2023-24,7,MID,Enock Agyei,Burnley,Aston Villa,False,0.2071644365787506
2023-24,7,MID,Han-Noah Massengo,Burnley,Aston Villa,False,0.2071644365787506
2023-24,7,MID,Jack Cork,Burnley,Aston Villa,False,0.2071644365787506
2023-24,7,MID,Josh Brownhill,Burnley,Aston Villa,False,0.2071644365787506
2023-24,7,MID,Jóhann Berg Gudmundsson,Burnley,Aston Villa,False,0.2071644365787506
2023-24,7,MID,Luca Koleosho,Burnley,Aston Villa,False,0.2071644365787506
2023-24,7,MID,Manuel Benson Hedilazio,Burnley,Aston Villa,False,0.2071644365787506
2023-24,7,MID,Nathan Redmond,Burnley,Aston Villa,False,0.2071644365787506
2023-24,7,MID,Samuel Bastien,Burnley,Aston Villa,False,0.2071644365787506
2023-24,7,MID,Scott Twine,Burnley,Aston Villa,False,0.2071644365787506
2025-26,7,MID,Aaron Ramsey,Burnley,Aston Villa,False,0.2071644365787506
2025-26,7,MID,Darko Churlinov,Burnley,Aston Villa,False,0.2071644365787506
2025-26,7,MID,Enock Agyei,Burnley,Aston Villa,False,0.2071644365787506
2025-26,7,MID,Jaydon Banel,Burnley,Aston Villa,False,0.2071644365787506
2025-26,7,MID,Luca Koleosho,Burnley,Aston Villa,False,0.2071644365787506
2025-26,7,MID,Manuel Benson Hedilazio,Burnley,Aston Villa,False,0.2071644365787506
2025-26,7,MID,Mike Trésor Ndayishimiye,Burnley,Aston Villa,False,0.2071644365787506
2025-26,7,MID,Oluwaseun Adewumi,Burnley,Aston Villa,False,0.2071644365787506
2020-21,7,MID,Abdoulaye Doucouré,Everton,Crystal Palace,True,0.2071644365787506
2020-21,7,MID,Allan Marques Loureiro,Everton,Crystal Palace,True,0.2071644365787506
2020-21,7,MID,André Filipe Tavares Gomes,Everton,Crystal Palace,True,0.2071644365787506
2020-21,7,MID,Bernard Anício Caldeira Duarte,Everton,Crystal Palace,True,0.2071644365787506
2020-21,7,MID,Fabian Delph,Everton,Crystal Palace,True,0.2071644365787506
2020-21,7,MID,Gylfi Sigurdsson,Everton,Crystal Palace,True,0.2071644365787506
2020-21,7,MID,James Rodríguez,Everton,Crystal Palace,True,0.2071644365787506
2020-21,7,MID,Jean-Philippe Gbamin,Everton,Crystal Palace,True,0.2071644365787506
2020-21,7,MID,Theo Walcott,Everton,Crystal Palace,True,0.2071644365787506
2020-21,7,MID,Tom Davies,Everton,Crystal Palace,True,0.2071644365787506
2021-22,7,MID,Abdoulaye Doucouré,Everton,Crystal Palace,True,0.2071644365787506
2021-22,7,MID,Allan Marques Loureiro,Everton,Crystal Palace,True,0.2071644365787506
2021-22,7,MID,Andros Townsend,Everton,Crystal Palace,True,0.2071644365787506
2021-22,7,MID,André Filipe Tavares Gomes,Everton,Crystal Palace,True,0.2071644365787506
2021-22,7,MID,Bernard Anício Caldeira Duarte,Everton,Crystal Palace,True,0.2071644365787506
2021-22,7,MID,Demarai Gray,Everton,Crystal Palace,True,0.2071644365787506
2021-22,7,MID,Fabian Delph,Everton,Crystal Palace,True,0.2071644365787506
2021-22,7,MID,Gylfi Sigurdsson,Everton,Crystal Palace,True,0.2071644365787506
2021-22,7,MID,James Rodríguez,Everton,Crystal Palace,True,0.2071644365787506
2021-22,7,MID,Jean-Philippe Gbamin,Everton,Crystal Palace,True,0.2071644365787506
2021-22,7,MID,Tom Davies,Everton,Crystal Palace,True,0.2071644365787506
2022-23,7,MID,Abdoulaye Doucouré,Everton,Crystal Palace,True,0.2071644365787506
2022-23,7,MID,Allan Marques Loureiro,Everton,Crystal Palace,True,0.2071644365787506
2022-23,7,MID,Andros Townsend,Everton,Crystal Palace,True,0.2071644365787506
2022-23,7,MID,André Tavares Gomes,Everton,Crystal Palace,True,0.2071644365787506
2022-23,7,MID,Dele Alli,Everton,Crystal Palace,True,0.2071644365787506
2022-23,7,MID,Demarai Gray,Everton,Crystal Palace,True,0.2071644365787506
2022-23,7,MID,Jean-Philippe Gbamin,Everton,Crystal Palace,True,0.2071644365787506
2022-23,7,MID,Lewis Warrington,Everton,Crystal Palace,True,0.2071644365787506
2022-23,7,MID,Stanley Mills,Everton,Crystal Palace,True,0.2071644365787506
2022-23,7,MID,Tom Davies,Everton,Crystal Palace,True,0.2071644365787506
2023-24,7,MID,Abdoulaye Doucouré,Everton,Crystal Palace,True,0.2071644365787506
2023-24,7,MID,André Tavares Gomes,Everton,Crystal Palace,True,0.2071644365787506
2023-24,7,MID,Arnaut Danjuma Groeneveld,Everton,Crystal Palace,True,0.2071644365787506
2023-24,7,MID,Dele Alli,Everton,Crystal Palace,True,0.2071644365787506
2023-24,7,MID,Demarai Gray,Everton,Crystal Palace,True,0.2071644365787506
2023-24,7,MID,Idrissa Gueye,Everton,Crystal Palace,True,0.2071644365787506
2023-24,7,MID,Jean-Philippe Gbamin,Everton,Crystal Palace,True,0.2071644365787506
2023-24,7,MID,Lewis Dobbin,Everton,Crystal Palace,True,0.2071644365787506
2023-24,7,MID,Tyler Onyango,Everton,Crystal Palace,True,0.2071644365787506
2024-25,7,MID,Abdoulaye Doucouré,Everton,Crystal Palace,True,0.2071644365787506
2024-25,7,MID,Idrissa Gueye,Everton,Crystal Palace,True,0.2071644365787506
2024-25,7,MID,Jenson Metcalfe,Everton,Crystal Palace,True,0.2071644365787506
2024-25,7,MID,Jesper Lindstrøm,Everton,Crystal Palace,True,0.2071644365787506
2024-25,7,MID,Orel Mangala,Everton,Crystal Palace,True,0.2071644365787506
2025-26,7,MID,Callum Bates,Everton,Crystal Palace,True,0.2071644365787506
2025-26,7,MID,Coby Ebere,Everton,Crystal Palace,True,0.2071644365787506
2025-26,7,MID,Isaac Heath,Everton,Crystal Palace,True,0.2071644365787506
2025-26,7,MID,Jenson Metcalfe,Everton,Crystal Palace,True,0.2071644365787506
2025-26,7,MID,Tyler Dibling,Everton,Crystal Palace,True,0.2071644365787506
2025-26,7,MID,Tyler Onyango,Everton,Crystal Palace,True,0.2071644365787506
2020-21,7,MID,Andros Townsend,Crystal Palace,Everton,False,0.2071644365787506
2020-21,7,MID,Brandon Pierrick,Crystal Palace,Everton,False,0.2071644365787506
2020-21,7,MID,Cheikhou Kouyaté,Crystal Palace,Everton,False,0.2071644365787506
2020-21,7,MID,Jairo Riedewald,Crystal Palace,Everton,False,0.2071644365787506
2020-21,7,MID,James McArthur,Crystal Palace,Everton,False,0.2071644365787506
2020-21,7,MID,James McCarthy,Crystal Palace,Everton,False,0.2071644365787506
2020-21,7,MID,Jeffrey Schlupp,Crystal Palace,Everton,False,0.2071644365787506
2020-21,7,MID,Luka Milivojevic,Crystal Palace,Everton,False,0.2071644365787506
2020-21,7,MID,Max Meyer,Crystal Palace,Everton,False,0.2071644365787506
2020-21,7,MID,Wilfried Zaha,Crystal Palace,Everton,False,0.2071644365787506
2021-22,7,MID,Conor Gallagher,Crystal Palace,Everton,False,0.2071644365787506
2021-22,7,MID,Jairo Riedewald,Crystal Palace,Everton,False,0.2071644365787506
2021-22,7,MID,James McArthur,Crystal Palace,Everton,False,0.2071644365787506
2021-22,7,MID,Jeffrey Schlupp,Crystal Palace,Everton,False,0.2071644365787506
2021-22,7,MID,Jesurun Rak-Sakyi,Crystal Palace,Everton,False,0.2071644365787506
2021-22,7,MID,Luka Milivojevic,Crystal Palace,Everton,False,0.2071644365787506
2021-22,7,MID,Michael Olise,Crystal Palace,Everton,False,0.2071644365787506
2021-22,7,MID,Scott Banks,Crystal Palace,Everton,False,0.2071644365787506
2021-22,7,MID,Wilfried Zaha,Crystal Palace,Everton,False,0.2071644365787506
2022-23,7,MID,Cheick Doucouré,Crystal Palace,Everton,False,0.2071644365787506
2022-23,7,MID,Jairo Riedewald,Crystal Palace,Everton,False,0.2071644365787506
2022-23,7,MID,James McArthur,Crystal Palace,Everton,False,0.2071644365787506
2022-23,7,MID,Jeffrey Schlupp,Crystal Palace,Everton,False,0.2071644365787506
2022-23,7,MID,Jesurun Rak-Sakyi,Crystal Palace,Everton,False,0.2071644365787506
2022-23,7,MID,Jordan Ayew,Crystal Palace,Everton,False,0.2071644365787506
2022-23,7,MID,Kaden Rodney,Crystal Palace,Everton,False,0.2071644365787506
2022-23,7,MID,Luka Milivojevic,Crystal Palace,Everton,False,0.2071644365787506
2022-23,7,MID,Malcolm Ebiowei,Crystal Palace,Everton,False,0.2071644365787506
2022-23,7,MID,Michael Olise,Crystal Palace,Everton,False,0.2071644365787506
2022-23,7,MID,Wilfried Zaha,Crystal Palace,Everton,False,0.2071644365787506
2023-24,7,MID,Cheick Doucouré,Crystal Palace,Everton,False,0.2071644365787506
2023-24,7,MID,Jairo Riedewald,Crystal Palace,Everton,False,0.2071644365787506
2023-24,7,MID,Jeffrey Schlupp,Crystal Palace,Everton,False,0.2071644365787506
2023-24,7,MID,Jesurun Rak-Sakyi,Crystal Palace,Everton,False,0.2071644365787506
2023-24,7,MID,Jordan Ayew,Crystal Palace,Everton,False,0.2071644365787506
2023-24,7,MID,Malcolm Ebiowei,Crystal Palace,Everton,False,0.2071644365787506
2023-24,7,MID,Matheus França de Oliveira,Crystal Palace,Everton,False,0.2071644365787506
2023-24,7,MID,Michael Olise,Crystal Palace,Everton,False,0.2071644365787506
2023-24,7,MID,Naouirou Ahamada,Crystal Palace,Everton,False,0.2071644365787506
2024-25,7,MID,Asher Agbinone,Crystal Palace,Everton,False,0.2071644365787506
2024-25,7,MID,Cheick Doucouré,Crystal Palace,Everton,False,0.2071644365787506
2024-25,7,MID,David Ozoh,Crystal Palace,Everton,False,0.2071644365787506
2024-25,7,MID,Franco Umeh-Chibueze,Crystal Palace,Everton,False,0.2071644365787506
2024-25,7,MID,Jeffrey Schlupp,Crystal Palace,Everton,False,0.2071644365787506
2024-25,7,MID,Jesurun Rak-Sakyi,Crystal Palace,Everton,False,0.2071644365787506
2024-25,7,MID,Kaden Rodney,Crystal Palace,Everton,False,0.2071644365787506
2024-25,7,MID,Malcolm Ebiowei,Crystal Palace,Everton,False,0.2071644365787506
2024-25,7,MID,Matheus França de Oliveira,Crystal Palace,Everton,False,0.2071644365787506
2024-25,7,MID,Naouirou Ahamada,Crystal Palace,Everton,False,0.2071644365787506
2025-26,7,MID,Asher Agbinone,Crystal Palace,Everton,False,0.2071644365787506
2025-26,7,MID,Cheick Doucouré,Crystal Palace,Everton,False,0.2071644365787506
2025-26,7,MID,David Ozoh,Crystal Palace,Everton,False,0.2071644365787506
2025-26,7,MID,Franco Umeh-Chibueze,Crystal Palace,Everton,False,0.2071644365787506
2025-26,7,MID,Jesurun Rak-Sakyi,Crystal Palace,Everton,False,0.2071644365787506
2025-26,7,MID,Kaden Rodney,Crystal Palace,Everton,False,0.2071644365787506
2025-26,7,MID,Malcolm Ebiowei,Crystal Palace,Everton,False,0.2071644365787506
2025-26,7,MID,Matheus França de Oliveira,Crystal Palace,Everton,False,0.2071644365787506
2025-26,7,MID,Naouirou Ahamada,Crystal Palace,Everton,False,0.2071644365787506
2025-26,7,MID,Rio Cardines,Crystal Palace,Everton,False,0.2071644365787506
2020-21,7,MID,Allan Saint-Maximin,Newcastle,Nott'm Forest,True,0.2071644365787506
2020-21,7,MID,Christian Atsu,Newcastle,Nott'm Forest,True,0.2071644365787506
2020-21,7,MID,Isaac Hayden,Newcastle,Nott'm Forest,True,0.2071644365787506
2020-21,7,MID,Jeff Hendrick,Newcastle,Nott'm Forest,True,0.2071644365787506
2020-21,7,MID,Jonjo Shelvey,Newcastle,Nott'm Forest,True,0.2071644365787506
2020-21,7,MID,Matt Ritchie,Newcastle,Nott'm Forest,True,0.2071644365787506
2020-21,7,MID,Matthew Longstaff,Newcastle,Nott'm Forest,True,0.2071644365787506
2020-21,7,MID,Miguel Almirón,Newcastle,Nott'm Forest,True,0.2071644365787506
2020-21,7,MID,Rolando Aarons,Newcastle,Nott'm Forest,True,0.2071644365787506
2020-21,7,MID,Ryan Fraser,Newcastle,Nott'm Forest,True,0.2071644365787506
2021-22,7,MID,Isaac Hayden,Newcastle,Nott'm Forest,True,0.2071644365787506
2021-22,7,MID,Jeff Hendrick,Newcastle,Nott'm Forest,True,0.2071644365787506
2021-22,7,MID,Joe White,Newcastle,Nott'm Forest,True,0.2071644365787506
2021-22,7,MID,Jonjo Shelvey,Newcastle,Nott'm Forest,True,0.2071644365787506
2021-22,7,MID,Joseph Willock,Newcastle,Nott'm Forest,True,0.2071644365787506
2021-22,7,MID,Matthew Longstaff,Newcastle,Nott'm Forest,True,0.2071644365787506
2021-22,7,MID,Miguel Almirón,Newcastle,Nott'm Forest,True,0.2071644365787506
2021-22,7,MID,Ryan Fraser,Newcastle,Nott'm Forest,True,0.2071644365787506
2022-23,7,MID,Allan Saint-Maximin,Newcastle,Nott'm Forest,True,0.2071644365787506
2022-23,7,MID,Jeff Hendrick,Newcastle,Nott'm Forest,True,0.2071644365787506
2022-23,7,MID,Jonjo Shelvey,Newcastle,Nott'm Forest,True,0.2071644365787506
2022-23,7,MID,Miguel Almirón Rejala,Newcastle,Nott'm Forest,True,0.2071644365787506
2022-23,7,MID,Ryan Fraser,Newcastle,Nott'm Forest,True,0.2071644365787506
2023-24,7,MID,Allan Saint-Maximin,Newcastle,Nott'm Forest,True,0.2071644365787506
2023-24,7,MID,Garang Kuol,Newcastle,Nott'm Forest,True,0.2071644365787506
2023-24,7,MID,Isaac Hayden,Newcastle,Nott'm Forest,True,0.2071644365787506
2023-24,7,MID,Jeff Hendrick,Newcastle,Nott'm Forest,True,0.2071644365787506
2023-24,7,MID,Matt Ritchie,Newcastle,Nott'm Forest,True,0.2071644365787506
2023-24,7,MID,Miguel Almirón Rejala,Newcastle,Nott'm Forest,True,0.2071644365787506
2023-24,7,MID,Ryan Fraser,Newcastle,Nott'm Forest,True,0.2071644365787506
2024-25,7,MID,Garang Kuol,Newcastle,Nott'm Forest,True,0.2071644365787506
2024-25,7,MID,Isaac Hayden,Newcastle,Nott'm Forest,True,0.2071644365787506
2024-25,7,MID,Joe White,Newcastle,Nott'm Forest,True,0.2071644365787506
2024-25,7,MID,Miguel Almirón Rejala,Newcastle,Nott'm Forest,True,0.2071644365787506
2025-26,7,MID,Antoñito Cordero Campillo,Newcastle,Nott'm Forest,True,0.2071644365787506
2025-26,7,MID,Garang Kuol,Newcastle,Nott'm Forest,True,0.2071644365787506
2025-26,7,MID,Isaac Hayden,Newcastle,Nott'm Forest,True,0.2071644365787506
2025-26,7,MID,Joe White,Newcastle,Nott'm Forest,True,0.2071644365787506
2025-26,7,MID,Seung-Soo Park,Newcastle,Nott'm Forest,True,0.2071644365787506
2022-23,7,MID,Alex Mighten,Nott'm Forest,Newcastle,False,0.2071644365787506
2022-23,7,MID,Braian Ojeda Rodríguez,Nott'm Forest,Newcastle,False,0.2071644365787506
2022-23,7,MID,Carlos Ribeiro Dias,Nott'm Forest,Newcastle,False,0.2071644365787506
2022-23,7,MID,Cheikhou Kouyaté,Nott'm Forest,Newcastle,False,0.2071644365787506
2022-23,7,MID,Harry Arter,Nott'm Forest,Newcastle,False,0.2071644365787506
2022-23,7,MID,Jack Colback,Nott'm Forest,Newcastle,False,0.2071644365787506
2022-23,7,MID,Jesse Lingard,Nott'm Forest,Newcastle,False,0.2071644365787506
2022-23,7,MID,Joe Lolley,Nott'm Forest,Newcastle,False,0.2071644365787506
2022-23,7,MID,Lewis O'Brien,Nott'm Forest,Newcastle,False,0.2071644365787506
2022-23,7,MID,Oliver Hammond,Nott'm Forest,Newcastle,False,0.2071644365787506
2022-23,7,MID,Orel Mangala,Nott'm Forest,Newcastle,False,0.2071644365787506
2022-23,7,MID,Remo Freuler,Nott'm Forest,Newcastle,False,0.2071644365787506
2022-23,7,MID,Xande Nascimento da Costa Silva,Nott'm Forest,Newcastle,False,0.2071644365787506
2023-24,7,MID,Alex Mighten,Nott'm Forest,Newcastle,False,0.2071644365787506
2023-24,7,MID,Braian Ojeda Rodríguez,Nott'm Forest,Newcastle,False,0.2071644365787506
2023-24,7,MID,Brandon Aguilera Zamora,Nott'm Forest,Newcastle,False,0.2071644365787506
2023-24,7,MID,Cheikhou Kouyaté,Nott'm Forest,Newcastle,False,0.2071644365787506
2023-24,7,MID,Danilo dos Santos de Oliveira,Nott'm Forest,Newcastle,False,0.2071644365787506
2023-24,7,MID,Gustavo Henrique Furtado Scarpa,Nott'm Forest,Newcastle,False,0.2071644365787506
2023-24,7,MID,Harry Arter,Nott'm Forest,Newcastle,False,0.2071644365787506
2023-24,7,MID,Jonjo Shelvey,Nott'm Forest,Newcastle,False,0.2071644365787506
2023-24,7,MID,Josh Bowler,Nott'm Forest,Newcastle,False,0.2071644365787506
2023-24,7,MID,Lewis O'Brien,Nott'm Forest,Newcastle,False,0.2071644365787506
2023-24,7,MID,Orel Mangala,Nott'm Forest,Newcastle,False,0.2071644365787506
2023-24,7,MID,Remo Freuler,Nott'm Forest,Newcastle,False,0.2071644365787506
2024-25,7,MID,Alex Mighten,Nott'm Forest,Newcastle,False,0.2071644365787506
2024-25,7,MID,Danilo dos Santos de Oliveira,Nott'm Forest,Newcastle,False,0.2071644365787506
2024-25,7,MID,Eric da Silva Moreira,Nott'm Forest,Newcastle,False,0.2071644365787506
2024-25,7,MID,Josh Bowler,Nott'm Forest,Newcastle,False,0.2071644365787506
2024-25,7,MID,João Pedro Ferreira Silva,Nott'm Forest,Newcastle,False,0.2071644365787506
2024-25,7,MID,Lewis O'Brien,Nott'm Forest,Newcastle,False,0.2071644365787506
2024-25,7,MID,Nicolás Domínguez,Nott'm Forest,Newcastle,False,0.2071644365787506
2024-25,7,MID,Ramón Sosa,Nott'm Forest,Newcastle,False,0.2071644365787506
2025-26,7,MID,Douglas Luiz Soares de Paulo,Nott'm Forest,Newcastle,False,0.2071644365787506
2025-26,7,MID,Eric da Silva Moreira,Nott'm Forest,Newcastle,False,0.2071644365787506
2025-26,7,MID,Lewis O'Brien,Nott'm Forest,Newcastle,False,0.2071644365787506
2025-26,7,MID,Marko Stamenić,Nott'm Forest,Newcastle,False,0.2071644365787506
2025-26,7,MID,Nicolás Domínguez,Nott'm Forest,Newcastle,False,0.2071644365787506
2020-21,7,MID,Adama Traoré,Wolves,Brighton,True,0.2071644365787506
2020-21,7,MID,Bruno André Cavaco Jordao,Wolves,Brighton,True,0.2071644365787506
2020-21,7,MID,Daniel Castelo Podence,Wolves,Brighton,True,0.2071644365787506
2020-21,7,MID,João Filipe Iria Santos Moutinho,Wolves,Brighton,True,0.2071644365787506
2020-21,7,MID,Leander Dendoncker,Wolves,Brighton,True,0.2071644365787506
2020-21,7,MID,Meritan Shabani,Wolves,Brighton,True,0.2071644365787506
2020-21,7,MID,Rúben Diogo da Silva Neves,Wolves,Brighton,True,0.2071644365787506
2020-21,7,MID,Vitor Ferreira,Wolves,Brighton,True,0.2071644365787506
2021-22,7,MID,Adama Traoré,Wolves,Brighton,True,0.2071644365787506
2021-22,7,MID,Chem Campbell,Wolves,Brighton,True,0.2071644365787506
2021-22,7,MID,Daniel Castelo Podence,Wolves,Brighton,True,0.2071644365787506
2021-22,7,MID,Francisco Machado Mota de Castro Trincão,Wolves,Brighton,True,0.2071644365787506
2021-22,7,MID,João Filipe Iria Santos Moutinho,Wolves,Brighton,True,0.2071644365787506
2021-22,7,MID,Leander Dendoncker,Wolves,Brighton,True,0.2071644365787506
2021-22,7,MID,Luke Cundle,Wolves,Brighton,True,0.2071644365787506
2021-22,7,MID,Owen Otasowie,Wolves,Brighton,True,0.2071644365787506
2021-22,7,MID,Rúben Diogo da Silva Neves,Wolves,Brighton,True,0.2071644365787506
2022-23,7,MID,Chem Campbell,Wolves,Brighton,True,0.2071644365787506
2022-23,7,MID,Connor Ronan,Wolves,Brighton,True,0.2071644365787506
2022-23,7,MID,Daniel Castelo Podence,Wolves,Brighton,True,0.2071644365787506
2022-23,7,MID,Francisco Jorge Tomás Oliveira,Wolves,Brighton,True,0.2071644365787506
2022-23,7,MID,Gonçalo Manuel Ganchinho Guedes,Wolves,Brighton,True,0.2071644365787506
2022-23,7,MID,Joseph Hodge,Wolves,Brighton,True,0.2071644365787506
2022-23,7,MID,João Filipe Iria Santos Moutinho,Wolves,Brighton,True,0.2071644365787506
2022-23,7,MID,Leander Dendoncker,Wolves,Brighton,True,0.2071644365787506
2022-23,7,MID,Luke Cundle,Wolves,Brighton,True,0.2071644365787506
2022-23,7,MID,Matheus Luiz Nunes,Wolves,Brighton,True,0.2071644365787506
2022-23,7,MID,Rúben da Silva Neves,Wolves,Brighton,True,0.2071644365787506
2023-24,7,MID,Boubacar Traoré,Wolves,Brighton,True,0.2071644365787506
2023-24,7,MID,Bruno Cavaco Jordão,Wolves,Brighton,True,0.2071644365787506
2023-24,7,MID,Daniel Castelo Podence,Wolves,Brighton,True,0.2071644365787506
2023-24,7,MID,Enso González,Wolves,Brighton,True,0.2071644365787506
2023-24,7,MID,Francisco Jorge Tomás Oliveira,Wolves,Brighton,True,0.2071644365787506
2023-24,7,MID,Gonçalo Manuel Ganchinho Guedes,Wolves,Brighton,True,0.2071644365787506
2023-24,7,MID,Joe Hodge,Wolves,Brighton,True,0.2071644365787506
2023-24,7,MID,Luke Cundle,Wolves,Brighton,True,0.2071644365787506
2023-24,7,MID,Mario Lemina,Wolves,Brighton,True,0.2071644365787506
2023-24,7,MID,Pablo Sarabia,Wolves,Brighton,True,0.2071644365787506
2023-24,7,MID,Tommy Doyle,Wolves,Brighton,True,0.2071644365787506
2024-25,7,MID,Boubacar Traoré,Wolves,Brighton,True,0.2071644365787506
2024-25,7,MID,Carlos Roberto Forbs Borges,Wolves,Brighton,True,0.2071644365787506
2024-25,7,MID,Daniel Castelo Podence,Wolves,Brighton,True,0.2071644365787506
2024-25,7,MID,Enso González,Wolves,Brighton,True,0.2071644365787506
2024-25,7,MID,Francisco Jorge Tomás Oliveira,Wolves,Brighton,True,0.2071644365787506
2024-25,7,MID,Gonçalo Manuel Ganchinho Guedes,Wolves,Brighton,True,0.2071644365787506
2024-25,7,MID,Joe Hodge,Wolves,Brighton,True,0.2071644365787506
2024-25,7,MID,Luke Cundle,Wolves,Brighton,True,0.2071644365787506
2024-25,7,MID,Mario Lemina,Wolves,Brighton,True,0.2071644365787506
2024-25,7,MID,Pablo Sarabia,Wolves,Brighton,True,0.2071644365787506
2024-25,7,MID,Tawanda Chirewa,Wolves,Brighton,True,0.2071644365787506
2024-25,7,MID,Tommy Doyle,Wolves,Brighton,True,0.2071644365787506
2025-26,7,MID,Boubacar Traoré,Wolves,Brighton,True,0.2071644365787506
2025-26,7,MID,Enso González Medina,Wolves,Brighton,True,0.2071644365787506
2025-26,7,MID,Gonçalo Manuel Ganchinho Guedes,Wolves,Brighton,True,0.2071644365787506
2025-26,7,MID,Joe Hodge,Wolves,Brighton,True,0.2071644365787506
2025-26,7,MID,Tawanda Chirewa,Wolves,Brighton,True,0.2071644365787506
2025-26,7,MID,Tom Edozie,Wolves,Brighton,True,0.2071644365787506
2020-21,7,MID,Aaron Mooy,Brighton,Wolves,False,0.2071644365787506
2020-21,7,MID,Adam Lallana,Brighton,Wolves,False,0.2071644365787506
2020-21,7,MID,Alireza Jahanbakhsh,Brighton,Wolves,False,0.2071644365787506
2020-21,7,MID,Davy Pröpper,Brighton,Wolves,False,0.2071644365787506
2020-21,7,MID,Jayson Molumby,Brighton,Wolves,False,0.2071644365787506
2020-21,7,MID,José Izquierdo,Brighton,Wolves,False,0.2071644365787506
2020-21,7,MID,Pascal Groß,Brighton,Wolves,False,0.2071644365787506
2020-21,7,MID,Solomon March,Brighton,Wolves,False,0.2071644365787506
2020-21,7,MID,Steven Alzate,Brighton,Wolves,False,0.2071644365787506
2020-21,7,MID,Yves Bissouma,Brighton,Wolves,False,0.2071644365787506
2021-22,7,MID,Adam Lallana,Brighton,Wolves,False,0.2071644365787506
2021-22,7,MID,Alireza Jahanbakhsh,Brighton,Wolves,False,0.2071644365787506
2021-22,7,MID,Davy Pröpper,Brighton,Wolves,False,0.2071644365787506
2021-22,7,MID,Enock Mwepu,Brighton,Wolves,False,0.2071644365787506
2021-22,7,MID,Jakub Moder,Brighton,Wolves,False,0.2071644365787506
2021-22,7,MID,Moisés Caicedo,Brighton,Wolves,False,0.2071644365787506
2021-22,7,MID,Pascal Groß,Brighton,Wolves,False,0.2071644365787506
2021-22,7,MID,Solomon March,Brighton,Wolves,False,0.2071644365787506
2021-22,7,MID,Steven Alzate,Brighton,Wolves,False,0.2071644365787506
2021-22,7,MID,Taylor Richards,Brighton,Wolves,False,0.2071644365787506
2021-22,7,MID,Yves Bissouma,Brighton,Wolves,False,0.2071644365787506
2022-23,7,MID,Adam Lallana,Brighton,Wolves,False,0.2071644365787506
2022-23,7,MID,Enock Mwepu,Brighton,Wolves,False,0.2071644365787506
2022-23,7,MID,Jakub Moder,Brighton,Wolves,False,0.2071644365787506
2022-23,7,MID,Jeremy Sarmiento Morante,Brighton,Wolves,False,0.2071644365787506
2022-23,7,MID,Kacper Kozłowski,Brighton,Wolves,False,0.2071644365787506
2022-23,7,MID,Kaoru Mitoma,Brighton,Wolves,False,0.2071644365787506
2022-23,7,MID,Pascal Groß,Brighton,Wolves,False,0.2071644365787506
2022-23,7,MID,Solly March,Brighton,Wolves,False,0.2071644365787506
2022-23,7,MID,Steven Alzate,Brighton,Wolves,False,0.2071644365787506
2022-23,7,MID,Taylor Richards,Brighton,Wolves,False,0.2071644365787506
2023-24,7,MID,Adam Lallana,Brighton,Wolves,False,0.2071644365787506
2023-24,7,MID,Anssumane Fati Vieira,Brighton,Wolves,False,0.2071644365787506
2023-24,7,MID,Billy Gilmour,Brighton,Wolves,False,0.2071644365787506
2023-24,7,MID,Jakub Moder,Brighton,Wolves,False,0.2071644365787506
2023-24,7,MID,Jeremy Sarmiento Morante,Brighton,Wolves,False,0.2071644365787506
2023-24,7,MID,Julio Enciso,Brighton,Wolves,False,0.2071644365787506
2023-24,7,MID,Kacper Kozłowski,Brighton,Wolves,False,0.2071644365787506
2023-24,7,MID,Kaoru Mitoma,Brighton,Wolves,False,0.2071644365787506
2023-24,7,MID,Mahmoud Dahoud,Brighton,Wolves,False,0.2071644365787506
2023-24,7,MID,Pascal Groß,Brighton,Wolves,False,0.2071644365787506
2023-24,7,MID,Solly March,Brighton,Wolves,False,0.2071644365787506
2023-24,7,MID,Steven Alzate,Brighton,Wolves,False,0.2071644365787506
2024-25,7,MID,Adrian Mazilu,Brighton,Wolves,False,0.2071644365787506
2024-25,7,MID,Amario Cozier-Duberry,Brighton,Wolves,False,0.2071644365787506
2024-25,7,MID,Andrew Moran,Brighton,Wolves,False,0.2071644365787506
2024-25,7,MID,Benicio Baker-Boaitey,Brighton,Wolves,False,0.2071644365787506
2024-25,7,MID,Billy Gilmour,Brighton,Wolves,False,0.2071644365787506
2024-25,7,MID,Cameron Peupion,Brighton,Wolves,False,0.2071644365787506
2024-25,7,MID,Ibrahim Osman,Brighton,Wolves,False,0.2071644365787506
2024-25,7,MID,Jakub Moder,Brighton,Wolves,False,0.2071644365787506
2024-25,7,MID,Jeremy Sarmiento Morante,Brighton,Wolves,False,0.2071644365787506
2024-25,7,MID,Julio Enciso,Brighton,Wolves,False,0.2071644365787506
2024-25,7,MID,Kacper Kozłowski,Brighton,Wolves,False,0.2071644365787506
2024-25,7,MID,Mahmoud Dahoud,Brighton,Wolves,False,0.2071644365787506
2024-25,7,MID,Pascal Groß,Brighton,Wolves,False,0.2071644365787506
2024-25,7,MID,Solly March,Brighton,Wolves,False,0.2071644365787506
2025-26,7,MID,Abdallah Sima,Brighton,Wolves,False,0.2071644365787506
2025-26,7,MID,Adrian Mazilu,Brighton,Wolves,False,0.2071644365787506
2025-26,7,MID,Andrew Moran,Brighton,Wolves,False,0.2071644365787506
2025-26,7,MID,Jeremy Sarmiento Morante,Brighton,Wolves,False,0.2071644365787506
2025-26,7,MID,Joe Knight,Brighton,Wolves,False,0.2071644365787506
2025-26,7,MID,Julio Enciso Espínola,Brighton,Wolves,False,0.2071644365787506
2025-26,7,MID,Malick Yalcouyé,Brighton,Wolves,False,0.2071644365787506
2025-26,7,MID,Solly March,Brighton,Wolves,False,0.2071644365787506
2025-26,7,MID,Tom Watson,Brighton,Wolves,False,0.2071644365787506
2021-22,7,MID,Christian Nørgaard,Brentford,Man City,True,0.2071644365787506
2021-22,7,MID,Jan Zamburek,Brentford,Man City,True,0.2071644365787506
2021-22,7,MID,Mads Bidstrup,Brentford,Man City,True,0.2071644365787506
2021-22,7,MID,Pelenda Joshua Dasilva,Brentford,Man City,True,0.2071644365787506
2021-22,7,MID,Saman Ghoddos,Brentford,Man City,True,0.2071644365787506
2021-22,7,MID,Sergi Canós,Brentford,Man City,True,0.2071644365787506
2021-22,7,MID,Shandon Baptiste,Brentford,Man City,True,0.2071644365787506
2021-22,7,MID,Tariqe Fosu-Henry,Brentford,Man City,True,0.2071644365787506
2021-22,7,MID,Vitaly Janelt,Brentford,Man City,True,0.2071644365787506
2021-22,7,MID,Yoane Wissa,Brentford,Man City,True,0.2071644365787506
2022-23,7,MID,Christian Nørgaard,Brentford,Man City,True,0.2071644365787506
2022-23,7,MID,Josh Dasilva,Brentford,Man City,True,0.2071644365787506
2022-23,7,MID,Mads Bidstrup,Brentford,Man City,True,0.2071644365787506
2022-23,7,MID,Saman Ghoddos,Brentford,Man City,True,0.2071644365787506
2022-23,7,MID,Shandon Baptiste,Brentford,Man City,True,0.2071644365787506
2022-23,7,MID,Vitaly Janelt,Brentford,Man City,True,0.2071644365787506
2022-23,7,MID,Yoane Wissa,Brentford,Man City,True,0.2071644365787506
2023-24,7,MID,Christian Nørgaard,Brentford,Man City,True,0.2071644365787506
2023-24,7,MID,Ethan Brierley,Brentford,Man City,True,0.2071644365787506
2023-24,7,MID,Josh Dasilva,Brentford,Man City,True,0.2071644365787506
2023-24,7,MID,Mads Bidstrup,Brentford,Man City,True,0.2071644365787506
2023-24,7,MID,Michale Olakigbe,Brentford,Man City,True,0.2071644365787506
2023-24,7,MID,Ryan Trevitt,Brentford,Man City,True,0.2071644365787506
2023-24,7,MID,Saman Ghoddos,Brentford,Man City,True,0.2071644365787506
2023-24,7,MID,Sergi Canós Tenés,Brentford,Man City,True,0.2071644365787506
2023-24,7,MID,Shandon Baptiste,Brentford,Man City,True,0.2071644365787506
2023-24,7,MID,Vitaly Janelt,Brentford,Man City,True,0.2071644365787506
2023-24,7,MID,Yegor Yarmolyuk,Brentford,Man City,True,0.2071644365787506
2024-25,7,MID,Christian Nørgaard,Brentford,Man City,True,0.2071644365787506
2024-25,7,MID,Ethan Brierley,Brentford,Man City,True,0.2071644365787506
2024-25,7,MID,Gustavo Nunes Fernandes Gomes,Brentford,Man City,True,0.2071644365787506
2024-25,7,MID,Josh Dasilva,Brentford,Man City,True,0.2071644365787506
2024-25,7,MID,Myles Peart-Harris,Brentford,Man City,True,0.2071644365787506
2024-25,7,MID,Ryan Trevitt,Brentford,Man City,True,0.2071644365787506
2024-25,7,MID,Vitaly Janelt,Brentford,Man City,True,0.2071644365787506
2024-25,7,MID,Yunus Emre Konak,Brentford,Man City,True,0.2071644365787506
2025-26,7,MID,Gustavo Nunes Fernandes Gomes,Brentford,Man City,True,0.2071644365787506
2025-26,7,MID,Myles Peart-Harris,Brentford,Man City,True,0.2071644365787506
2025-26,7,MID,Paris Maghoma,Brentford,Man City,True,0.2071644365787506
2025-26,7,MID,Reiss Nelson,Brentford,Man City,True,0.2071644365787506
2025-26,7,MID,Romelle Donovan,Brentford,Man City,True,0.2071644365787506
2025-26,7,MID,Ryan Trevitt,Brentford,Man City,True,0.2071644365787506
2025-26,7,MID,Vitaly Janelt,Brentford,Man City,True,0.2071644365787506
2025-26,7,MID,Yunus Emre Konak,Brentford,Man City,True,0.2071644365787506
2020-21,7,MID,Adrián Bernabé,Man City,Brentford,False,0.2071644365787506
2020-21,7,MID,Ferran Torres,Man City,Brentford,False,0.2071644365787506
2020-21,7,MID,Ilkay Gündogan,Man City,Brentford,False,0.2071644365787506
2020-21,7,MID,Kevin De Bruyne,Man City,Brentford,False,0.2071644365787506
2020-21,7,MID,Raheem Sterling,Man City,Brentford,False,0.2071644365787506
2020-21,7,MID,Riyad Mahrez,Man City,Brentford,False,0.2071644365787506
2020-21,7,MID,Rodrigo Hernandez,Man City,Brentford,False,0.2071644365787506
2020-21,7,MID,Tommy Doyle,Man City,Brentford,False,0.2071644365787506
2021-22,7,MID,Fernando Luiz Rosa,Man City,Brentford,False,0.2071644365787506
2021-22,7,MID,Ferran Torres,Man City,Brentford,False,0.2071644365787506
2021-22,7,MID,Ilkay Gündogan,Man City,Brentford,False,0.2071644365787506
2021-22,7,MID,Kevin De Bruyne,Man City,Brentford,False,0.2071644365787506
2021-22,7,MID,Raheem Sterling,Man City,Brentford,False,0.2071644365787506
2021-22,7,MID,Riyad Mahrez,Man City,Brentford,False,0.2071644365787506
2021-22,7,MID,Rodrigo Hernandez,Man City,Brentford,False,0.2071644365787506
2021-22,7,MID,Samuel Edozie,Man City,Brentford,False,0.2071644365787506
2021-22,7,MID,Tommy Doyle,Man City,Brentford,False,0.2071644365787506
2022-23,7,MID,Ben Knight,Man City,Brentford,False,0.2071644365787506
2022-23,7,MID,Bernardo Veiga de Carvalho e Silva,Man City,Brentford,False,0.2071644365787506
2022-23,7,MID,Claudio Gomes,Man City,Brentford,False,0.2071644365787506
2022-23,7,MID,Ilkay Gündogan,Man City,Brentford,False,0.2071644365787506
2022-23,7,MID,Kalvin Phillips,Man City,Brentford,False,0.2071644365787506
2022-23,7,MID,Kevin De Bruyne,Man City,Brentford,False,0.2071644365787506
2022-23,7,MID,Riyad Mahrez,Man City,Brentford,False,0.2071644365787506
2022-23,7,MID,Rodrigo Hernandez,Man City,Brentford,False,0.2071644365787506
2023-24,7,MID,Bernardo Veiga de Carvalho e Silva,Man City,Brentford,False,0.2071644365787506
2023-24,7,MID,Kalvin Phillips,Man City,Brentford,False,0.2071644365787506
2023-24,7,MID,Kevin De Bruyne,Man City,Brentford,False,0.2071644365787506
2023-24,7,MID,Mateo Kovačić,Man City,Brentford,False,0.2071644365787506
2023-24,7,MID,Matheus Luiz Nunes,Man City,Brentford,False,0.2071644365787506
2023-24,7,MID,Máximo Perrone,Man City,Brentford,False,0.2071644365787506
2023-24,7,MID,Riyad Mahrez,Man City,Brentford,False,0.2071644365787506
2023-24,7,MID,Rodrigo Hernandez,Man City,Brentford,False,0.2071644365787506
2023-24,7,MID,Shea Charles,Man City,Brentford,False,0.2071644365787506
2024-25,7,MID,Bernardo Veiga de Carvalho e Silva,Man City,Brentford,False,0.2071644365787506
2024-25,7,MID,Ilkay Gündogan,Man City,Brentford,False,0.2071644365787506
2024-25,7,MID,Kevin De Bruyne,Man City,Brentford,False,0.2071644365787506
2024-25,7,MID,Mateo Kovačić,Man City,Brentford,False,0.2071644365787506
2024-25,7,MID,Matheus Luiz Nunes,Man City,Brentford,False,0.2071644365787506
2024-25,7,MID,Rodrigo 'Rodri' Hernandez,Man City,Brentford,False,0.2071644365787506
2024-25,7,MID,Sávio 'Savinho' Moreira de Oliveira,Man City,Brentford,False,0.2071644365787506
2025-26,7,MID,Claudio Echeverri,Man City,Brentford,False,0.2071644365787506
2025-26,7,MID,Divine Mukasa,Man City,Brentford,False,0.2071644365787506
2025-26,7,MID,Kalvin Phillips,Man City,Brentford,False,0.2071644365787506
2025-26,7,MID,Mateo Kovačić,Man City,Brentford,False,0.2071644365787506
2025-26,7,MID,Sverre Nypan,Man City,Brentford,False,0.2071644365787506
2025-26,7,MID,İlkay Gündoğan,Man City,Brentford,False,0.2071644365787506
