observed_utc,fixture_id,home,away,kickoff_utc,kind,player,prob,best_odds,median_odds,n_bookmakers,site_prob
2026-09-16T08:18:29.715925+00:00,41,Brentford,Chelsea,2026-09-18T19:00:00Z,1x2,,0.3343/0.2496/0.4160,,,,
2026-09-16T08:18:29.715925+00:00,41,Brentford,Chelsea,2026-09-18T19:00:00Z,cs_home,,0.1752,,,,
2026-09-16T08:18:29.715925+00:00,41,Brentford,Chelsea,2026-09-18T19:00:00Z,cs_away,,0.2001,,,,
2026-09-16T08:18:29.715925+00:00,41,Brentford,Chelsea,2026-09-18T19:00:00Z,btts,,0.6629,,,,
2026-09-16T08:18:29.715925+00:00,41,Brentford,Chelsea,2026-09-18T19:00:00Z,anytime,Igor Thiago,0.4878,2.31,2.05,21,
2026-09-16T08:18:29.715925+00:00,41,Brentford,Chelsea,2026-09-18T19:00:00Z,anytime,Emanuel Emegha,0.4396,2.53,2.275,12,
2026-09-16T08:18:29.715925+00:00,41,Brentford,Chelsea,2026-09-18T19:00:00Z,anytime,de Jesus Joao Pedro,0.4545,2.45,2.2,23,
2026-09-16T08:18:29.715925+00:00,41,Brentford,Chelsea,2026-09-18T19:00:00Z,anytime,Danny Welbeck,0.4167,2.6,2.4,23,
2026-09-16T08:18:29.715925+00:00,41,Brentford,Chelsea,2026-09-18T19:00:00Z,anytime,Callum Wilson,0.4,2.96,2.5,23,
2026-09-16T08:18:29.715925+00:00,41,Brentford,Chelsea,2026-09-18T19:00:00Z,anytime,Cole Palmer,0.4,3.0,2.5,23,
2026-09-16T08:18:29.715925+00:00,41,Brentford,Chelsea,2026-09-18T19:00:00Z,anytime,Estevao,0.3226,3.5,3.1,19,
2026-09-16T08:18:29.715925+00:00,41,Brentford,Chelsea,2026-09-18T19:00:00Z,anytime,Morgan Rogers,0.3333,3.6,3.0,23,
2026-09-16T08:18:29.715925+00:00,41,Brentford,Chelsea,2026-09-18T19:00:00Z,anytime,Fabio Carvalho,0.2778,4.04,3.6,17,
2026-09-16T08:18:29.715925+00:00,41,Brentford,Chelsea,2026-09-18T19:00:00Z,anytime,Kevin Schade,0.3077,3.89,3.25,23,
2026-09-16T08:18:29.715925+00:00,41,Brentford,Chelsea,2026-09-18T19:00:00Z,anytime,Dango Ouattara,0.2778,4.23,3.6,23,
2026-09-16T08:18:29.715925+00:00,41,Brentford,Chelsea,2026-09-18T19:00:00Z,anytime,Jaidon Anthony,0.2778,4.33,3.6,23,
2026-09-16T08:18:29.715925+00:00,41,Brentford,Chelsea,2026-09-18T19:00:00Z,anytime,Jamie Bynoe-Gittens,0.2667,4.43,3.75,17,
2026-09-16T08:18:29.715925+00:00,41,Brentford,Chelsea,2026-09-18T19:00:00Z,anytime,Geovany Quenda,0.25,4.5,4.0,13,
2026-09-16T08:18:29.715925+00:00,41,Brentford,Chelsea,2026-09-18T19:00:00Z,anytime,Gustavo Nunes Gomes,0.2721,5.0,3.675,18,
2026-09-16T08:18:29.715925+00:00,41,Brentford,Chelsea,2026-09-18T19:00:00Z,anytime,Pedro neto,0.2273,5.8,4.4,23,
2026-09-16T08:18:29.715925+00:00,41,Brentford,Chelsea,2026-09-18T19:00:00Z,anytime,Mikkel Damsgaard,0.2,6.29,5.0,23,
2026-09-16T08:18:29.715925+00:00,41,Brentford,Chelsea,2026-09-18T19:00:00Z,anytime,Mathias Jensen,0.1538,8.0,6.5,17,
2026-09-16T08:18:29.715925+00:00,41,Brentford,Chelsea,2026-09-18T19:00:00Z,anytime,Reece James,0.1333,9.23,7.5,23,
2026-09-16T08:18:29.715925+00:00,41,Brentford,Chelsea,2026-09-18T19:00:00Z,anytime,Valentin Barco,0.1538,8.0,6.5,23,
2026-09-16T08:18:29.715925+00:00,41,Brentford,Chelsea,2026-09-18T19:00:00Z,anytime,Mamadou Sangare,0.1538,8.0,6.5,23,
2026-09-16T08:18:29.715925+00:00,41,Brentford,Chelsea,2026-09-18T19:00:00Z,anytime,Keane Lewis-Potter,0.1429,9.62,7.0,23,
2026-09-16T08:18:29.715925+00:00,41,Brentford,Chelsea,2026-09-18T19:00:00Z,anytime,El Hadji Diouf,0.1111,9.0,9.0,1,
2026-09-16T08:18:29.715925+00:00,41,Brentford,Chelsea,2026-09-18T19:00:00Z,anytime,Nathan Collins,0.1143,9.0,8.75,2,
2026-09-16T08:18:29.715925+00:00,41,Brentford,Chelsea,2026-09-18T19:00:00Z,anytime,Moises Caicedo,0.125,9.5,8.0,15,
2026-09-16T08:18:29.715925+00:00,41,Brentford,Chelsea,2026-09-18T19:00:00Z,anytime,Aaron Anselmino,0.1176,9.5,8.5,11,
2026-09-16T08:18:29.715925+00:00,41,Brentford,Chelsea,2026-09-18T19:00:00Z,anytime,Romeo Lavia,0.1176,10.3,8.5,23,
2026-09-16T08:18:29.715925+00:00,41,Brentford,Chelsea,2026-09-18T19:00:00Z,anytime,Vitaly Janelt,0.1176,11.8,8.5,23,
2026-09-16T08:18:29.715925+00:00,41,Brentford,Chelsea,2026-09-18T19:00:00Z,anytime,Yegor Yarmolyuk,0.125,11.8,8.0,23,
2026-09-16T08:18:29.715925+00:00,41,Brentford,Chelsea,2026-09-18T19:00:00Z,anytime,Pep Chavarria,0.1,13.3,10.0,23,
2026-09-16T08:18:29.715925+00:00,41,Brentford,Chelsea,2026-09-18T19:00:00Z,anytime,Jordan Henderson,0.1053,14.7,9.5,17,
2026-09-16T08:18:29.715925+00:00,41,Brentford,Chelsea,2026-09-18T19:00:00Z,anytime,Josh Acheampong,0.1,12.0,10.0,23,
2026-09-16T08:18:29.715925+00:00,41,Brentford,Chelsea,2026-09-18T19:00:00Z,anytime,Maxence Lacroix,0.1,13.0,10.0,23,
2026-09-16T08:18:29.715925+00:00,41,Brentford,Chelsea,2026-09-18T19:00:00Z,anytime,Marco Palestra,0.1176,13.0,8.5,17,
2026-09-16T08:18:29.715925+00:00,41,Brentford,Chelsea,2026-09-18T19:00:00Z,anytime,Aaron Hickey,0.0833,14.7,12.0,23,
2026-09-16T08:18:29.715925+00:00,41,Brentford,Chelsea,2026-09-18T19:00:00Z,anytime,Malo Gusto,0.1053,13.0,9.5,23,
2026-09-16T08:18:29.715925+00:00,41,Brentford,Chelsea,2026-09-18T19:00:00Z,anytime,Michael Kayode,0.08,16.7,12.5,22,
2026-09-16T08:18:29.715925+00:00,41,Brentford,Chelsea,2026-09-18T19:00:00Z,anytime,Kristoffer Ajer,0.0769,18.6,13.0,23,
2026-09-16T08:18:29.715925+00:00,41,Brentford,Chelsea,2026-09-18T19:00:00Z,anytime,Jorrel Hato,0.0909,15.0,11.0,23,
2026-09-16T08:18:29.715925+00:00,41,Brentford,Chelsea,2026-09-18T19:00:00Z,anytime,Levi Colwill,0.0769,18.6,13.0,23,
2026-09-16T08:18:29.715925+00:00,41,Brentford,Chelsea,2026-09-18T19:00:00Z,anytime,Jannik Schuster,0.0833,19.6,12.0,23,
2026-09-16T08:18:29.715925+00:00,41,Brentford,Chelsea,2026-09-18T19:00:00Z,anytime,Wesley Fofana,0.0667,19.6,15.0,23,
2026-09-16T08:18:29.715925+00:00,41,Brentford,Chelsea,2026-09-18T19:00:00Z,anytime,Rico Henry,0.0769,19.1,13.0,19,
2026-09-16T08:18:29.715925+00:00,48,Spurs,Aston Villa,2026-09-19T11:30:00Z,1x2,,0.4765/0.2581/0.2655,,,,
2026-09-16T08:18:29.715925+00:00,48,Spurs,Aston Villa,2026-09-19T11:30:00Z,cs_home,,0.2867,,,,
2026-09-16T08:18:29.715925+00:00,48,Spurs,Aston Villa,2026-09-19T11:30:00Z,cs_away,,0.1766,,,,
2026-09-16T08:18:29.715925+00:00,48,Spurs,Aston Villa,2026-09-19T11:30:00Z,btts,,0.593,,,,
2026-09-16T08:18:29.715925+00:00,48,Spurs,Aston Villa,2026-09-19T11:30:00Z,anytime,Omar Marmoush,0.3752,2.8,2.665,16,
2026-09-16T08:18:29.715925+00:00,48,Spurs,Aston Villa,2026-09-19T11:30:00Z,anytime,Dominic Solanke,0.4,2.8,2.5,19,
2026-09-16T08:18:29.715925+00:00,48,Spurs,Aston Villa,2026-09-19T11:30:00Z,anytime,Tammy Abraham,0.3226,3.3,3.1,19,
2026-09-16T08:18:29.715925+00:00,48,Spurs,Aston Villa,2026-09-19T11:30:00Z,anytime,Nicolas Jackson,0.3226,3.5,3.1,16,
2026-09-16T08:18:29.715925+00:00,48,Spurs,Aston Villa,2026-09-19T11:30:00Z,anytime,Brian Madjo,0.346,3.6,2.8899999999999997,12,
2026-09-16T08:18:29.715925+00:00,48,Spurs,Aston Villa,2026-09-19T11:30:00Z,anytime,Mathys Tel,0.3077,3.7,3.25,19,
2026-09-16T08:18:29.715925+00:00,48,Spurs,Aston Villa,2026-09-19T11:30:00Z,anytime,Luca Williams-Barnet,0.2941,3.8,3.4,4,
2026-09-16T08:18:29.715925+00:00,48,Spurs,Aston Villa,2026-09-19T11:30:00Z,anytime,James Maddison,0.2899,4.333,3.45,16,
2026-09-16T08:18:29.715925+00:00,48,Spurs,Aston Villa,2026-09-19T11:30:00Z,anytime,Mohammed Kudus,0.25,4.6,4.0,19,
2026-09-16T08:18:29.715925+00:00,48,Spurs,Aston Villa,2026-09-19T11:30:00Z,anytime,Emiliano Buendia,0.2564,4.75,3.9,19,
2026-09-16T08:18:29.715925+00:00,48,Spurs,Aston Villa,2026-09-19T11:30:00Z,anytime,de Oliveira Savio,0.25,4.75,4.0,16,
2026-09-16T08:18:29.715925+00:00,48,Spurs,Aston Villa,2026-09-19T11:30:00Z,anytime,Alejandro Garnacho,0.2265,5.5,4.415,16,
2026-09-16T08:18:29.715925+00:00,48,Spurs,Aston Villa,2026-09-19T11:30:00Z,anytime,Ibrahim Mbaye,0.2083,5.5,4.8,16,
2026-09-16T08:18:29.715925+00:00,48,Spurs,Aston Villa,2026-09-19T11:30:00Z,anytime,Johan Manzambi,0.2105,5.5,4.75,19,
2026-09-16T08:18:29.715925+00:00,48,Spurs,Aston Villa,2026-09-19T11:30:00Z,anytime,Conor Gallagher,0.2,5.75,5.0,19,
2026-09-16T08:18:29.715925+00:00,48,Spurs,Aston Villa,2026-09-19T11:30:00Z,anytime,Mateus Fernandes,0.2,6.0,5.0,19,
2026-09-16T08:18:29.715925+00:00,48,Spurs,Aston Villa,2026-09-19T11:30:00Z,anytime,John McGinn,0.1818,6.0,5.5,19,
2026-09-16T08:18:29.715925+00:00,48,Spurs,Aston Villa,2026-09-19T11:30:00Z,anytime,Alysson Edward,0.2,6.0,5.0,18,
2026-09-16T08:18:29.715925+00:00,48,Spurs,Aston Villa,2026-09-19T11:30:00Z,anytime,Lucas Bergvall,0.1739,6.5,5.75,19,
2026-09-16T08:18:29.715925+00:00,48,Spurs,Aston Villa,2026-09-19T11:30:00Z,anytime,George Hemmings,0.1667,7.0,6.0,19,
2026-09-16T08:18:29.715925+00:00,48,Spurs,Aston Villa,2026-09-19T11:30:00Z,anytime,Ross Barkley,0.1818,7.0,5.5,19,
2026-09-16T08:18:29.715925+00:00,48,Spurs,Aston Villa,2026-09-19T11:30:00Z,anytime,Joao Victor Souza,0.1333,7.5,7.5,1,
2026-09-16T08:18:29.715925+00:00,48,Spurs,Aston Villa,2026-09-19T11:30:00Z,anytime,Sandro Tonali,0.1538,7.5,6.5,19,
2026-09-16T08:18:29.715925+00:00,48,Spurs,Aston Villa,2026-09-19T11:30:00Z,anytime,Pedro Porro,0.1333,8.0,7.5,18,
2026-09-16T08:18:29.715925+00:00,48,Spurs,Aston Villa,2026-09-19T11:30:00Z,anytime,Rodrigo Bentancur,0.1333,8.5,7.5,19,
2026-09-16T08:18:29.715925+00:00,48,Spurs,Aston Villa,2026-09-19T11:30:00Z,anytime,Joao Gomes,0.1176,9.5,8.5,15,
2026-09-16T08:18:29.715925+00:00,48,Spurs,Aston Villa,2026-09-19T11:30:00Z,anytime,Mickey van de Ven,0.1429,9.5,7.0,19,
2026-09-16T08:18:29.715925+00:00,48,Spurs,Aston Villa,2026-09-19T11:30:00Z,anytime,Jan Paul van Hecke,0.1176,10.0,8.5,19,
2026-09-16T08:18:29.715925+00:00,48,Spurs,Aston Villa,2026-09-19T11:30:00Z,anytime,Ian Maatsen,0.1,11.0,10.0,10,
2026-09-16T08:18:29.715925+00:00,48,Spurs,Aston Villa,2026-09-19T11:30:00Z,anytime,Archie Gray,0.125,12.0,8.0,19,
2026-09-16T08:18:29.715925+00:00,48,Spurs,Aston Villa,2026-09-19T11:30:00Z,anytime,Taylor Harwood-Bellis,0.1053,12.0,9.5,16,
2026-09-16T08:18:29.715925+00:00,48,Spurs,Aston Villa,2026-09-19T11:30:00Z,anytime,Tosin Adarabioyo,0.0833,13.0,12.0,13,
2026-09-16T08:18:29.715925+00:00,48,Spurs,Aston Villa,2026-09-19T11:30:00Z,anytime,Ben Davies,0.08,13.0,12.5,16,
2026-09-16T08:18:29.715925+00:00,48,Spurs,Aston Villa,2026-09-19T11:30:00Z,anytime,Matty Cash,0.1111,13.0,9.0,15,
2026-09-16T08:18:29.715925+00:00,48,Spurs,Aston Villa,2026-09-19T11:30:00Z,anytime,Andrew Robertson,0.0909,13.0,11.0,19,
2026-09-16T08:18:29.715925+00:00,48,Spurs,Aston Villa,2026-09-19T11:30:00Z,anytime,Lamare Bogarde,0.08,15.0,12.5,16,
2026-09-16T08:18:29.715925+00:00,48,Spurs,Aston Villa,2026-09-19T11:30:00Z,anytime,Marcos Senesi,0.0833,15.0,12.0,19,
2026-09-16T08:18:29.715925+00:00,48,Spurs,Aston Villa,2026-09-19T11:30:00Z,anytime,Boubacar Kamara,0.0769,15.0,13.0,19,
2026-09-16T08:18:29.715925+00:00,48,Spurs,Aston Villa,2026-09-19T11:30:00Z,anytime,Destiny Udogie,0.08,15.0,12.5,18,
2026-09-16T08:18:29.715925+00:00,48,Spurs,Aston Villa,2026-09-19T11:30:00Z,anytime,Matteo Ruggeri,0.0667,17.0,15.0,16,
2026-09-16T08:18:29.715925+00:00,48,Spurs,Aston Villa,2026-09-19T11:30:00Z,anytime,Pau Torres,0.0667,17.0,15.0,16,
2026-09-16T08:18:29.715925+00:00,48,Spurs,Aston Villa,2026-09-19T11:30:00Z,anytime,Tyrone Mings,0.0833,17.0,12.0,19,
2026-09-16T08:18:29.715925+00:00,48,Spurs,Aston Villa,2026-09-19T11:30:00Z,anytime,Aaron Wan-Bissaka,0.0769,19.0,13.0,16,
2026-09-16T08:18:29.715925+00:00,48,Spurs,Aston Villa,2026-09-19T11:30:00Z,anytime,Victor Lindelof,0.0667,22.0,15.0,19,
2026-09-16T08:18:29.715925+00:00,42,Brighton,Arsenal,2026-09-19T14:00:00Z,1x2,,0.2034/0.2462/0.5504,,,,
2026-09-16T08:18:29.715925+00:00,42,Brighton,Arsenal,2026-09-19T14:00:00Z,cs_home,,0.163,,,,
2026-09-16T08:18:29.715925+00:00,42,Brighton,Arsenal,2026-09-19T14:00:00Z,cs_away,,0.3259,,,,
2026-09-16T08:18:29.715925+00:00,42,Brighton,Arsenal,2026-09-19T14:00:00Z,btts,,0.568,,,,
2026-09-16T08:18:29.715925+00:00,42,Brighton,Arsenal,2026-09-19T14:00:00Z,anytime,Viktor Gyokeres,0.4444,2.6,2.25,19,
2026-09-16T08:18:29.715925+00:00,42,Brighton,Arsenal,2026-09-19T14:00:00Z,anytime,Kai Havertz,0.4202,2.75,2.38,19,
2026-09-16T08:18:29.715925+00:00,42,Brighton,Arsenal,2026-09-19T14:00:00Z,anytime,Bukayo Saka,0.3472,3.3,2.88,19,
2026-09-16T08:18:29.715925+00:00,42,Brighton,Arsenal,2026-09-19T14:00:00Z,anytime,Christos Tzolis,0.3226,3.6,3.1,19,
2026-09-16T08:18:29.715925+00:00,42,Brighton,Arsenal,2026-09-19T14:00:00Z,anytime,Noni Madueke,0.2857,4.0,3.5,16,
2026-09-16T08:18:29.715925+00:00,42,Brighton,Arsenal,2026-09-19T14:00:00Z,anytime,Max Dowman,0.2817,4.0,3.55,16,
2026-09-16T08:18:29.715925+00:00,42,Brighton,Arsenal,2026-09-19T14:00:00Z,anytime,Mikel Merino,0.2899,4.0,3.45,16,
2026-09-16T08:18:29.715925+00:00,42,Brighton,Arsenal,2026-09-19T14:00:00Z,anytime,Charalampos Kostoulas,0.2667,4.333,3.75,19,
2026-09-16T08:18:29.715925+00:00,42,Brighton,Arsenal,2026-09-19T14:00:00Z,anytime,Promise David,0.2778,4.333,3.6,19,
2026-09-16T08:18:29.715925+00:00,42,Brighton,Arsenal,2026-09-19T14:00:00Z,anytime,Eberechi Eze,0.2857,4.5,3.5,19,
2026-09-16T08:18:29.715925+00:00,42,Brighton,Arsenal,2026-09-19T14:00:00Z,anytime,Zadok Yohanna,0.2162,4.75,4.625,2,
2026-09-16T08:18:29.715925+00:00,42,Brighton,Arsenal,2026-09-19T14:00:00Z,anytime,Georginio Rutter,0.2309,5.0,4.33,16,
2026-09-16T08:18:29.715925+00:00,42,Brighton,Arsenal,2026-09-19T14:00:00Z,anytime,Shane Nti,0.2,5.25,5.0,4,
2026-09-16T08:18:29.715925+00:00,42,Brighton,Arsenal,2026-09-19T14:00:00Z,anytime,Martin Odegaard,0.2381,5.25,4.2,19,
2026-09-16T08:18:29.715925+00:00,42,Brighton,Arsenal,2026-09-19T14:00:00Z,anytime,Diego Gomez,0.2,5.5,5.0,19,
2026-09-16T08:18:29.715925+00:00,42,Brighton,Arsenal,2026-09-19T14:00:00Z,anytime,Moura Bruno Guimaraes,0.2222,6.0,4.5,19,
2026-09-16T08:18:29.715925+00:00,42,Brighton,Arsenal,2026-09-19T14:00:00Z,anytime,Matt ORiley,0.177,6.5,5.65,16,
2026-09-16T08:18:29.715925+00:00,42,Brighton,Arsenal,2026-09-19T14:00:00Z,anytime,Ibrahim Osman,0.1818,6.5,5.5,19,
2026-09-16T08:18:29.715925+00:00,42,Brighton,Arsenal,2026-09-19T14:00:00Z,anytime,Younes Ibrahim,0.1818,7.0,5.5,11,
2026-09-16T08:18:29.715925+00:00,42,Brighton,Arsenal,2026-09-19T14:00:00Z,anytime,Malick Yalcouye,0.1724,7.5,5.8,19,
2026-09-16T08:18:29.715925+00:00,42,Brighton,Arsenal,2026-09-19T14:00:00Z,anytime,Declan Rice,0.1667,7.5,6.0,19,
2026-09-16T08:18:29.715925+00:00,42,Brighton,Arsenal,2026-09-19T14:00:00Z,anytime,Nehemiah Oriola,0.1538,7.5,6.5,12,
2026-09-16T08:18:29.715925+00:00,42,Brighton,Arsenal,2026-09-19T14:00:00Z,anytime,Yasin Ayari,0.1429,8.0,7.0,19,
2026-09-16T08:18:29.715925+00:00,42,Brighton,Arsenal,2026-09-19T14:00:00Z,anytime,Martin Zubimendi,0.1429,8.0,7.0,19,
2026-09-16T08:18:29.715925+00:00,42,Brighton,Arsenal,2026-09-19T14:00:00Z,anytime,Maxim De Cuyper,0.1538,8.5,6.5,19,
2026-09-16T08:18:29.715925+00:00,42,Brighton,Arsenal,2026-09-19T14:00:00Z,anytime,Magalhaes Gabriel,0.1429,9.5,7.0,19,
2026-09-16T08:18:29.715925+00:00,42,Brighton,Arsenal,2026-09-19T14:00:00Z,anytime,Riccardo Calafiori,0.125,9.5,8.0,19,
2026-09-16T08:18:29.715925+00:00,42,Brighton,Arsenal,2026-09-19T14:00:00Z,anytime,Jurrien Timber,0.1176,10.0,8.5,15,
2026-09-16T08:18:29.715925+00:00,42,Brighton,Arsenal,2026-09-19T14:00:00Z,anytime,Pascal Gross,0.1333,10.0,7.5,19,
2026-09-16T08:18:29.715925+00:00,42,Brighton,Arsenal,2026-09-19T14:00:00Z,anytime,Myles Lewis-Skelly,0.1111,11.0,9.0,19,
2026-09-16T08:18:29.715925+00:00,42,Brighton,Arsenal,2026-09-19T14:00:00Z,anytime,Chema Andres,0.1143,11.0,8.75,16,
2026-09-16T08:18:29.715925+00:00,42,Brighton,Arsenal,2026-09-19T14:00:00Z,anytime,Piero Hincapie,0.1,12.0,10.0,19,
2026-09-16T08:18:29.715925+00:00,42,Brighton,Arsenal,2026-09-19T14:00:00Z,anytime,Luka Vuskovic,0.1053,13.0,9.5,19,
2026-09-16T08:18:29.715925+00:00,42,Brighton,Arsenal,2026-09-19T14:00:00Z,anytime,Ben White,0.1,13.0,10.0,16,
2026-09-16T08:18:29.715925+00:00,42,Brighton,Arsenal,2026-09-19T14:00:00Z,anytime,Ezri Konsa,0.0833,13.0,12.0,16,
2026-09-16T08:18:29.715925+00:00,42,Brighton,Arsenal,2026-09-19T14:00:00Z,anytime,Ferdi Kadioglu,0.0833,14.0,12.0,19,
2026-09-16T08:18:29.715925+00:00,42,Brighton,Arsenal,2026-09-19T14:00:00Z,anytime,Pascal Struijk,0.0769,15.0,13.0,19,
2026-09-16T08:18:29.715925+00:00,42,Brighton,Arsenal,2026-09-19T14:00:00Z,anytime,Cristhian Mosquera,0.0714,17.0,14.0,18,
2026-09-16T08:18:29.715925+00:00,42,Brighton,Arsenal,2026-09-19T14:00:00Z,anytime,Michael Svoboda,0.0769,17.0,13.0,13,
2026-09-16T08:18:29.715925+00:00,42,Brighton,Arsenal,2026-09-19T14:00:00Z,anytime,Jaouen Hadjam,0.0769,17.0,13.0,16,
2026-09-16T08:18:29.715925+00:00,42,Brighton,Arsenal,2026-09-19T14:00:00Z,anytime,Lewis Dunk,0.0667,17.0,15.0,19,
2026-09-16T08:18:29.715925+00:00,42,Brighton,Arsenal,2026-09-19T14:00:00Z,anytime,Marli Salmon,0.0667,21.0,15.0,13,
2026-09-16T08:18:29.715925+00:00,42,Brighton,Arsenal,2026-09-19T14:00:00Z,anytime,Olivier Boscagli,0.0588,22.0,17.0,19,
2026-09-16T08:18:29.715925+00:00,42,Brighton,Arsenal,2026-09-19T14:00:00Z,anytime,Joao Pedro Costinha,0.069,23.0,14.5,16,
2026-09-16T08:18:29.715925+00:00,49,Bournemouth,Liverpool,2026-09-20T13:00:00Z,1x2,,0.3097/0.2478/0.4425,,,,
2026-09-16T08:18:29.715925+00:00,49,Bournemouth,Liverpool,2026-09-20T13:00:00Z,cs_home,,0.1538,,,,
2026-09-16T08:18:29.715925+00:00,49,Bournemouth,Liverpool,2026-09-20T13:00:00Z,cs_away,,0.2134,,,,
2026-09-16T08:18:29.715925+00:00,49,Bournemouth,Liverpool,2026-09-20T13:00:00Z,btts,,0.6712,,,,
2026-09-16T08:18:29.715925+00:00,49,Bournemouth,Liverpool,2026-09-20T13:00:00Z,anytime,Alexander Isak,0.4444,2.4,2.25,13,
2026-09-16T08:18:29.715925+00:00,49,Bournemouth,Liverpool,2026-09-20T13:00:00Z,anytime,Jayden Danns,0.3604,3.0,2.7750000000000004,6,
2026-09-16T08:18:29.715925+00:00,49,Bournemouth,Liverpool,2026-09-20T13:00:00Z,anytime,Evanilson,0.3571,3.15,2.8,13,
2026-09-16T08:18:29.715925+00:00,49,Bournemouth,Liverpool,2026-09-20T13:00:00Z,anytime,Cody Gakpo,0.3636,3.2,2.75,13,
2026-09-16T08:18:29.715925+00:00,49,Bournemouth,Liverpool,2026-09-20T13:00:00Z,anytime,Alvaro Rodriguez,0.3226,3.25,3.1,13,
2026-09-16T08:18:29.715925+00:00,49,Bournemouth,Liverpool,2026-09-20T13:00:00Z,anytime,Daniel Jebbison,0.3226,3.4,3.1,13,
2026-09-16T08:18:29.715925+00:00,49,Bournemouth,Liverpool,2026-09-20T13:00:00Z,anytime,Bradley Barcola,0.339,3.4,2.95,10,
2026-09-16T08:18:29.715925+00:00,49,Bournemouth,Liverpool,2026-09-20T13:00:00Z,anytime,Rayan Vitor,0.3333,3.6,3.0,13,
2026-09-16T08:18:29.715925+00:00,49,Bournemouth,Liverpool,2026-09-20T13:00:00Z,anytime,Lewis Koumas,0.303,3.9,3.3,9,
2026-09-16T08:18:29.715925+00:00,49,Bournemouth,Liverpool,2026-09-20T13:00:00Z,anytime,Amine Adli,0.25,4.0,4.0,1,
2026-09-16T08:18:29.715925+00:00,49,Bournemouth,Liverpool,2026-09-20T13:00:00Z,anytime,Victor Munoz,0.3333,4.0,3.0,13,
2026-09-16T08:18:29.715925+00:00,49,Bournemouth,Liverpool,2026-09-20T13:00:00Z,anytime,Rio Ngumoha,0.2778,4.0,3.6,13,
2026-09-16T08:18:29.715925+00:00,49,Bournemouth,Liverpool,2026-09-20T13:00:00Z,anytime,David Brooks,0.2667,4.0,3.75,9,
2026-09-16T08:18:29.715925+00:00,49,Bournemouth,Liverpool,2026-09-20T13:00:00Z,anytime,Justin Kluivert,0.2667,4.33,3.75,13,
2026-09-16T08:18:29.715925+00:00,49,Bournemouth,Liverpool,2026-09-20T13:00:00Z,anytime,Marcus Tavernier,0.2381,4.333,4.2,13,
2026-09-16T08:18:29.715925+00:00,49,Bournemouth,Liverpool,2026-09-20T13:00:00Z,anytime,Florian Wirtz,0.2941,4.333,3.4,13,
2026-09-16T08:18:29.715925+00:00,49,Bournemouth,Liverpool,2026-09-20T13:00:00Z,anytime,Ben Doak,0.25,4.5,4.0,9,
2026-09-16T08:18:29.715925+00:00,49,Bournemouth,Liverpool,2026-09-20T13:00:00Z,anytime,Dominik Szoboszlai,0.2632,5.0,3.8,13,
2026-09-16T08:18:29.715925+00:00,49,Bournemouth,Liverpool,2026-09-20T13:00:00Z,anytime,James McConnell,0.1667,6.0,6.0,1,
2026-09-16T08:18:29.715925+00:00,49,Bournemouth,Liverpool,2026-09-20T13:00:00Z,anytime,Alexis Mac Allister,0.2,6.0,5.0,13,
2026-09-16T08:18:29.715925+00:00,49,Bournemouth,Liverpool,2026-09-20T13:00:00Z,anytime,Trey Nyoni,0.1905,6.2,5.25,9,
2026-09-16T08:18:29.715925+00:00,49,Bournemouth,Liverpool,2026-09-20T13:00:00Z,anytime,Ryan Christie,0.1739,6.5,5.75,13,
2026-09-16T08:18:29.715925+00:00,49,Bournemouth,Liverpool,2026-09-20T13:00:00Z,anytime,Ryan Gravenberch,0.1538,7.0,6.5,13,
2026-09-16T08:18:29.715925+00:00,49,Bournemouth,Liverpool,2026-09-20T13:00:00Z,anytime,Jeremie Frimpong,0.1538,7.5,6.5,13,
2026-09-16T08:18:29.715925+00:00,49,Bournemouth,Liverpool,2026-09-20T13:00:00Z,anytime,Juanlu Sanchez,0.1667,7.5,6.0,10,
2026-09-16T08:18:29.715925+00:00,49,Bournemouth,Liverpool,2026-09-20T13:00:00Z,anytime,Alex Scott,0.1538,7.5,6.5,13,
2026-09-16T08:18:29.715925+00:00,49,Bournemouth,Liverpool,2026-09-20T13:00:00Z,anytime,Virgil van Dijk,0.16,8.0,6.25,13,
2026-09-16T08:18:29.715925+00:00,49,Bournemouth,Liverpool,2026-09-20T13:00:00Z,anytime,Alex Toth,0.1481,8.5,6.75,6,
2026-09-16T08:18:29.715925+00:00,49,Bournemouth,Liverpool,2026-09-20T13:00:00Z,anytime,Luke Chambers,0.1111,9.0,9.0,1,
2026-09-16T08:18:29.715925+00:00,49,Bournemouth,Liverpool,2026-09-20T13:00:00Z,anytime,Milos Kerkez,0.1176,9.5,8.5,13,
2026-09-16T08:18:29.715925+00:00,49,Bournemouth,Liverpool,2026-09-20T13:00:00Z,anytime,Wataru Endo,0.1333,9.5,7.5,9,
2026-09-16T08:18:29.715925+00:00,49,Bournemouth,Liverpool,2026-09-20T13:00:00Z,anytime,Lewis Cook,0.0909,11.0,11.0,13,
2026-09-16T08:18:29.715925+00:00,49,Bournemouth,Liverpool,2026-09-20T13:00:00Z,anytime,Bafode Diakite,0.0909,11.0,11.0,9,
2026-09-16T08:18:29.715925+00:00,49,Bournemouth,Liverpool,2026-09-20T13:00:00Z,anytime,Antonio Silva,0.0909,11.0,11.0,13,
2026-09-16T08:18:29.715925+00:00,49,Bournemouth,Liverpool,2026-09-20T13:00:00Z,anytime,Ronald Araujo,0.1176,12.0,8.5,13,
2026-09-16T08:18:29.715925+00:00,49,Bournemouth,Liverpool,2026-09-20T13:00:00Z,anytime,Jeremy Jacquet,0.1053,12.0,9.5,13,
2026-09-16T08:18:29.715925+00:00,49,Bournemouth,Liverpool,2026-09-20T13:00:00Z,anytime,Konstantinos Tsimikas,0.1053,12.0,9.5,13,
2026-09-16T08:18:29.715925+00:00,49,Bournemouth,Liverpool,2026-09-20T13:00:00Z,anytime,Veljko Milosavljevic,0.0769,13.0,13.0,1,
2026-09-16T08:18:29.715925+00:00,49,Bournemouth,Liverpool,2026-09-20T13:00:00Z,anytime,Tyler Adams,0.1,13.0,10.0,13,
2026-09-16T08:18:29.715925+00:00,49,Bournemouth,Liverpool,2026-09-20T13:00:00Z,anytime,James Hill,0.087,13.0,11.5,13,
2026-09-16T08:18:29.715925+00:00,49,Bournemouth,Liverpool,2026-09-20T13:00:00Z,anytime,Adrien Truffert,0.0909,13.0,11.0,13,
2026-09-16T08:18:29.715925+00:00,49,Bournemouth,Liverpool,2026-09-20T13:00:00Z,anytime,Julio Soler,0.0769,15.0,13.0,9,
2026-09-16T08:18:29.715925+00:00,49,Bournemouth,Liverpool,2026-09-20T13:00:00Z,anytime,Adam Smith,0.0769,17.0,13.0,13,
2026-09-16T08:18:29.715925+00:00,45,Man City,Sunderland,2026-09-20T13:00:00Z,1x2,,0.7297/0.1712/0.0991,,,,
2026-09-16T08:18:29.715925+00:00,45,Man City,Sunderland,2026-09-20T13:00:00Z,anytime,Erling Haaland,0.6734,1.65,1.4849999999999999,12,
2026-09-16T08:18:29.715925+00:00,45,Man City,Sunderland,2026-09-20T13:00:00Z,anytime,Antoine Semenyo,0.4255,2.8,2.35,12,
2026-09-16T08:18:29.715925+00:00,45,Man City,Sunderland,2026-09-20T13:00:00Z,anytime,Ryan McAidoo,0.367,2.8,2.725,8,
2026-09-16T08:18:29.715925+00:00,45,Man City,Sunderland,2026-09-20T13:00:00Z,anytime,Phil Foden,0.3636,3.1,2.75,5,
2026-09-16T08:18:29.715925+00:00,45,Man City,Sunderland,2026-09-20T13:00:00Z,anytime,Allan Andrade,0.3226,3.1,3.1,1,
2026-09-16T08:18:29.715925+00:00,45,Man City,Sunderland,2026-09-20T13:00:00Z,anytime,Iliman-Cheikh Ndiaye,0.3448,3.3,2.9,12,
2026-09-16T08:18:29.715925+00:00,45,Man City,Sunderland,2026-09-20T13:00:00Z,anytime,Jeremy Doku,0.2778,3.6,3.6,1,
2026-09-16T08:18:29.715925+00:00,45,Man City,Sunderland,2026-09-20T13:00:00Z,anytime,Rayan Cherki,0.4,3.6,2.5,12,
2026-09-16T08:18:29.715925+00:00,45,Man City,Sunderland,2026-09-20T13:00:00Z,anytime,Enzo Fernandez,0.2941,4.0,3.4,12,
2026-09-16T08:18:29.715925+00:00,45,Man City,Sunderland,2026-09-20T13:00:00Z,anytime,Wilson Isidor,0.2304,4.75,4.34,12,
2026-09-16T08:18:29.715925+00:00,45,Man City,Sunderland,2026-09-20T13:00:00Z,anytime,Brian Brobbey,0.2222,4.8,4.5,12,
2026-09-16T08:18:29.715925+00:00,45,Man City,Sunderland,2026-09-20T13:00:00Z,anytime,Juan Angulo,0.2174,5.0,4.6,3,
2026-09-16T08:18:29.715925+00:00,45,Man City,Sunderland,2026-09-20T13:00:00Z,anytime,Nico OReilly,0.2309,5.25,4.33,12,
2026-09-16T08:18:29.715925+00:00,45,Man City,Sunderland,2026-09-20T13:00:00Z,anytime,Malick Fofana,0.1667,6.2,6.0,12,
2026-09-16T08:18:29.715925+00:00,45,Man City,Sunderland,2026-09-20T13:00:00Z,anytime,Elliot Anderson,0.2,6.5,5.0,12,
2026-09-16T08:18:29.715925+00:00,45,Man City,Sunderland,2026-09-20T13:00:00Z,anytime,Timur Tutierov,0.1818,6.7,5.5,5,
2026-09-16T08:18:29.715925+00:00,45,Man City,Sunderland,2026-09-20T13:00:00Z,anytime,Josko Gvardiol,0.1702,7.0,5.875,12,
2026-09-16T08:18:29.715925+00:00,45,Man City,Sunderland,2026-09-20T13:00:00Z,anytime,Mateo Kovacic,0.1732,7.0,5.775,12,
2026-09-16T08:18:29.715925+00:00,45,Man City,Sunderland,2026-09-20T13:00:00Z,anytime,Nilson Angulo,0.16,7.0,6.25,12,
2026-09-16T08:18:29.715925+00:00,45,Man City,Sunderland,2026-09-20T13:00:00Z,anytime,Marc Guehi,0.1667,7.0,6.0,12,
2026-09-16T08:18:29.715925+00:00,45,Man City,Sunderland,2026-09-20T13:00:00Z,anytime,Rayan Ait Nouri,0.1538,7.5,6.5,9,
2026-09-16T08:18:29.715925+00:00,45,Man City,Sunderland,2026-09-20T13:00:00Z,anytime,Enzo Le Fee,0.1538,7.5,6.5,12,
2026-09-16T08:18:29.715925+00:00,45,Man City,Sunderland,2026-09-20T13:00:00Z,anytime,Ayyoub Bouaddi,0.1538,7.5,6.5,12,
2026-09-16T08:18:29.715925+00:00,45,Man City,Sunderland,2026-09-20T13:00:00Z,anytime,Chemsdine Talbi,0.1538,7.5,6.5,9,
2026-09-16T08:18:29.715925+00:00,45,Man City,Sunderland,2026-09-20T13:00:00Z,anytime,Kaden Braithwaite,0.1429,8.5,7.0,5,
2026-09-16T08:18:29.715925+00:00,45,Man City,Sunderland,2026-09-20T13:00:00Z,anytime,Jocelin Ta Bi,0.129,9.0,7.75,6,
2026-09-16T08:18:29.715925+00:00,45,Man City,Sunderland,2026-09-20T13:00:00Z,anytime,Matheus Nunes,0.1212,9.5,8.25,12,
2026-09-16T08:18:29.715925+00:00,45,Man City,Sunderland,2026-09-20T13:00:00Z,anytime,Vitor Reis,0.1176,9.5,8.5,12,
2026-09-16T08:18:29.715925+00:00,45,Man City,Sunderland,2026-09-20T13:00:00Z,anytime,Chris Rigg,0.1111,10.0,9.0,9,
2026-09-16T08:18:29.715925+00:00,45,Man City,Sunderland,2026-09-20T13:00:00Z,anytime,Ruben Dias,0.1053,11.0,9.5,12,
2026-09-16T08:18:29.715925+00:00,45,Man City,Sunderland,2026-09-20T13:00:00Z,anytime,Rico Lewis,0.1111,11.0,9.0,12,
2026-09-16T08:18:29.715925+00:00,45,Man City,Sunderland,2026-09-20T13:00:00Z,anytime,Abduqodir Khusanov,0.1053,11.0,9.5,12,
2026-09-16T08:18:29.715925+00:00,45,Man City,Sunderland,2026-09-20T13:00:00Z,anytime,Alan Browne,0.1053,11.0,9.5,9,
2026-09-16T08:18:29.715925+00:00,45,Man City,Sunderland,2026-09-20T13:00:00Z,anytime,Granit Xhaka,0.0909,11.5,11.0,12,
2026-09-16T08:18:29.715925+00:00,45,Man City,Sunderland,2026-09-20T13:00:00Z,anytime,Daniel Ballard,0.0909,12.0,11.0,12,
2026-09-16T08:18:29.715925+00:00,45,Man City,Sunderland,2026-09-20T13:00:00Z,anytime,Trai Hume,0.1,13.0,10.0,12,
2026-09-16T08:18:29.715925+00:00,45,Man City,Sunderland,2026-09-20T13:00:00Z,anytime,Jules Ahoka,0.0833,13.0,12.0,12,
2026-09-16T08:18:29.715925+00:00,45,Man City,Sunderland,2026-09-20T13:00:00Z,anytime,Thomas Meunier,0.0833,15.0,12.0,12,
2026-09-16T08:18:29.715925+00:00,45,Man City,Sunderland,2026-09-20T13:00:00Z,anytime,Omar Alderete,0.0667,17.0,15.0,12,
2026-09-16T08:18:29.715925+00:00,45,Man City,Sunderland,2026-09-20T13:00:00Z,anytime,Jenson Jones,0.0769,17.0,13.0,5,
2026-09-16T08:18:29.715925+00:00,45,Man City,Sunderland,2026-09-20T13:00:00Z,anytime,Nordi Mukiele,0.0667,17.0,15.0,12,
2026-09-16T08:18:29.715925+00:00,45,Man City,Sunderland,2026-09-20T13:00:00Z,anytime,Noah Sadiki,0.0667,17.0,15.0,12,
2026-09-16T08:18:29.715925+00:00,45,Man City,Sunderland,2026-09-20T13:00:00Z,anytime,Reinildo Mandava,0.0667,19.0,15.0,5,
2026-09-16T08:18:29.715925+00:00,45,Man City,Sunderland,2026-09-20T13:00:00Z,anytime,Kevin Danso,0.05,21.0,20.0,12,
2026-09-16T08:18:29.715925+00:00,45,Man City,Sunderland,2026-09-20T13:00:00Z,anytime,Dayann Methalie,0.0714,21.0,14.0,12,
2026-09-16T08:18:29.715925+00:00,45,Man City,Sunderland,2026-09-20T13:00:00Z,anytime,Luke ONien,0.0625,21.0,16.0,12,
2026-09-16T08:18:29.715925+00:00,44,Leeds,Crystal Palace,2026-09-20T13:00:00Z,1x2,,0.5292/0.2503/0.2205,,,,
2026-09-16T08:18:29.715925+00:00,44,Leeds,Crystal Palace,2026-09-20T13:00:00Z,cs_home,,0.3156,,,,
2026-09-16T08:18:29.715925+00:00,44,Leeds,Crystal Palace,2026-09-20T13:00:00Z,cs_away,,0.1622,,,,
2026-09-16T08:18:29.715925+00:00,44,Leeds,Crystal Palace,2026-09-20T13:00:00Z,btts,,0.5779,,,,
2026-09-16T08:18:29.715925+00:00,44,Leeds,Crystal Palace,2026-09-20T13:00:00Z,anytime,Dominic Calvert-Lewin,0.4762,2.4,2.1,13,
2026-09-16T08:18:29.715925+00:00,44,Leeds,Crystal Palace,2026-09-20T13:00:00Z,anytime,Lukas Nmecha,0.4348,2.6,2.3,13,
2026-09-16T08:18:29.715925+00:00,44,Leeds,Crystal Palace,2026-09-20T13:00:00Z,anytime,Noah Okafor,0.3636,3.2,2.75,13,
2026-09-16T08:18:29.715925+00:00,44,Leeds,Crystal Palace,2026-09-20T13:00:00Z,anytime,Harry Wilson,0.3333,3.4,3.0,13,
2026-09-16T08:18:29.715925+00:00,44,Leeds,Crystal Palace,2026-09-20T13:00:00Z,anytime,Jorgen Larsen,0.2941,3.75,3.4,13,
2026-09-16T08:18:29.715925+00:00,44,Leeds,Crystal Palace,2026-09-20T13:00:00Z,anytime,Daniel James,0.3226,4.0,3.1,9,
2026-09-16T08:18:29.715925+00:00,44,Leeds,Crystal Palace,2026-09-20T13:00:00Z,anytime,Eddie Nketiah,0.2857,4.0,3.5,13,
2026-09-16T08:18:29.715925+00:00,44,Leeds,Crystal Palace,2026-09-20T13:00:00Z,anytime,Ismaila Sarr,0.2899,4.0,3.45,6,
2026-09-16T08:18:29.715925+00:00,44,Leeds,Crystal Palace,2026-09-20T13:00:00Z,anytime,Jean Negoce,0.2667,4.0,3.75,13,
2026-09-16T08:18:29.715925+00:00,44,Leeds,Crystal Palace,2026-09-20T13:00:00Z,anytime,Brenden Aaronson,0.2778,4.0,3.6,13,
2026-09-16T08:18:29.715925+00:00,44,Leeds,Crystal Palace,2026-09-20T13:00:00Z,anytime,Evann Guessand,0.25,4.6,4.0,6,
2026-09-16T08:18:29.715925+00:00,44,Leeds,Crystal Palace,2026-09-20T13:00:00Z,anytime,Anton Stach,0.2632,4.75,3.8,13,
2026-09-16T08:18:29.715925+00:00,44,Leeds,Crystal Palace,2026-09-20T13:00:00Z,anytime,Zavier Gozo,0.2105,5.5,4.75,13,
2026-09-16T08:18:29.715925+00:00,44,Leeds,Crystal Palace,2026-09-20T13:00:00Z,anytime,Yeremy Pino,0.1818,6.0,5.5,13,
2026-09-16T08:18:29.715925+00:00,44,Leeds,Crystal Palace,2026-09-20T13:00:00Z,anytime,Dario Osorio,0.2,6.0,5.0,13,
2026-09-16T08:18:29.715925+00:00,44,Leeds,Crystal Palace,2026-09-20T13:00:00Z,anytime,Ao Tanaka,0.2,6.0,5.0,13,
2026-09-16T08:18:29.715925+00:00,44,Leeds,Crystal Palace,2026-09-20T13:00:00Z,anytime,Sean Longstaff,0.1818,6.0,5.5,9,
2026-09-16T08:18:29.715925+00:00,44,Leeds,Crystal Palace,2026-09-20T13:00:00Z,anytime,Dwight McNeil,0.1739,7.0,5.75,13,
2026-09-16T08:18:29.715925+00:00,44,Leeds,Crystal Palace,2026-09-20T13:00:00Z,anytime,Alfie Cresswell,0.1667,7.5,6.0,5,
2026-09-16T08:18:29.715925+00:00,44,Leeds,Crystal Palace,2026-09-20T13:00:00Z,anytime,Daichi Kamada,0.1333,8.0,7.5,13,
2026-09-16T08:18:29.715925+00:00,44,Leeds,Crystal Palace,2026-09-20T13:00:00Z,anytime,Jayden Bogle,0.1538,9.0,6.5,13,
2026-09-16T08:18:29.715925+00:00,44,Leeds,Crystal Palace,2026-09-20T13:00:00Z,anytime,James Justin,0.1176,9.5,8.5,13,
2026-09-16T08:18:29.715925+00:00,44,Leeds,Crystal Palace,2026-09-20T13:00:00Z,anytime,Quinten Timber,0.1176,9.5,8.5,13,
2026-09-16T08:18:29.715925+00:00,44,Leeds,Crystal Palace,2026-09-20T13:00:00Z,anytime,Jaka Bijol,0.1176,9.5,8.5,13,
2026-09-16T08:18:29.715925+00:00,44,Leeds,Crystal Palace,2026-09-20T13:00:00Z,anytime,Nico Elvedi,0.1176,9.5,8.5,13,
2026-09-16T08:18:29.715925+00:00,44,Leeds,Crystal Palace,2026-09-20T13:00:00Z,anytime,Melvin Bard,0.1,10.0,10.0,13,
2026-09-16T08:18:29.715925+00:00,44,Leeds,Crystal Palace,2026-09-20T13:00:00Z,anytime,Ilia Gruev,0.1176,10.0,8.5,6,
2026-09-16T08:18:29.715925+00:00,44,Leeds,Crystal Palace,2026-09-20T13:00:00Z,anytime,Tarik Muharemovic,0.1176,10.0,8.5,13,
2026-09-16T08:18:29.715925+00:00,44,Leeds,Crystal Palace,2026-09-20T13:00:00Z,anytime,Anan Khalaili,0.1538,10.0,6.5,13,
2026-09-16T08:18:29.715925+00:00,44,Leeds,Crystal Palace,2026-09-20T13:00:00Z,anytime,Ethan Ampadu,0.1053,11.0,9.5,13,
2026-09-16T08:18:29.715925+00:00,44,Leeds,Crystal Palace,2026-09-20T13:00:00Z,anytime,Gabriel Gudmundsson,0.1,11.0,10.0,13,
2026-09-16T08:18:29.715925+00:00,44,Leeds,Crystal Palace,2026-09-20T13:00:00Z,anytime,Jayden Lienou,0.1,11.0,10.0,8,
2026-09-16T08:18:29.715925+00:00,44,Leeds,Crystal Palace,2026-09-20T13:00:00Z,anytime,Jefferson Lerma,0.1,11.0,10.0,9,
2026-09-16T08:18:29.715925+00:00,44,Leeds,Crystal Palace,2026-09-20T13:00:00Z,anytime,Cheick Doucoure,0.1053,12.0,9.5,9,
2026-09-16T08:18:29.715925+00:00,44,Leeds,Crystal Palace,2026-09-20T13:00:00Z,anytime,Adam Wharton,0.0909,12.0,11.0,13,
2026-09-16T08:18:29.715925+00:00,44,Leeds,Crystal Palace,2026-09-20T13:00:00Z,anytime,Ben Chilwell,0.0909,12.0,11.0,13,
2026-09-16T08:18:29.715925+00:00,44,Leeds,Crystal Palace,2026-09-20T13:00:00Z,anytime,Will Hughes,0.1,12.5,10.0,9,
2026-09-16T08:18:29.715925+00:00,44,Leeds,Crystal Palace,2026-09-20T13:00:00Z,anytime,Tyrick Mitchell,0.0833,13.0,12.0,13,
2026-09-16T08:18:29.715925+00:00,44,Leeds,Crystal Palace,2026-09-20T13:00:00Z,anytime,Chris Richards,0.0769,15.0,13.0,13,
2026-09-16T08:18:29.715925+00:00,44,Leeds,Crystal Palace,2026-09-20T13:00:00Z,anytime,Axel Disasi,0.0909,15.0,11.0,5,
2026-09-16T08:18:29.715925+00:00,44,Leeds,Crystal Palace,2026-09-20T13:00:00Z,anytime,Oscar Mingueza,0.0769,15.0,13.0,13,
2026-09-16T08:18:29.715925+00:00,44,Leeds,Crystal Palace,2026-09-20T13:00:00Z,anytime,Takehiro Tomiyasu,0.08,15.0,12.5,13,
2026-09-16T08:18:29.715925+00:00,44,Leeds,Crystal Palace,2026-09-20T13:00:00Z,anytime,Honest Ahanor,0.0667,15.0,15.0,13,
2026-09-16T08:18:29.715925+00:00,44,Leeds,Crystal Palace,2026-09-20T13:00:00Z,anytime,Jaydee Canvot,0.0667,16.0,15.0,13,
2026-09-16T08:18:29.715925+00:00,50,Fulham,Man Utd,2026-09-20T15:30:00Z,1x2,,0.2760/0.2502/0.4739,,,,
2026-09-16T08:18:29.715925+00:00,50,Fulham,Man Utd,2026-09-20T15:30:00Z,anytime,Benjamin Sesko,0.4444,2.35,2.25,13,
2026-09-16T08:18:29.715925+00:00,50,Fulham,Man Utd,2026-09-20T15:30:00Z,anytime,Santos Matheus Cunha,0.4,2.9,2.5,13,
2026-09-16T08:18:29.715925+00:00,50,Fulham,Man Utd,2026-09-20T15:30:00Z,anytime,Bryan Mbeumo,0.4167,2.9,2.4,13,
2026-09-16T08:18:29.715925+00:00,50,Fulham,Man Utd,2026-09-20T15:30:00Z,anytime,Rodrigo Muniz,0.3571,3.0,2.8,9,
2026-09-16T08:18:29.715925+00:00,50,Fulham,Man Utd,2026-09-20T15:30:00Z,anytime,Bruno Fernandes,0.3817,3.1,2.62,13,
2026-09-16T08:18:29.715925+00:00,50,Fulham,Man Utd,2026-09-20T15:30:00Z,anytime,Joshua Zirkzee,0.3636,3.1,2.75,9,
2026-09-16T08:18:29.715925+00:00,50,Fulham,Man Utd,2026-09-20T15:30:00Z,anytime,Gonzalo Garcia,0.3478,3.1,2.875,13,
2026-09-16T08:18:29.715925+00:00,50,Fulham,Man Utd,2026-09-20T15:30:00Z,anytime,Jonah Kusi-Asare,0.339,3.25,2.95,6,
2026-09-16T08:18:29.715925+00:00,50,Fulham,Man Utd,2026-09-20T15:30:00Z,anytime,Marcus Rashford,0.3636,3.5,2.75,13,
2026-09-16T08:18:29.715925+00:00,50,Fulham,Man Utd,2026-09-20T15:30:00Z,anytime,Macauley Zepa,0.2632,4.2,3.8,5,
2026-09-16T08:18:29.715925+00:00,50,Fulham,Man Utd,2026-09-20T15:30:00Z,anytime,Patrick Dorgu,0.25,4.33,4.0,13,
2026-09-16T08:18:29.715925+00:00,50,Fulham,Man Utd,2026-09-20T15:30:00Z,anytime,Joshua King,0.2778,4.33,3.6,13,
2026-09-16T08:18:29.715925+00:00,50,Fulham,Man Utd,2026-09-20T15:30:00Z,anytime,Shea Lacey,0.2721,4.6,3.675,8,
2026-09-16T08:18:29.715925+00:00,50,Fulham,Man Utd,2026-09-20T15:30:00Z,anytime,Kevin Macedo,0.2309,5.0,4.33,13,
2026-09-16T08:18:29.715925+00:00,50,Fulham,Man Utd,2026-09-20T15:30:00Z,anytime,Mason Mount,0.25,5.0,4.0,9,
2026-09-16T08:18:29.715925+00:00,50,Fulham,Man Utd,2026-09-20T15:30:00Z,anytime,Emile Smith Rowe,0.2381,5.0,4.2,13,
2026-09-16T08:18:29.715925+00:00,50,Fulham,Man Utd,2026-09-20T15:30:00Z,anytime,Cesar Palacios,0.2381,5.25,4.2,13,
2026-09-16T08:18:29.715925+00:00,50,Fulham,Man Utd,2026-09-20T15:30:00Z,anytime,Alex Iwobi,0.2,6.0,5.0,13,
2026-09-16T08:18:29.715925+00:00,50,Fulham,Man Utd,2026-09-20T15:30:00Z,anytime,Oscar Bobb,0.2,6.0,5.0,13,
2026-09-16T08:18:29.715925+00:00,50,Fulham,Man Utd,2026-09-20T15:30:00Z,anytime,Youri Tielemans,0.1905,6.5,5.25,13,
2026-09-16T08:18:29.715925+00:00,50,Fulham,Man Utd,2026-09-20T15:30:00Z,anytime,Ryan Sessegnon,0.1739,6.7,5.75,6,
2026-09-16T08:18:29.715925+00:00,50,Fulham,Man Utd,2026-09-20T15:30:00Z,anytime,Tyler Fletcher,0.1818,7.0,5.5,6,
2026-09-16T08:18:29.715925+00:00,50,Fulham,Man Utd,2026-09-20T15:30:00Z,anytime,Shea Charles,0.1429,7.5,7.0,13,
2026-09-16T08:18:29.715925+00:00,50,Fulham,Man Utd,2026-09-20T15:30:00Z,anytime,Manuel Angel,0.16,7.5,6.25,6,
2026-09-16T08:18:29.715925+00:00,50,Fulham,Man Utd,2026-09-20T15:30:00Z,anytime,Andrey Santos,0.1818,7.5,5.5,13,
2026-09-16T08:18:29.715925+00:00,50,Fulham,Man Utd,2026-09-20T15:30:00Z,anytime,Kobbie Mainoo,0.1538,7.5,6.5,13,
2026-09-16T08:18:29.715925+00:00,50,Fulham,Man Utd,2026-09-20T15:30:00Z,anytime,Harry Amass,0.1538,8.0,6.5,6,
2026-09-16T08:18:29.715925+00:00,50,Fulham,Man Utd,2026-09-20T15:30:00Z,anytime,Hugo Larsson,0.1333,8.5,7.5,10,
2026-09-16T08:18:29.715925+00:00,50,Fulham,Man Utd,2026-09-20T15:30:00Z,anytime,Chibby Nwoko,0.1143,9.5,8.75,2,
2026-09-16T08:18:29.715925+00:00,50,Fulham,Man Utd,2026-09-20T15:30:00Z,anytime,Harry Maguire,0.1176,9.5,8.5,13,
2026-09-16T08:18:29.715925+00:00,50,Fulham,Man Utd,2026-09-20T15:30:00Z,anytime,Harrison Reed,0.1176,9.5,8.5,9,
2026-09-16T08:18:29.715925+00:00,50,Fulham,Man Utd,2026-09-20T15:30:00Z,anytime,Matthijs de Ligt,0.1053,9.5,9.5,1,
2026-09-16T08:18:29.715925+00:00,50,Fulham,Man Utd,2026-09-20T15:30:00Z,anytime,Diogo Dalot,0.1053,9.5,9.5,13,
2026-09-16T08:18:29.715925+00:00,50,Fulham,Man Utd,2026-09-20T15:30:00Z,anytime,Sander Berge,0.0909,11.0,11.0,13,
2026-09-16T08:18:29.715925+00:00,50,Fulham,Man Utd,2026-09-20T15:30:00Z,anytime,David Affengruber,0.1,11.5,10.0,10,
2026-09-16T08:18:29.715925+00:00,50,Fulham,Man Utd,2026-09-20T15:30:00Z,anytime,Ayden Heaven,0.0909,12.0,11.0,13,
2026-09-16T08:18:29.715925+00:00,50,Fulham,Man Utd,2026-09-20T15:30:00Z,anytime,Timothy Castagne,0.0909,12.0,11.0,13,
2026-09-16T08:18:29.715925+00:00,50,Fulham,Man Utd,2026-09-20T15:30:00Z,anytime,Noussair Mazraoui,0.0833,13.0,12.0,13,
2026-09-16T08:18:29.715925+00:00,50,Fulham,Man Utd,2026-09-20T15:30:00Z,anytime,Kenny Tete,0.0769,13.0,13.0,13,
2026-09-16T08:18:29.715925+00:00,50,Fulham,Man Utd,2026-09-20T15:30:00Z,anytime,Luke Shaw,0.0909,13.0,11.0,13,
2026-09-16T08:18:29.715925+00:00,50,Fulham,Man Utd,2026-09-20T15:30:00Z,anytime,Bradley Slade,0.1,13.0,10.0,4,
2026-09-16T08:18:29.715925+00:00,50,Fulham,Man Utd,2026-09-20T15:30:00Z,anytime,Leny Yoro,0.0833,13.0,12.0,9,
2026-09-16T08:18:29.715925+00:00,50,Fulham,Man Utd,2026-09-20T15:30:00Z,anytime,Lisandro Martinez,0.087,13.0,11.5,13,
2026-09-16T08:18:29.715925+00:00,50,Fulham,Man Utd,2026-09-20T15:30:00Z,anytime,Calvin Bassey,0.0909,13.0,11.0,13,
2026-09-16T08:18:29.715925+00:00,50,Fulham,Man Utd,2026-09-20T15:30:00Z,anytime,Antonee Robinson,0.1176,13.0,8.5,13,
2026-09-16T08:18:29.715925+00:00,50,Fulham,Man Utd,2026-09-20T15:30:00Z,anytime,Jorge Cuenca,0.0909,15.0,11.0,9,
2026-09-16T08:18:29.715925+00:00,50,Fulham,Man Utd,2026-09-20T15:30:00Z,anytime,Joachim Andersen,0.0769,17.0,13.0,13,
2026-09-16T08:19:45.113952+00:00,41,Brentford,Chelsea,2026-09-18T19:00:00Z,1x2,,0.3343/0.2496/0.4160,,,,
2026-09-16T08:19:45.113952+00:00,41,Brentford,Chelsea,2026-09-18T19:00:00Z,cs_home,,0.1752,,,,
2026-09-16T08:19:45.113952+00:00,41,Brentford,Chelsea,2026-09-18T19:00:00Z,cs_away,,0.2001,,,,
2026-09-16T08:19:45.113952+00:00,41,Brentford,Chelsea,2026-09-18T19:00:00Z,btts,,0.6629,,,,
2026-09-16T08:19:45.113952+00:00,41,Brentford,Chelsea,2026-09-18T19:00:00Z,anytime,Igor Thiago,0.4878,2.31,2.05,21,
2026-09-16T08:19:45.113952+00:00,41,Brentford,Chelsea,2026-09-18T19:00:00Z,anytime,Emanuel Emegha,0.4396,2.53,2.275,12,
2026-09-16T08:19:45.113952+00:00,41,Brentford,Chelsea,2026-09-18T19:00:00Z,anytime,de Jesus Joao Pedro,0.4545,2.45,2.2,23,
2026-09-16T08:19:45.113952+00:00,41,Brentford,Chelsea,2026-09-18T19:00:00Z,anytime,Danny Welbeck,0.4167,2.6,2.4,23,
2026-09-16T08:19:45.113952+00:00,41,Brentford,Chelsea,2026-09-18T19:00:00Z,anytime,Callum Wilson,0.4,2.96,2.5,23,
2026-09-16T08:19:45.113952+00:00,41,Brentford,Chelsea,2026-09-18T19:00:00Z,anytime,Cole Palmer,0.4,3.0,2.5,23,
2026-09-16T08:19:45.113952+00:00,41,Brentford,Chelsea,2026-09-18T19:00:00Z,anytime,Estevao,0.3226,3.5,3.1,19,
2026-09-16T08:19:45.113952+00:00,41,Brentford,Chelsea,2026-09-18T19:00:00Z,anytime,Morgan Rogers,0.3333,3.6,3.0,23,
2026-09-16T08:19:45.113952+00:00,41,Brentford,Chelsea,2026-09-18T19:00:00Z,anytime,Fabio Carvalho,0.2778,4.04,3.6,17,
2026-09-16T08:19:45.113952+00:00,41,Brentford,Chelsea,2026-09-18T19:00:00Z,anytime,Kevin Schade,0.3077,3.89,3.25,23,
2026-09-16T08:19:45.113952+00:00,41,Brentford,Chelsea,2026-09-18T19:00:00Z,anytime,Dango Ouattara,0.2778,4.23,3.6,23,
2026-09-16T08:19:45.113952+00:00,41,Brentford,Chelsea,2026-09-18T19:00:00Z,anytime,Jaidon Anthony,0.2778,4.33,3.6,23,
2026-09-16T08:19:45.113952+00:00,41,Brentford,Chelsea,2026-09-18T19:00:00Z,anytime,Jamie Bynoe-Gittens,0.2667,4.43,3.75,17,
2026-09-16T08:19:45.113952+00:00,41,Brentford,Chelsea,2026-09-18T19:00:00Z,anytime,Geovany Quenda,0.25,4.5,4.0,13,
2026-09-16T08:19:45.113952+00:00,41,Brentford,Chelsea,2026-09-18T19:00:00Z,anytime,Gustavo Nunes Gomes,0.2721,5.0,3.675,18,
2026-09-16T08:19:45.113952+00:00,41,Brentford,Chelsea,2026-09-18T19:00:00Z,anytime,Pedro neto,0.2273,5.8,4.4,23,
2026-09-16T08:19:45.113952+00:00,41,Brentford,Chelsea,2026-09-18T19:00:00Z,anytime,Mikkel Damsgaard,0.2,6.29,5.0,23,
2026-09-16T08:19:45.113952+00:00,41,Brentford,Chelsea,2026-09-18T19:00:00Z,anytime,Mathias Jensen,0.1538,8.0,6.5,17,
2026-09-16T08:19:45.113952+00:00,41,Brentford,Chelsea,2026-09-18T19:00:00Z,anytime,Reece James,0.1333,9.23,7.5,23,
2026-09-16T08:19:45.113952+00:00,41,Brentford,Chelsea,2026-09-18T19:00:00Z,anytime,Valentin Barco,0.1538,8.0,6.5,23,
2026-09-16T08:19:45.113952+00:00,41,Brentford,Chelsea,2026-09-18T19:00:00Z,anytime,Mamadou Sangare,0.1538,8.0,6.5,23,
2026-09-16T08:19:45.113952+00:00,41,Brentford,Chelsea,2026-09-18T19:00:00Z,anytime,Keane Lewis-Potter,0.1429,9.62,7.0,23,
2026-09-16T08:19:45.113952+00:00,41,Brentford,Chelsea,2026-09-18T19:00:00Z,anytime,El Hadji Diouf,0.1111,9.0,9.0,1,
2026-09-16T08:19:45.113952+00:00,41,Brentford,Chelsea,2026-09-18T19:00:00Z,anytime,Nathan Collins,0.1143,9.0,8.75,2,
2026-09-16T08:19:45.113952+00:00,41,Brentford,Chelsea,2026-09-18T19:00:00Z,anytime,Moises Caicedo,0.125,9.5,8.0,15,
2026-09-16T08:19:45.113952+00:00,41,Brentford,Chelsea,2026-09-18T19:00:00Z,anytime,Aaron Anselmino,0.1176,9.5,8.5,11,
2026-09-16T08:19:45.113952+00:00,41,Brentford,Chelsea,2026-09-18T19:00:00Z,anytime,Romeo Lavia,0.1176,10.3,8.5,23,
2026-09-16T08:19:45.113952+00:00,41,Brentford,Chelsea,2026-09-18T19:00:00Z,anytime,Vitaly Janelt,0.1176,11.8,8.5,23,
2026-09-16T08:19:45.113952+00:00,41,Brentford,Chelsea,2026-09-18T19:00:00Z,anytime,Yegor Yarmolyuk,0.125,11.8,8.0,23,
2026-09-16T08:19:45.113952+00:00,41,Brentford,Chelsea,2026-09-18T19:00:00Z,anytime,Pep Chavarria,0.1,13.3,10.0,23,
2026-09-16T08:19:45.113952+00:00,41,Brentford,Chelsea,2026-09-18T19:00:00Z,anytime,Jordan Henderson,0.1053,14.7,9.5,17,
2026-09-16T08:19:45.113952+00:00,41,Brentford,Chelsea,2026-09-18T19:00:00Z,anytime,Josh Acheampong,0.1,12.0,10.0,23,
2026-09-16T08:19:45.113952+00:00,41,Brentford,Chelsea,2026-09-18T19:00:00Z,anytime,Maxence Lacroix,0.1,13.0,10.0,23,
2026-09-16T08:19:45.113952+00:00,41,Brentford,Chelsea,2026-09-18T19:00:00Z,anytime,Marco Palestra,0.1176,13.0,8.5,17,
2026-09-16T08:19:45.113952+00:00,41,Brentford,Chelsea,2026-09-18T19:00:00Z,anytime,Aaron Hickey,0.0833,14.7,12.0,23,
2026-09-16T08:19:45.113952+00:00,41,Brentford,Chelsea,2026-09-18T19:00:00Z,anytime,Malo Gusto,0.1053,13.0,9.5,23,
2026-09-16T08:19:45.113952+00:00,41,Brentford,Chelsea,2026-09-18T19:00:00Z,anytime,Michael Kayode,0.08,16.7,12.5,22,
2026-09-16T08:19:45.113952+00:00,41,Brentford,Chelsea,2026-09-18T19:00:00Z,anytime,Kristoffer Ajer,0.0769,18.6,13.0,23,
2026-09-16T08:19:45.113952+00:00,41,Brentford,Chelsea,2026-09-18T19:00:00Z,anytime,Jorrel Hato,0.0909,15.0,11.0,23,
2026-09-16T08:19:45.113952+00:00,41,Brentford,Chelsea,2026-09-18T19:00:00Z,anytime,Levi Colwill,0.0769,18.6,13.0,23,
2026-09-16T08:19:45.113952+00:00,41,Brentford,Chelsea,2026-09-18T19:00:00Z,anytime,Jannik Schuster,0.0833,19.6,12.0,23,
2026-09-16T08:19:45.113952+00:00,41,Brentford,Chelsea,2026-09-18T19:00:00Z,anytime,Wesley Fofana,0.0667,19.6,15.0,23,
2026-09-16T08:19:45.113952+00:00,41,Brentford,Chelsea,2026-09-18T19:00:00Z,anytime,Rico Henry,0.0769,19.1,13.0,19,
2026-09-16T08:19:45.113952+00:00,48,Spurs,Aston Villa,2026-09-19T11:30:00Z,1x2,,0.4765/0.2581/0.2655,,,,
2026-09-16T08:19:45.113952+00:00,48,Spurs,Aston Villa,2026-09-19T11:30:00Z,cs_home,,0.2867,,,,
2026-09-16T08:19:45.113952+00:00,48,Spurs,Aston Villa,2026-09-19T11:30:00Z,cs_away,,0.1766,,,,
2026-09-16T08:19:45.113952+00:00,48,Spurs,Aston Villa,2026-09-19T11:30:00Z,btts,,0.593,,,,
2026-09-16T08:19:45.113952+00:00,48,Spurs,Aston Villa,2026-09-19T11:30:00Z,anytime,Omar Marmoush,0.3752,2.8,2.665,16,
2026-09-16T08:19:45.113952+00:00,48,Spurs,Aston Villa,2026-09-19T11:30:00Z,anytime,Dominic Solanke,0.4,2.8,2.5,19,
2026-09-16T08:19:45.113952+00:00,48,Spurs,Aston Villa,2026-09-19T11:30:00Z,anytime,Tammy Abraham,0.3226,3.3,3.1,19,
2026-09-16T08:19:45.113952+00:00,48,Spurs,Aston Villa,2026-09-19T11:30:00Z,anytime,Nicolas Jackson,0.3226,3.5,3.1,16,
2026-09-16T08:19:45.113952+00:00,48,Spurs,Aston Villa,2026-09-19T11:30:00Z,anytime,Brian Madjo,0.346,3.6,2.8899999999999997,12,
2026-09-16T08:19:45.113952+00:00,48,Spurs,Aston Villa,2026-09-19T11:30:00Z,anytime,Mathys Tel,0.3077,3.7,3.25,19,
2026-09-16T08:19:45.113952+00:00,48,Spurs,Aston Villa,2026-09-19T11:30:00Z,anytime,Luca Williams-Barnet,0.2941,3.8,3.4,4,
2026-09-16T08:19:45.113952+00:00,48,Spurs,Aston Villa,2026-09-19T11:30:00Z,anytime,James Maddison,0.2899,4.333,3.45,16,
2026-09-16T08:19:45.113952+00:00,48,Spurs,Aston Villa,2026-09-19T11:30:00Z,anytime,Mohammed Kudus,0.25,4.6,4.0,19,
2026-09-16T08:19:45.113952+00:00,48,Spurs,Aston Villa,2026-09-19T11:30:00Z,anytime,Emiliano Buendia,0.2564,4.75,3.9,19,
2026-09-16T08:19:45.113952+00:00,48,Spurs,Aston Villa,2026-09-19T11:30:00Z,anytime,de Oliveira Savio,0.25,4.75,4.0,16,
2026-09-16T08:19:45.113952+00:00,48,Spurs,Aston Villa,2026-09-19T11:30:00Z,anytime,Alejandro Garnacho,0.2265,5.5,4.415,16,
2026-09-16T08:19:45.113952+00:00,48,Spurs,Aston Villa,2026-09-19T11:30:00Z,anytime,Ibrahim Mbaye,0.2083,5.5,4.8,16,
2026-09-16T08:19:45.113952+00:00,48,Spurs,Aston Villa,2026-09-19T11:30:00Z,anytime,Johan Manzambi,0.2105,5.5,4.75,19,
2026-09-16T08:19:45.113952+00:00,48,Spurs,Aston Villa,2026-09-19T11:30:00Z,anytime,Conor Gallagher,0.2,5.75,5.0,19,
2026-09-16T08:19:45.113952+00:00,48,Spurs,Aston Villa,2026-09-19T11:30:00Z,anytime,Mateus Fernandes,0.2,6.0,5.0,19,
2026-09-16T08:19:45.113952+00:00,48,Spurs,Aston Villa,2026-09-19T11:30:00Z,anytime,John McGinn,0.1818,6.0,5.5,19,
2026-09-16T08:19:45.113952+00:00,48,Spurs,Aston Villa,2026-09-19T11:30:00Z,anytime,Alysson Edward,0.2,6.0,5.0,18,
2026-09-16T08:19:45.113952+00:00,48,Spurs,Aston Villa,2026-09-19T11:30:00Z,anytime,Lucas Bergvall,0.1739,6.5,5.75,19,
2026-09-16T08:19:45.113952+00:00,48,Spurs,Aston Villa,2026-09-19T11:30:00Z,anytime,George Hemmings,0.1667,7.0,6.0,19,
2026-09-16T08:19:45.113952+00:00,48,Spurs,Aston Villa,2026-09-19T11:30:00Z,anytime,Ross Barkley,0.1818,7.0,5.5,19,
2026-09-16T08:19:45.113952+00:00,48,Spurs,Aston Villa,2026-09-19T11:30:00Z,anytime,Joao Victor Souza,0.1333,7.5,7.5,1,
2026-09-16T08:19:45.113952+00:00,48,Spurs,Aston Villa,2026-09-19T11:30:00Z,anytime,Sandro Tonali,0.1538,7.5,6.5,19,
2026-09-16T08:19:45.113952+00:00,48,Spurs,Aston Villa,2026-09-19T11:30:00Z,anytime,Pedro Porro,0.1333,8.0,7.5,18,
2026-09-16T08:19:45.113952+00:00,48,Spurs,Aston Villa,2026-09-19T11:30:00Z,anytime,Rodrigo Bentancur,0.1333,8.5,7.5,19,
2026-09-16T08:19:45.113952+00:00,48,Spurs,Aston Villa,2026-09-19T11:30:00Z,anytime,Joao Gomes,0.1176,9.5,8.5,15,
2026-09-16T08:19:45.113952+00:00,48,Spurs,Aston Villa,2026-09-19T11:30:00Z,anytime,Mickey van de Ven,0.1429,9.5,7.0,19,
2026-09-16T08:19:45.113952+00:00,48,Spurs,Aston Villa,2026-09-19T11:30:00Z,anytime,Jan Paul van Hecke,0.1176,10.0,8.5,19,
2026-09-16T08:19:45.113952+00:00,48,Spurs,Aston Villa,2026-09-19T11:30:00Z,anytime,Ian Maatsen,0.1,11.0,10.0,10,
2026-09-16T08:19:45.113952+00:00,48,Spurs,Aston Villa,2026-09-19T11:30:00Z,anytime,Archie Gray,0.125,12.0,8.0,19,
2026-09-16T08:19:45.113952+00:00,48,Spurs,Aston Villa,2026-09-19T11:30:00Z,anytime,Taylor Harwood-Bellis,0.1053,12.0,9.5,16,
2026-09-16T08:19:45.113952+00:00,48,Spurs,Aston Villa,2026-09-19T11:30:00Z,anytime,Tosin Adarabioyo,0.0833,13.0,12.0,13,
2026-09-16T08:19:45.113952+00:00,48,Spurs,Aston Villa,2026-09-19T11:30:00Z,anytime,Ben Davies,0.08,13.0,12.5,16,
2026-09-16T08:19:45.113952+00:00,48,Spurs,Aston Villa,2026-09-19T11:30:00Z,anytime,Matty Cash,0.1111,13.0,9.0,15,
2026-09-16T08:19:45.113952+00:00,48,Spurs,Aston Villa,2026-09-19T11:30:00Z,anytime,Andrew Robertson,0.0909,13.0,11.0,19,
2026-09-16T08:19:45.113952+00:00,48,Spurs,Aston Villa,2026-09-19T11:30:00Z,anytime,Lamare Bogarde,0.08,15.0,12.5,16,
2026-09-16T08:19:45.113952+00:00,48,Spurs,Aston Villa,2026-09-19T11:30:00Z,anytime,Marcos Senesi,0.0833,15.0,12.0,19,
2026-09-16T08:19:45.113952+00:00,48,Spurs,Aston Villa,2026-09-19T11:30:00Z,anytime,Boubacar Kamara,0.0769,15.0,13.0,19,
2026-09-16T08:19:45.113952+00:00,48,Spurs,Aston Villa,2026-09-19T11:30:00Z,anytime,Destiny Udogie,0.08,15.0,12.5,18,
2026-09-16T08:19:45.113952+00:00,48,Spurs,Aston Villa,2026-09-19T11:30:00Z,anytime,Matteo Ruggeri,0.0667,17.0,15.0,16,
2026-09-16T08:19:45.113952+00:00,48,Spurs,Aston Villa,2026-09-19T11:30:00Z,anytime,Pau Torres,0.0667,17.0,15.0,16,
2026-09-16T08:19:45.113952+00:00,48,Spurs,Aston Villa,2026-09-19T11:30:00Z,anytime,Tyrone Mings,0.0833,17.0,12.0,19,
2026-09-16T08:19:45.113952+00:00,48,Spurs,Aston Villa,2026-09-19T11:30:00Z,anytime,Aaron Wan-Bissaka,0.0769,19.0,13.0,16,
2026-09-16T08:19:45.113952+00:00,48,Spurs,Aston Villa,2026-09-19T11:30:00Z,anytime,Victor Lindelof,0.0667,22.0,15.0,19,
2026-09-16T08:19:45.113952+00:00,42,Brighton,Arsenal,2026-09-19T14:00:00Z,1x2,,0.2034/0.2462/0.5504,,,,
2026-09-16T08:19:45.113952+00:00,42,Brighton,Arsenal,2026-09-19T14:00:00Z,cs_home,,0.163,,,,
2026-09-16T08:19:45.113952+00:00,42,Brighton,Arsenal,2026-09-19T14:00:00Z,cs_away,,0.3259,,,,
2026-09-16T08:19:45.113952+00:00,42,Brighton,Arsenal,2026-09-19T14:00:00Z,btts,,0.568,,,,
2026-09-16T08:19:45.113952+00:00,42,Brighton,Arsenal,2026-09-19T14:00:00Z,anytime,Viktor Gyokeres,0.4444,2.6,2.25,19,
2026-09-16T08:19:45.113952+00:00,42,Brighton,Arsenal,2026-09-19T14:00:00Z,anytime,Kai Havertz,0.4202,2.75,2.38,19,
2026-09-16T08:19:45.113952+00:00,42,Brighton,Arsenal,2026-09-19T14:00:00Z,anytime,Bukayo Saka,0.3472,3.3,2.88,19,
2026-09-16T08:19:45.113952+00:00,42,Brighton,Arsenal,2026-09-19T14:00:00Z,anytime,Christos Tzolis,0.3226,3.6,3.1,19,
2026-09-16T08:19:45.113952+00:00,42,Brighton,Arsenal,2026-09-19T14:00:00Z,anytime,Noni Madueke,0.2857,4.0,3.5,16,
2026-09-16T08:19:45.113952+00:00,42,Brighton,Arsenal,2026-09-19T14:00:00Z,anytime,Max Dowman,0.2817,4.0,3.55,16,
2026-09-16T08:19:45.113952+00:00,42,Brighton,Arsenal,2026-09-19T14:00:00Z,anytime,Mikel Merino,0.2899,4.0,3.45,16,
2026-09-16T08:19:45.113952+00:00,42,Brighton,Arsenal,2026-09-19T14:00:00Z,anytime,Charalampos Kostoulas,0.2667,4.333,3.75,19,
2026-09-16T08:19:45.113952+00:00,42,Brighton,Arsenal,2026-09-19T14:00:00Z,anytime,Promise David,0.2778,4.333,3.6,19,
2026-09-16T08:19:45.113952+00:00,42,Brighton,Arsenal,2026-09-19T14:00:00Z,anytime,Eberechi Eze,0.2857,4.5,3.5,19,
2026-09-16T08:19:45.113952+00:00,42,Brighton,Arsenal,2026-09-19T14:00:00Z,anytime,Zadok Yohanna,0.2162,4.75,4.625,2,
2026-09-16T08:19:45.113952+00:00,42,Brighton,Arsenal,2026-09-19T14:00:00Z,anytime,Georginio Rutter,0.2309,5.0,4.33,16,
2026-09-16T08:19:45.113952+00:00,42,Brighton,Arsenal,2026-09-19T14:00:00Z,anytime,Shane Nti,0.2,5.25,5.0,4,
2026-09-16T08:19:45.113952+00:00,42,Brighton,Arsenal,2026-09-19T14:00:00Z,anytime,Martin Odegaard,0.2381,5.25,4.2,19,
2026-09-16T08:19:45.113952+00:00,42,Brighton,Arsenal,2026-09-19T14:00:00Z,anytime,Diego Gomez,0.2,5.5,5.0,19,
2026-09-16T08:19:45.113952+00:00,42,Brighton,Arsenal,2026-09-19T14:00:00Z,anytime,Moura Bruno Guimaraes,0.2222,6.0,4.5,19,
2026-09-16T08:19:45.113952+00:00,42,Brighton,Arsenal,2026-09-19T14:00:00Z,anytime,Matt ORiley,0.177,6.5,5.65,16,
2026-09-16T08:19:45.113952+00:00,42,Brighton,Arsenal,2026-09-19T14:00:00Z,anytime,Ibrahim Osman,0.1818,6.5,5.5,19,
2026-09-16T08:19:45.113952+00:00,42,Brighton,Arsenal,2026-09-19T14:00:00Z,anytime,Younes Ibrahim,0.1818,7.0,5.5,11,
2026-09-16T08:19:45.113952+00:00,42,Brighton,Arsenal,2026-09-19T14:00:00Z,anytime,Malick Yalcouye,0.1724,7.5,5.8,19,
2026-09-16T08:19:45.113952+00:00,42,Brighton,Arsenal,2026-09-19T14:00:00Z,anytime,Declan Rice,0.1667,7.5,6.0,19,
2026-09-16T08:19:45.113952+00:00,42,Brighton,Arsenal,2026-09-19T14:00:00Z,anytime,Nehemiah Oriola,0.1538,7.5,6.5,12,
2026-09-16T08:19:45.113952+00:00,42,Brighton,Arsenal,2026-09-19T14:00:00Z,anytime,Yasin Ayari,0.1429,8.0,7.0,19,
2026-09-16T08:19:45.113952+00:00,42,Brighton,Arsenal,2026-09-19T14:00:00Z,anytime,Martin Zubimendi,0.1429,8.0,7.0,19,
2026-09-16T08:19:45.113952+00:00,42,Brighton,Arsenal,2026-09-19T14:00:00Z,anytime,Maxim De Cuyper,0.1538,8.5,6.5,19,
2026-09-16T08:19:45.113952+00:00,42,Brighton,Arsenal,2026-09-19T14:00:00Z,anytime,Magalhaes Gabriel,0.1429,9.5,7.0,19,
2026-09-16T08:19:45.113952+00:00,42,Brighton,Arsenal,2026-09-19T14:00:00Z,anytime,Riccardo Calafiori,0.125,9.5,8.0,19,
2026-09-16T08:19:45.113952+00:00,42,Brighton,Arsenal,2026-09-19T14:00:00Z,anytime,Jurrien Timber,0.1176,10.0,8.5,15,
2026-09-16T08:19:45.113952+00:00,42,Brighton,Arsenal,2026-09-19T14:00:00Z,anytime,Pascal Gross,0.1333,10.0,7.5,19,
2026-09-16T08:19:45.113952+00:00,42,Brighton,Arsenal,2026-09-19T14:00:00Z,anytime,Myles Lewis-Skelly,0.1111,11.0,9.0,19,
2026-09-16T08:19:45.113952+00:00,42,Brighton,Arsenal,2026-09-19T14:00:00Z,anytime,Chema Andres,0.1143,11.0,8.75,16,
2026-09-16T08:19:45.113952+00:00,42,Brighton,Arsenal,2026-09-19T14:00:00Z,anytime,Piero Hincapie,0.1,12.0,10.0,19,
2026-09-16T08:19:45.113952+00:00,42,Brighton,Arsenal,2026-09-19T14:00:00Z,anytime,Luka Vuskovic,0.1053,13.0,9.5,19,
2026-09-16T08:19:45.113952+00:00,42,Brighton,Arsenal,2026-09-19T14:00:00Z,anytime,Ben White,0.1,13.0,10.0,16,
2026-09-16T08:19:45.113952+00:00,42,Brighton,Arsenal,2026-09-19T14:00:00Z,anytime,Ezri Konsa,0.0833,13.0,12.0,16,
2026-09-16T08:19:45.113952+00:00,42,Brighton,Arsenal,2026-09-19T14:00:00Z,anytime,Ferdi Kadioglu,0.0833,14.0,12.0,19,
2026-09-16T08:19:45.113952+00:00,42,Brighton,Arsenal,2026-09-19T14:00:00Z,anytime,Pascal Struijk,0.0769,15.0,13.0,19,
2026-09-16T08:19:45.113952+00:00,42,Brighton,Arsenal,2026-09-19T14:00:00Z,anytime,Cristhian Mosquera,0.0714,17.0,14.0,18,
2026-09-16T08:19:45.113952+00:00,42,Brighton,Arsenal,2026-09-19T14:00:00Z,anytime,Michael Svoboda,0.0769,17.0,13.0,13,
2026-09-16T08:19:45.113952+00:00,42,Brighton,Arsenal,2026-09-19T14:00:00Z,anytime,Jaouen Hadjam,0.0769,17.0,13.0,16,
2026-09-16T08:19:45.113952+00:00,42,Brighton,Arsenal,2026-09-19T14:00:00Z,anytime,Lewis Dunk,0.0667,17.0,15.0,19,
2026-09-16T08:19:45.113952+00:00,42,Brighton,Arsenal,2026-09-19T14:00:00Z,anytime,Marli Salmon,0.0667,21.0,15.0,13,
2026-09-16T08:19:45.113952+00:00,42,Brighton,Arsenal,2026-09-19T14:00:00Z,anytime,Olivier Boscagli,0.0588,22.0,17.0,19,
2026-09-16T08:19:45.113952+00:00,42,Brighton,Arsenal,2026-09-19T14:00:00Z,anytime,Joao Pedro Costinha,0.069,23.0,14.5,16,
2026-09-16T08:19:45.113952+00:00,49,Bournemouth,Liverpool,2026-09-20T13:00:00Z,1x2,,0.3097/0.2478/0.4425,,,,
2026-09-16T08:19:45.113952+00:00,49,Bournemouth,Liverpool,2026-09-20T13:00:00Z,cs_home,,0.1538,,,,
2026-09-16T08:19:45.113952+00:00,49,Bournemouth,Liverpool,2026-09-20T13:00:00Z,cs_away,,0.2134,,,,
2026-09-16T08:19:45.113952+00:00,49,Bournemouth,Liverpool,2026-09-20T13:00:00Z,btts,,0.6712,,,,
2026-09-16T08:19:45.113952+00:00,49,Bournemouth,Liverpool,2026-09-20T13:00:00Z,anytime,Alexander Isak,0.4444,2.4,2.25,13,
2026-09-16T08:19:45.113952+00:00,49,Bournemouth,Liverpool,2026-09-20T13:00:00Z,anytime,Jayden Danns,0.3604,3.0,2.7750000000000004,6,
2026-09-16T08:19:45.113952+00:00,49,Bournemouth,Liverpool,2026-09-20T13:00:00Z,anytime,Evanilson,0.3571,3.15,2.8,13,
2026-09-16T08:19:45.113952+00:00,49,Bournemouth,Liverpool,2026-09-20T13:00:00Z,anytime,Cody Gakpo,0.3636,3.2,2.75,13,
2026-09-16T08:19:45.113952+00:00,49,Bournemouth,Liverpool,2026-09-20T13:00:00Z,anytime,Alvaro Rodriguez,0.3226,3.25,3.1,13,
2026-09-16T08:19:45.113952+00:00,49,Bournemouth,Liverpool,2026-09-20T13:00:00Z,anytime,Daniel Jebbison,0.3226,3.4,3.1,13,
2026-09-16T08:19:45.113952+00:00,49,Bournemouth,Liverpool,2026-09-20T13:00:00Z,anytime,Bradley Barcola,0.339,3.4,2.95,10,
2026-09-16T08:19:45.113952+00:00,49,Bournemouth,Liverpool,2026-09-20T13:00:00Z,anytime,Rayan Vitor,0.3333,3.6,3.0,13,
2026-09-16T08:19:45.113952+00:00,49,Bournemouth,Liverpool,2026-09-20T13:00:00Z,anytime,Lewis Koumas,0.303,3.9,3.3,9,
2026-09-16T08:19:45.113952+00:00,49,Bournemouth,Liverpool,2026-09-20T13:00:00Z,anytime,Amine Adli,0.25,4.0,4.0,1,
2026-09-16T08:19:45.113952+00:00,49,Bournemouth,Liverpool,2026-09-20T13:00:00Z,anytime,Victor Munoz,0.3333,4.0,3.0,13,
2026-09-16T08:19:45.113952+00:00,49,Bournemouth,Liverpool,2026-09-20T13:00:00Z,anytime,Rio Ngumoha,0.2778,4.0,3.6,13,
2026-09-16T08:19:45.113952+00:00,49,Bournemouth,Liverpool,2026-09-20T13:00:00Z,anytime,David Brooks,0.2667,4.0,3.75,9,
2026-09-16T08:19:45.113952+00:00,49,Bournemouth,Liverpool,2026-09-20T13:00:00Z,anytime,Justin Kluivert,0.2667,4.33,3.75,13,
2026-09-16T08:19:45.113952+00:00,49,Bournemouth,Liverpool,2026-09-20T13:00:00Z,anytime,Marcus Tavernier,0.2381,4.333,4.2,13,
2026-09-16T08:19:45.113952+00:00,49,Bournemouth,Liverpool,2026-09-20T13:00:00Z,anytime,Florian Wirtz,0.2941,4.333,3.4,13,
2026-09-16T08:19:45.113952+00:00,49,Bournemouth,Liverpool,2026-09-20T13:00:00Z,anytime,Ben Doak,0.25,4.5,4.0,9,
2026-09-16T08:19:45.113952+00:00,49,Bournemouth,Liverpool,2026-09-20T13:00:00Z,anytime,Dominik Szoboszlai,0.2632,5.0,3.8,13,
2026-09-16T08:19:45.113952+00:00,49,Bournemouth,Liverpool,2026-09-20T13:00:00Z,anytime,James McConnell,0.1667,6.0,6.0,1,
2026-09-16T08:19:45.113952+00:00,49,Bournemouth,Liverpool,2026-09-20T13:00:00Z,anytime,Alexis Mac Allister,0.2,6.0,5.0,13,
2026-09-16T08:19:45.113952+00:00,49,Bournemouth,Liverpool,2026-09-20T13:00:00Z,anytime,Trey Nyoni,0.1905,6.2,5.25,9,
2026-09-16T08:19:45.113952+00:00,49,Bournemouth,Liverpool,2026-09-20T13:00:00Z,anytime,Ryan Christie,0.1739,6.5,5.75,13,
2026-09-16T08:19:45.113952+00:00,49,Bournemouth,Liverpool,2026-09-20T13:00:00Z,anytime,Ryan Gravenberch,0.1538,7.0,6.5,13,
2026-09-16T08:19:45.113952+00:00,49,Bournemouth,Liverpool,2026-09-20T13:00:00Z,anytime,Jeremie Frimpong,0.1538,7.5,6.5,13,
2026-09-16T08:19:45.113952+00:00,49,Bournemouth,Liverpool,2026-09-20T13:00:00Z,anytime,Juanlu Sanchez,0.1667,7.5,6.0,10,
2026-09-16T08:19:45.113952+00:00,49,Bournemouth,Liverpool,2026-09-20T13:00:00Z,anytime,Alex Scott,0.1538,7.5,6.5,13,
2026-09-16T08:19:45.113952+00:00,49,Bournemouth,Liverpool,2026-09-20T13:00:00Z,anytime,Virgil van Dijk,0.16,8.0,6.25,13,
2026-09-16T08:19:45.113952+00:00,49,Bournemouth,Liverpool,2026-09-20T13:00:00Z,anytime,Alex Toth,0.1481,8.5,6.75,6,
2026-09-16T08:19:45.113952+00:00,49,Bournemouth,Liverpool,2026-09-20T13:00:00Z,anytime,Luke Chambers,0.1111,9.0,9.0,1,
2026-09-16T08:19:45.113952+00:00,49,Bournemouth,Liverpool,2026-09-20T13:00:00Z,anytime,Milos Kerkez,0.1176,9.5,8.5,13,
2026-09-16T08:19:45.113952+00:00,49,Bournemouth,Liverpool,2026-09-20T13:00:00Z,anytime,Wataru Endo,0.1333,9.5,7.5,9,
2026-09-16T08:19:45.113952+00:00,49,Bournemouth,Liverpool,2026-09-20T13:00:00Z,anytime,Lewis Cook,0.0909,11.0,11.0,13,
2026-09-16T08:19:45.113952+00:00,49,Bournemouth,Liverpool,2026-09-20T13:00:00Z,anytime,Bafode Diakite,0.0909,11.0,11.0,9,
2026-09-16T08:19:45.113952+00:00,49,Bournemouth,Liverpool,2026-09-20T13:00:00Z,anytime,Antonio Silva,0.0909,11.0,11.0,13,
2026-09-16T08:19:45.113952+00:00,49,Bournemouth,Liverpool,2026-09-20T13:00:00Z,anytime,Ronald Araujo,0.1176,12.0,8.5,13,
2026-09-16T08:19:45.113952+00:00,49,Bournemouth,Liverpool,2026-09-20T13:00:00Z,anytime,Jeremy Jacquet,0.1053,12.0,9.5,13,
2026-09-16T08:19:45.113952+00:00,49,Bournemouth,Liverpool,2026-09-20T13:00:00Z,anytime,Konstantinos Tsimikas,0.1053,12.0,9.5,13,
2026-09-16T08:19:45.113952+00:00,49,Bournemouth,Liverpool,2026-09-20T13:00:00Z,anytime,Veljko Milosavljevic,0.0769,13.0,13.0,1,
2026-09-16T08:19:45.113952+00:00,49,Bournemouth,Liverpool,2026-09-20T13:00:00Z,anytime,Tyler Adams,0.1,13.0,10.0,13,
2026-09-16T08:19:45.113952+00:00,49,Bournemouth,Liverpool,2026-09-20T13:00:00Z,anytime,James Hill,0.087,13.0,11.5,13,
2026-09-16T08:19:45.113952+00:00,49,Bournemouth,Liverpool,2026-09-20T13:00:00Z,anytime,Adrien Truffert,0.0909,13.0,11.0,13,
2026-09-16T08:19:45.113952+00:00,49,Bournemouth,Liverpool,2026-09-20T13:00:00Z,anytime,Julio Soler,0.0769,15.0,13.0,9,
2026-09-16T08:19:45.113952+00:00,49,Bournemouth,Liverpool,2026-09-20T13:00:00Z,anytime,Adam Smith,0.0769,17.0,13.0,13,
2026-09-16T08:19:45.113952+00:00,45,Man City,Sunderland,2026-09-20T13:00:00Z,1x2,,0.7297/0.1712/0.0991,,,,
2026-09-16T08:19:45.113952+00:00,45,Man City,Sunderland,2026-09-20T13:00:00Z,anytime,Erling Haaland,0.6734,1.65,1.4849999999999999,12,
2026-09-16T08:19:45.113952+00:00,45,Man City,Sunderland,2026-09-20T13:00:00Z,anytime,Antoine Semenyo,0.4255,2.8,2.35,12,
2026-09-16T08:19:45.113952+00:00,45,Man City,Sunderland,2026-09-20T13:00:00Z,anytime,Ryan McAidoo,0.367,2.8,2.725,8,
2026-09-16T08:19:45.113952+00:00,45,Man City,Sunderland,2026-09-20T13:00:00Z,anytime,Phil Foden,0.3636,3.1,2.75,5,
2026-09-16T08:19:45.113952+00:00,45,Man City,Sunderland,2026-09-20T13:00:00Z,anytime,Allan Andrade,0.3226,3.1,3.1,1,
2026-09-16T08:19:45.113952+00:00,45,Man City,Sunderland,2026-09-20T13:00:00Z,anytime,Iliman-Cheikh Ndiaye,0.3448,3.3,2.9,12,
2026-09-16T08:19:45.113952+00:00,45,Man City,Sunderland,2026-09-20T13:00:00Z,anytime,Jeremy Doku,0.2778,3.6,3.6,1,
2026-09-16T08:19:45.113952+00:00,45,Man City,Sunderland,2026-09-20T13:00:00Z,anytime,Rayan Cherki,0.4,3.6,2.5,12,
2026-09-16T08:19:45.113952+00:00,45,Man City,Sunderland,2026-09-20T13:00:00Z,anytime,Enzo Fernandez,0.2941,4.0,3.4,12,
2026-09-16T08:19:45.113952+00:00,45,Man City,Sunderland,2026-09-20T13:00:00Z,anytime,Wilson Isidor,0.2304,4.75,4.34,12,
2026-09-16T08:19:45.113952+00:00,45,Man City,Sunderland,2026-09-20T13:00:00Z,anytime,Brian Brobbey,0.2222,4.8,4.5,12,
2026-09-16T08:19:45.113952+00:00,45,Man City,Sunderland,2026-09-20T13:00:00Z,anytime,Juan Angulo,0.2174,5.0,4.6,3,
2026-09-16T08:19:45.113952+00:00,45,Man City,Sunderland,2026-09-20T13:00:00Z,anytime,Nico OReilly,0.2309,5.25,4.33,12,
2026-09-16T08:19:45.113952+00:00,45,Man City,Sunderland,2026-09-20T13:00:00Z,anytime,Malick Fofana,0.1667,6.2,6.0,12,
2026-09-16T08:19:45.113952+00:00,45,Man City,Sunderland,2026-09-20T13:00:00Z,anytime,Elliot Anderson,0.2,6.5,5.0,12,
2026-09-16T08:19:45.113952+00:00,45,Man City,Sunderland,2026-09-20T13:00:00Z,anytime,Timur Tutierov,0.1818,6.7,5.5,5,
2026-09-16T08:19:45.113952+00:00,45,Man City,Sunderland,2026-09-20T13:00:00Z,anytime,Josko Gvardiol,0.1702,7.0,5.875,12,
2026-09-16T08:19:45.113952+00:00,45,Man City,Sunderland,2026-09-20T13:00:00Z,anytime,Mateo Kovacic,0.1732,7.0,5.775,12,
2026-09-16T08:19:45.113952+00:00,45,Man City,Sunderland,2026-09-20T13:00:00Z,anytime,Nilson Angulo,0.16,7.0,6.25,12,
2026-09-16T08:19:45.113952+00:00,45,Man City,Sunderland,2026-09-20T13:00:00Z,anytime,Marc Guehi,0.1667,7.0,6.0,12,
2026-09-16T08:19:45.113952+00:00,45,Man City,Sunderland,2026-09-20T13:00:00Z,anytime,Rayan Ait Nouri,0.1538,7.5,6.5,9,
2026-09-16T08:19:45.113952+00:00,45,Man City,Sunderland,2026-09-20T13:00:00Z,anytime,Enzo Le Fee,0.1538,7.5,6.5,12,
2026-09-16T08:19:45.113952+00:00,45,Man City,Sunderland,2026-09-20T13:00:00Z,anytime,Ayyoub Bouaddi,0.1538,7.5,6.5,12,
2026-09-16T08:19:45.113952+00:00,45,Man City,Sunderland,2026-09-20T13:00:00Z,anytime,Chemsdine Talbi,0.1538,7.5,6.5,9,
2026-09-16T08:19:45.113952+00:00,45,Man City,Sunderland,2026-09-20T13:00:00Z,anytime,Kaden Braithwaite,0.1429,8.5,7.0,5,
2026-09-16T08:19:45.113952+00:00,45,Man City,Sunderland,2026-09-20T13:00:00Z,anytime,Jocelin Ta Bi,0.129,9.0,7.75,6,
2026-09-16T08:19:45.113952+00:00,45,Man City,Sunderland,2026-09-20T13:00:00Z,anytime,Matheus Nunes,0.1212,9.5,8.25,12,
2026-09-16T08:19:45.113952+00:00,45,Man City,Sunderland,2026-09-20T13:00:00Z,anytime,Vitor Reis,0.1176,9.5,8.5,12,
2026-09-16T08:19:45.113952+00:00,45,Man City,Sunderland,2026-09-20T13:00:00Z,anytime,Chris Rigg,0.1111,10.0,9.0,9,
2026-09-16T08:19:45.113952+00:00,45,Man City,Sunderland,2026-09-20T13:00:00Z,anytime,Ruben Dias,0.1053,11.0,9.5,12,
2026-09-16T08:19:45.113952+00:00,45,Man City,Sunderland,2026-09-20T13:00:00Z,anytime,Rico Lewis,0.1111,11.0,9.0,12,
2026-09-16T08:19:45.113952+00:00,45,Man City,Sunderland,2026-09-20T13:00:00Z,anytime,Abduqodir Khusanov,0.1053,11.0,9.5,12,
2026-09-16T08:19:45.113952+00:00,45,Man City,Sunderland,2026-09-20T13:00:00Z,anytime,Alan Browne,0.1053,11.0,9.5,9,
2026-09-16T08:19:45.113952+00:00,45,Man City,Sunderland,2026-09-20T13:00:00Z,anytime,Granit Xhaka,0.0909,11.5,11.0,12,
2026-09-16T08:19:45.113952+00:00,45,Man City,Sunderland,2026-09-20T13:00:00Z,anytime,Daniel Ballard,0.0909,12.0,11.0,12,
2026-09-16T08:19:45.113952+00:00,45,Man City,Sunderland,2026-09-20T13:00:00Z,anytime,Trai Hume,0.1,13.0,10.0,12,
2026-09-16T08:19:45.113952+00:00,45,Man City,Sunderland,2026-09-20T13:00:00Z,anytime,Jules Ahoka,0.0833,13.0,12.0,12,
2026-09-16T08:19:45.113952+00:00,45,Man City,Sunderland,2026-09-20T13:00:00Z,anytime,Thomas Meunier,0.0833,15.0,12.0,12,
2026-09-16T08:19:45.113952+00:00,45,Man City,Sunderland,2026-09-20T13:00:00Z,anytime,Omar Alderete,0.0667,17.0,15.0,12,
2026-09-16T08:19:45.113952+00:00,45,Man City,Sunderland,2026-09-20T13:00:00Z,anytime,Jenson Jones,0.0769,17.0,13.0,5,
2026-09-16T08:19:45.113952+00:00,45,Man City,Sunderland,2026-09-20T13:00:00Z,anytime,Nordi Mukiele,0.0667,17.0,15.0,12,
2026-09-16T08:19:45.113952+00:00,45,Man City,Sunderland,2026-09-20T13:00:00Z,anytime,Noah Sadiki,0.0667,17.0,15.0,12,
2026-09-16T08:19:45.113952+00:00,45,Man City,Sunderland,2026-09-20T13:00:00Z,anytime,Reinildo Mandava,0.0667,19.0,15.0,5,
2026-09-16T08:19:45.113952+00:00,45,Man City,Sunderland,2026-09-20T13:00:00Z,anytime,Kevin Danso,0.05,21.0,20.0,12,
2026-09-16T08:19:45.113952+00:00,45,Man City,Sunderland,2026-09-20T13:00:00Z,anytime,Dayann Methalie,0.0714,21.0,14.0,12,
2026-09-16T08:19:45.113952+00:00,45,Man City,Sunderland,2026-09-20T13:00:00Z,anytime,Luke ONien,0.0625,21.0,16.0,12,
2026-09-16T08:19:45.113952+00:00,44,Leeds,Crystal Palace,2026-09-20T13:00:00Z,1x2,,0.5292/0.2503/0.2205,,,,
2026-09-16T08:19:45.113952+00:00,44,Leeds,Crystal Palace,2026-09-20T13:00:00Z,cs_home,,0.3156,,,,
2026-09-16T08:19:45.113952+00:00,44,Leeds,Crystal Palace,2026-09-20T13:00:00Z,cs_away,,0.1622,,,,
2026-09-16T08:19:45.113952+00:00,44,Leeds,Crystal Palace,2026-09-20T13:00:00Z,btts,,0.5779,,,,
2026-09-16T08:19:45.113952+00:00,44,Leeds,Crystal Palace,2026-09-20T13:00:00Z,anytime,Dominic Calvert-Lewin,0.4762,2.4,2.1,13,
2026-09-16T08:19:45.113952+00:00,44,Leeds,Crystal Palace,2026-09-20T13:00:00Z,anytime,Lukas Nmecha,0.4348,2.6,2.3,13,
2026-09-16T08:19:45.113952+00:00,44,Leeds,Crystal Palace,2026-09-20T13:00:00Z,anytime,Noah Okafor,0.3636,3.2,2.75,13,
2026-09-16T08:19:45.113952+00:00,44,Leeds,Crystal Palace,2026-09-20T13:00:00Z,anytime,Harry Wilson,0.3333,3.4,3.0,13,
2026-09-16T08:19:45.113952+00:00,44,Leeds,Crystal Palace,2026-09-20T13:00:00Z,anytime,Jorgen Larsen,0.2941,3.75,3.4,13,
2026-09-16T08:19:45.113952+00:00,44,Leeds,Crystal Palace,2026-09-20T13:00:00Z,anytime,Daniel James,0.3226,4.0,3.1,9,
2026-09-16T08:19:45.113952+00:00,44,Leeds,Crystal Palace,2026-09-20T13:00:00Z,anytime,Eddie Nketiah,0.2857,4.0,3.5,13,
2026-09-16T08:19:45.113952+00:00,44,Leeds,Crystal Palace,2026-09-20T13:00:00Z,anytime,Ismaila Sarr,0.2899,4.0,3.45,6,
2026-09-16T08:19:45.113952+00:00,44,Leeds,Crystal Palace,2026-09-20T13:00:00Z,anytime,Jean Negoce,0.2667,4.0,3.75,13,
2026-09-16T08:19:45.113952+00:00,44,Leeds,Crystal Palace,2026-09-20T13:00:00Z,anytime,Brenden Aaronson,0.2778,4.0,3.6,13,
2026-09-16T08:19:45.113952+00:00,44,Leeds,Crystal Palace,2026-09-20T13:00:00Z,anytime,Evann Guessand,0.25,4.6,4.0,6,
2026-09-16T08:19:45.113952+00:00,44,Leeds,Crystal Palace,2026-09-20T13:00:00Z,anytime,Anton Stach,0.2632,4.75,3.8,13,
2026-09-16T08:19:45.113952+00:00,44,Leeds,Crystal Palace,2026-09-20T13:00:00Z,anytime,Zavier Gozo,0.2105,5.5,4.75,13,
2026-09-16T08:19:45.113952+00:00,44,Leeds,Crystal Palace,2026-09-20T13:00:00Z,anytime,Yeremy Pino,0.1818,6.0,5.5,13,
2026-09-16T08:19:45.113952+00:00,44,Leeds,Crystal Palace,2026-09-20T13:00:00Z,anytime,Dario Osorio,0.2,6.0,5.0,13,
2026-09-16T08:19:45.113952+00:00,44,Leeds,Crystal Palace,2026-09-20T13:00:00Z,anytime,Ao Tanaka,0.2,6.0,5.0,13,
2026-09-16T08:19:45.113952+00:00,44,Leeds,Crystal Palace,2026-09-20T13:00:00Z,anytime,Sean Longstaff,0.1818,6.0,5.5,9,
2026-09-16T08:19:45.113952+00:00,44,Leeds,Crystal Palace,2026-09-20T13:00:00Z,anytime,Dwight McNeil,0.1739,7.0,5.75,13,
2026-09-16T08:19:45.113952+00:00,44,Leeds,Crystal Palace,2026-09-20T13:00:00Z,anytime,Alfie Cresswell,0.1667,7.5,6.0,5,
2026-09-16T08:19:45.113952+00:00,44,Leeds,Crystal Palace,2026-09-20T13:00:00Z,anytime,Daichi Kamada,0.1333,8.0,7.5,13,
2026-09-16T08:19:45.113952+00:00,44,Leeds,Crystal Palace,2026-09-20T13:00:00Z,anytime,Jayden Bogle,0.1538,9.0,6.5,13,
2026-09-16T08:19:45.113952+00:00,44,Leeds,Crystal Palace,2026-09-20T13:00:00Z,anytime,James Justin,0.1176,9.5,8.5,13,
2026-09-16T08:19:45.113952+00:00,44,Leeds,Crystal Palace,2026-09-20T13:00:00Z,anytime,Quinten Timber,0.1176,9.5,8.5,13,
2026-09-16T08:19:45.113952+00:00,44,Leeds,Crystal Palace,2026-09-20T13:00:00Z,anytime,Jaka Bijol,0.1176,9.5,8.5,13,
2026-09-16T08:19:45.113952+00:00,44,Leeds,Crystal Palace,2026-09-20T13:00:00Z,anytime,Nico Elvedi,0.1176,9.5,8.5,13,
2026-09-16T08:19:45.113952+00:00,44,Leeds,Crystal Palace,2026-09-20T13:00:00Z,anytime,Melvin Bard,0.1,10.0,10.0,13,
2026-09-16T08:19:45.113952+00:00,44,Leeds,Crystal Palace,2026-09-20T13:00:00Z,anytime,Ilia Gruev,0.1176,10.0,8.5,6,
2026-09-16T08:19:45.113952+00:00,44,Leeds,Crystal Palace,2026-09-20T13:00:00Z,anytime,Tarik Muharemovic,0.1176,10.0,8.5,13,
2026-09-16T08:19:45.113952+00:00,44,Leeds,Crystal Palace,2026-09-20T13:00:00Z,anytime,Anan Khalaili,0.1538,10.0,6.5,13,
2026-09-16T08:19:45.113952+00:00,44,Leeds,Crystal Palace,2026-09-20T13:00:00Z,anytime,Ethan Ampadu,0.1053,11.0,9.5,13,
2026-09-16T08:19:45.113952+00:00,44,Leeds,Crystal Palace,2026-09-20T13:00:00Z,anytime,Gabriel Gudmundsson,0.1,11.0,10.0,13,
2026-09-16T08:19:45.113952+00:00,44,Leeds,Crystal Palace,2026-09-20T13:00:00Z,anytime,Jayden Lienou,0.1,11.0,10.0,8,
2026-09-16T08:19:45.113952+00:00,44,Leeds,Crystal Palace,2026-09-20T13:00:00Z,anytime,Jefferson Lerma,0.1,11.0,10.0,9,
2026-09-16T08:19:45.113952+00:00,44,Leeds,Crystal Palace,2026-09-20T13:00:00Z,anytime,Cheick Doucoure,0.1053,12.0,9.5,9,
2026-09-16T08:19:45.113952+00:00,44,Leeds,Crystal Palace,2026-09-20T13:00:00Z,anytime,Adam Wharton,0.0909,12.0,11.0,13,
2026-09-16T08:19:45.113952+00:00,44,Leeds,Crystal Palace,2026-09-20T13:00:00Z,anytime,Ben Chilwell,0.0909,12.0,11.0,13,
2026-09-16T08:19:45.113952+00:00,44,Leeds,Crystal Palace,2026-09-20T13:00:00Z,anytime,Will Hughes,0.1,12.5,10.0,9,
2026-09-16T08:19:45.113952+00:00,44,Leeds,Crystal Palace,2026-09-20T13:00:00Z,anytime,Tyrick Mitchell,0.0833,13.0,12.0,13,
2026-09-16T08:19:45.113952+00:00,44,Leeds,Crystal Palace,2026-09-20T13:00:00Z,anytime,Chris Richards,0.0769,15.0,13.0,13,
2026-09-16T08:19:45.113952+00:00,44,Leeds,Crystal Palace,2026-09-20T13:00:00Z,anytime,Axel Disasi,0.0909,15.0,11.0,5,
2026-09-16T08:19:45.113952+00:00,44,Leeds,Crystal Palace,2026-09-20T13:00:00Z,anytime,Oscar Mingueza,0.0769,15.0,13.0,13,
2026-09-16T08:19:45.113952+00:00,44,Leeds,Crystal Palace,2026-09-20T13:00:00Z,anytime,Takehiro Tomiyasu,0.08,15.0,12.5,13,
2026-09-16T08:19:45.113952+00:00,44,Leeds,Crystal Palace,2026-09-20T13:00:00Z,anytime,Honest Ahanor,0.0667,15.0,15.0,13,
2026-09-16T08:19:45.113952+00:00,44,Leeds,Crystal Palace,2026-09-20T13:00:00Z,anytime,Jaydee Canvot,0.0667,16.0,15.0,13,
2026-09-16T08:19:45.113952+00:00,50,Fulham,Man Utd,2026-09-20T15:30:00Z,1x2,,0.2760/0.2502/0.4739,,,,
2026-09-16T08:19:45.113952+00:00,50,Fulham,Man Utd,2026-09-20T15:30:00Z,anytime,Benjamin Sesko,0.4444,2.35,2.25,13,
2026-09-16T08:19:45.113952+00:00,50,Fulham,Man Utd,2026-09-20T15:30:00Z,anytime,Santos Matheus Cunha,0.4,2.9,2.5,13,
2026-09-16T08:19:45.113952+00:00,50,Fulham,Man Utd,2026-09-20T15:30:00Z,anytime,Bryan Mbeumo,0.4167,2.9,2.4,13,
2026-09-16T08:19:45.113952+00:00,50,Fulham,Man Utd,2026-09-20T15:30:00Z,anytime,Rodrigo Muniz,0.3571,3.0,2.8,9,
2026-09-16T08:19:45.113952+00:00,50,Fulham,Man Utd,2026-09-20T15:30:00Z,anytime,Bruno Fernandes,0.3817,3.1,2.62,13,
2026-09-16T08:19:45.113952+00:00,50,Fulham,Man Utd,2026-09-20T15:30:00Z,anytime,Joshua Zirkzee,0.3636,3.1,2.75,9,
2026-09-16T08:19:45.113952+00:00,50,Fulham,Man Utd,2026-09-20T15:30:00Z,anytime,Gonzalo Garcia,0.3478,3.1,2.875,13,
2026-09-16T08:19:45.113952+00:00,50,Fulham,Man Utd,2026-09-20T15:30:00Z,anytime,Jonah Kusi-Asare,0.339,3.25,2.95,6,
2026-09-16T08:19:45.113952+00:00,50,Fulham,Man Utd,2026-09-20T15:30:00Z,anytime,Marcus Rashford,0.3636,3.5,2.75,13,
2026-09-16T08:19:45.113952+00:00,50,Fulham,Man Utd,2026-09-20T15:30:00Z,anytime,Macauley Zepa,0.2632,4.2,3.8,5,
2026-09-16T08:19:45.113952+00:00,50,Fulham,Man Utd,2026-09-20T15:30:00Z,anytime,Patrick Dorgu,0.25,4.33,4.0,13,
2026-09-16T08:19:45.113952+00:00,50,Fulham,Man Utd,2026-09-20T15:30:00Z,anytime,Joshua King,0.2778,4.33,3.6,13,
2026-09-16T08:19:45.113952+00:00,50,Fulham,Man Utd,2026-09-20T15:30:00Z,anytime,Shea Lacey,0.2721,4.6,3.675,8,
2026-09-16T08:19:45.113952+00:00,50,Fulham,Man Utd,2026-09-20T15:30:00Z,anytime,Kevin Macedo,0.2309,5.0,4.33,13,
2026-09-16T08:19:45.113952+00:00,50,Fulham,Man Utd,2026-09-20T15:30:00Z,anytime,Mason Mount,0.25,5.0,4.0,9,
2026-09-16T08:19:45.113952+00:00,50,Fulham,Man Utd,2026-09-20T15:30:00Z,anytime,Emile Smith Rowe,0.2381,5.0,4.2,13,
2026-09-16T08:19:45.113952+00:00,50,Fulham,Man Utd,2026-09-20T15:30:00Z,anytime,Cesar Palacios,0.2381,5.25,4.2,13,
2026-09-16T08:19:45.113952+00:00,50,Fulham,Man Utd,2026-09-20T15:30:00Z,anytime,Alex Iwobi,0.2,6.0,5.0,13,
2026-09-16T08:19:45.113952+00:00,50,Fulham,Man Utd,2026-09-20T15:30:00Z,anytime,Oscar Bobb,0.2,6.0,5.0,13,
2026-09-16T08:19:45.113952+00:00,50,Fulham,Man Utd,2026-09-20T15:30:00Z,anytime,Youri Tielemans,0.1905,6.5,5.25,13,
2026-09-16T08:19:45.113952+00:00,50,Fulham,Man Utd,2026-09-20T15:30:00Z,anytime,Ryan Sessegnon,0.1739,6.7,5.75,6,
2026-09-16T08:19:45.113952+00:00,50,Fulham,Man Utd,2026-09-20T15:30:00Z,anytime,Tyler Fletcher,0.1818,7.0,5.5,6,
2026-09-16T08:19:45.113952+00:00,50,Fulham,Man Utd,2026-09-20T15:30:00Z,anytime,Shea Charles,0.1429,7.5,7.0,13,
2026-09-16T08:19:45.113952+00:00,50,Fulham,Man Utd,2026-09-20T15:30:00Z,anytime,Manuel Angel,0.16,7.5,6.25,6,
2026-09-16T08:19:45.113952+00:00,50,Fulham,Man Utd,2026-09-20T15:30:00Z,anytime,Andrey Santos,0.1818,7.5,5.5,13,
2026-09-16T08:19:45.113952+00:00,50,Fulham,Man Utd,2026-09-20T15:30:00Z,anytime,Kobbie Mainoo,0.1538,7.5,6.5,13,
2026-09-16T08:19:45.113952+00:00,50,Fulham,Man Utd,2026-09-20T15:30:00Z,anytime,Harry Amass,0.1538,8.0,6.5,6,
2026-09-16T08:19:45.113952+00:00,50,Fulham,Man Utd,2026-09-20T15:30:00Z,anytime,Hugo Larsson,0.1333,8.5,7.5,10,
2026-09-16T08:19:45.113952+00:00,50,Fulham,Man Utd,2026-09-20T15:30:00Z,anytime,Chibby Nwoko,0.1143,9.5,8.75,2,
2026-09-16T08:19:45.113952+00:00,50,Fulham,Man Utd,2026-09-20T15:30:00Z,anytime,Harry Maguire,0.1176,9.5,8.5,13,
2026-09-16T08:19:45.113952+00:00,50,Fulham,Man Utd,2026-09-20T15:30:00Z,anytime,Harrison Reed,0.1176,9.5,8.5,9,
2026-09-16T08:19:45.113952+00:00,50,Fulham,Man Utd,2026-09-20T15:30:00Z,anytime,Matthijs de Ligt,0.1053,9.5,9.5,1,
2026-09-16T08:19:45.113952+00:00,50,Fulham,Man Utd,2026-09-20T15:30:00Z,anytime,Diogo Dalot,0.1053,9.5,9.5,13,
2026-09-16T08:19:45.113952+00:00,50,Fulham,Man Utd,2026-09-20T15:30:00Z,anytime,Sander Berge,0.0909,11.0,11.0,13,
2026-09-16T08:19:45.113952+00:00,50,Fulham,Man Utd,2026-09-20T15:30:00Z,anytime,David Affengruber,0.1,11.5,10.0,10,
2026-09-16T08:19:45.113952+00:00,50,Fulham,Man Utd,2026-09-20T15:30:00Z,anytime,Ayden Heaven,0.0909,12.0,11.0,13,
2026-09-16T08:19:45.113952+00:00,50,Fulham,Man Utd,2026-09-20T15:30:00Z,anytime,Timothy Castagne,0.0909,12.0,11.0,13,
2026-09-16T08:19:45.113952+00:00,50,Fulham,Man Utd,2026-09-20T15:30:00Z,anytime,Noussair Mazraoui,0.0833,13.0,12.0,13,
2026-09-16T08:19:45.113952+00:00,50,Fulham,Man Utd,2026-09-20T15:30:00Z,anytime,Kenny Tete,0.0769,13.0,13.0,13,
2026-09-16T08:19:45.113952+00:00,50,Fulham,Man Utd,2026-09-20T15:30:00Z,anytime,Luke Shaw,0.0909,13.0,11.0,13,
2026-09-16T08:19:45.113952+00:00,50,Fulham,Man Utd,2026-09-20T15:30:00Z,anytime,Bradley Slade,0.1,13.0,10.0,4,
2026-09-16T08:19:45.113952+00:00,50,Fulham,Man Utd,2026-09-20T15:30:00Z,anytime,Leny Yoro,0.0833,13.0,12.0,9,
2026-09-16T08:19:45.113952+00:00,50,Fulham,Man Utd,2026-09-20T15:30:00Z,anytime,Lisandro Martinez,0.087,13.0,11.5,13,
2026-09-16T08:19:45.113952+00:00,50,Fulham,Man Utd,2026-09-20T15:30:00Z,anytime,Calvin Bassey,0.0909,13.0,11.0,13,
2026-09-16T08:19:45.113952+00:00,50,Fulham,Man Utd,2026-09-20T15:30:00Z,anytime,Antonee Robinson,0.1176,13.0,8.5,13,
2026-09-16T08:19:45.113952+00:00,50,Fulham,Man Utd,2026-09-20T15:30:00Z,anytime,Jorge Cuenca,0.0909,15.0,11.0,9,
2026-09-16T08:19:45.113952+00:00,50,Fulham,Man Utd,2026-09-20T15:30:00Z,anytime,Joachim Andersen,0.0769,17.0,13.0,13,
2026-09-16T08:21:15.036432+00:00,41,Brentford,Chelsea,2026-09-18T19:00:00Z,1x2,,0.3343/0.2496/0.4160,,,,
2026-09-16T08:21:15.036432+00:00,41,Brentford,Chelsea,2026-09-18T19:00:00Z,cs_home,,0.1752,,,,
2026-09-16T08:21:15.036432+00:00,41,Brentford,Chelsea,2026-09-18T19:00:00Z,cs_away,,0.2001,,,,
2026-09-16T08:21:15.036432+00:00,41,Brentford,Chelsea,2026-09-18T19:00:00Z,btts,,0.6629,,,,
2026-09-16T08:21:15.036432+00:00,41,Brentford,Chelsea,2026-09-18T19:00:00Z,anytime,Igor Thiago,0.4878,2.31,2.05,21,
2026-09-16T08:21:15.036432+00:00,41,Brentford,Chelsea,2026-09-18T19:00:00Z,anytime,Emanuel Emegha,0.4396,2.53,2.275,12,
2026-09-16T08:21:15.036432+00:00,41,Brentford,Chelsea,2026-09-18T19:00:00Z,anytime,de Jesus Joao Pedro,0.4545,2.45,2.2,23,
2026-09-16T08:21:15.036432+00:00,41,Brentford,Chelsea,2026-09-18T19:00:00Z,anytime,Danny Welbeck,0.4167,2.6,2.4,23,
2026-09-16T08:21:15.036432+00:00,41,Brentford,Chelsea,2026-09-18T19:00:00Z,anytime,Callum Wilson,0.4,2.96,2.5,23,
2026-09-16T08:21:15.036432+00:00,41,Brentford,Chelsea,2026-09-18T19:00:00Z,anytime,Cole Palmer,0.4,3.0,2.5,23,
2026-09-16T08:21:15.036432+00:00,41,Brentford,Chelsea,2026-09-18T19:00:00Z,anytime,Estevao,0.3226,3.5,3.1,19,
2026-09-16T08:21:15.036432+00:00,41,Brentford,Chelsea,2026-09-18T19:00:00Z,anytime,Morgan Rogers,0.3333,3.6,3.0,23,
2026-09-16T08:21:15.036432+00:00,41,Brentford,Chelsea,2026-09-18T19:00:00Z,anytime,Fabio Carvalho,0.2778,4.04,3.6,17,
2026-09-16T08:21:15.036432+00:00,41,Brentford,Chelsea,2026-09-18T19:00:00Z,anytime,Kevin Schade,0.3077,3.89,3.25,23,
2026-09-16T08:21:15.036432+00:00,41,Brentford,Chelsea,2026-09-18T19:00:00Z,anytime,Dango Ouattara,0.2778,4.23,3.6,23,
2026-09-16T08:21:15.036432+00:00,41,Brentford,Chelsea,2026-09-18T19:00:00Z,anytime,Jaidon Anthony,0.2778,4.33,3.6,23,
2026-09-16T08:21:15.036432+00:00,41,Brentford,Chelsea,2026-09-18T19:00:00Z,anytime,Jamie Bynoe-Gittens,0.2667,4.43,3.75,17,
2026-09-16T08:21:15.036432+00:00,41,Brentford,Chelsea,2026-09-18T19:00:00Z,anytime,Geovany Quenda,0.25,4.5,4.0,13,
2026-09-16T08:21:15.036432+00:00,41,Brentford,Chelsea,2026-09-18T19:00:00Z,anytime,Gustavo Nunes Gomes,0.2721,5.0,3.675,18,
2026-09-16T08:21:15.036432+00:00,41,Brentford,Chelsea,2026-09-18T19:00:00Z,anytime,Pedro neto,0.2273,5.8,4.4,23,
2026-09-16T08:21:15.036432+00:00,41,Brentford,Chelsea,2026-09-18T19:00:00Z,anytime,Mikkel Damsgaard,0.2,6.29,5.0,23,
2026-09-16T08:21:15.036432+00:00,41,Brentford,Chelsea,2026-09-18T19:00:00Z,anytime,Mathias Jensen,0.1538,8.0,6.5,17,
2026-09-16T08:21:15.036432+00:00,41,Brentford,Chelsea,2026-09-18T19:00:00Z,anytime,Reece James,0.1333,9.23,7.5,23,
2026-09-16T08:21:15.036432+00:00,41,Brentford,Chelsea,2026-09-18T19:00:00Z,anytime,Valentin Barco,0.1538,8.0,6.5,23,
2026-09-16T08:21:15.036432+00:00,41,Brentford,Chelsea,2026-09-18T19:00:00Z,anytime,Mamadou Sangare,0.1538,8.0,6.5,23,
2026-09-16T08:21:15.036432+00:00,41,Brentford,Chelsea,2026-09-18T19:00:00Z,anytime,Keane Lewis-Potter,0.1429,9.62,7.0,23,
2026-09-16T08:21:15.036432+00:00,41,Brentford,Chelsea,2026-09-18T19:00:00Z,anytime,El Hadji Diouf,0.1111,9.0,9.0,1,
2026-09-16T08:21:15.036432+00:00,41,Brentford,Chelsea,2026-09-18T19:00:00Z,anytime,Nathan Collins,0.1143,9.0,8.75,2,
2026-09-16T08:21:15.036432+00:00,41,Brentford,Chelsea,2026-09-18T19:00:00Z,anytime,Moises Caicedo,0.125,9.5,8.0,15,
2026-09-16T08:21:15.036432+00:00,41,Brentford,Chelsea,2026-09-18T19:00:00Z,anytime,Aaron Anselmino,0.1176,9.5,8.5,11,
2026-09-16T08:21:15.036432+00:00,41,Brentford,Chelsea,2026-09-18T19:00:00Z,anytime,Romeo Lavia,0.1176,10.3,8.5,23,
2026-09-16T08:21:15.036432+00:00,41,Brentford,Chelsea,2026-09-18T19:00:00Z,anytime,Vitaly Janelt,0.1176,11.8,8.5,23,
2026-09-16T08:21:15.036432+00:00,41,Brentford,Chelsea,2026-09-18T19:00:00Z,anytime,Yegor Yarmolyuk,0.125,11.8,8.0,23,
2026-09-16T08:21:15.036432+00:00,41,Brentford,Chelsea,2026-09-18T19:00:00Z,anytime,Pep Chavarria,0.1,13.3,10.0,23,
2026-09-16T08:21:15.036432+00:00,41,Brentford,Chelsea,2026-09-18T19:00:00Z,anytime,Jordan Henderson,0.1053,14.7,9.5,17,
2026-09-16T08:21:15.036432+00:00,41,Brentford,Chelsea,2026-09-18T19:00:00Z,anytime,Josh Acheampong,0.1,12.0,10.0,23,
2026-09-16T08:21:15.036432+00:00,41,Brentford,Chelsea,2026-09-18T19:00:00Z,anytime,Maxence Lacroix,0.1,13.0,10.0,23,
2026-09-16T08:21:15.036432+00:00,41,Brentford,Chelsea,2026-09-18T19:00:00Z,anytime,Marco Palestra,0.1176,13.0,8.5,17,
2026-09-16T08:21:15.036432+00:00,41,Brentford,Chelsea,2026-09-18T19:00:00Z,anytime,Aaron Hickey,0.0833,14.7,12.0,23,
2026-09-16T08:21:15.036432+00:00,41,Brentford,Chelsea,2026-09-18T19:00:00Z,anytime,Malo Gusto,0.1053,13.0,9.5,23,
2026-09-16T08:21:15.036432+00:00,41,Brentford,Chelsea,2026-09-18T19:00:00Z,anytime,Michael Kayode,0.08,16.7,12.5,22,
2026-09-16T08:21:15.036432+00:00,41,Brentford,Chelsea,2026-09-18T19:00:00Z,anytime,Kristoffer Ajer,0.0769,18.6,13.0,23,
2026-09-16T08:21:15.036432+00:00,41,Brentford,Chelsea,2026-09-18T19:00:00Z,anytime,Jorrel Hato,0.0909,15.0,11.0,23,
2026-09-16T08:21:15.036432+00:00,41,Brentford,Chelsea,2026-09-18T19:00:00Z,anytime,Levi Colwill,0.0769,18.6,13.0,23,
2026-09-16T08:21:15.036432+00:00,41,Brentford,Chelsea,2026-09-18T19:00:00Z,anytime,Jannik Schuster,0.0833,19.6,12.0,23,
2026-09-16T08:21:15.036432+00:00,41,Brentford,Chelsea,2026-09-18T19:00:00Z,anytime,Wesley Fofana,0.0667,19.6,15.0,23,
2026-09-16T08:21:15.036432+00:00,41,Brentford,Chelsea,2026-09-18T19:00:00Z,anytime,Rico Henry,0.0769,19.1,13.0,19,
2026-09-16T08:21:15.036432+00:00,48,Spurs,Aston Villa,2026-09-19T11:30:00Z,1x2,,0.4765/0.2581/0.2655,,,,
2026-09-16T08:21:15.036432+00:00,48,Spurs,Aston Villa,2026-09-19T11:30:00Z,cs_home,,0.2867,,,,
2026-09-16T08:21:15.036432+00:00,48,Spurs,Aston Villa,2026-09-19T11:30:00Z,cs_away,,0.1766,,,,
2026-09-16T08:21:15.036432+00:00,48,Spurs,Aston Villa,2026-09-19T11:30:00Z,btts,,0.593,,,,
2026-09-16T08:21:15.036432+00:00,48,Spurs,Aston Villa,2026-09-19T11:30:00Z,anytime,Omar Marmoush,0.3752,2.8,2.665,16,
2026-09-16T08:21:15.036432+00:00,48,Spurs,Aston Villa,2026-09-19T11:30:00Z,anytime,Dominic Solanke,0.4,2.8,2.5,19,
2026-09-16T08:21:15.036432+00:00,48,Spurs,Aston Villa,2026-09-19T11:30:00Z,anytime,Tammy Abraham,0.3226,3.3,3.1,19,
2026-09-16T08:21:15.036432+00:00,48,Spurs,Aston Villa,2026-09-19T11:30:00Z,anytime,Nicolas Jackson,0.3226,3.5,3.1,16,
2026-09-16T08:21:15.036432+00:00,48,Spurs,Aston Villa,2026-09-19T11:30:00Z,anytime,Brian Madjo,0.346,3.6,2.8899999999999997,12,
2026-09-16T08:21:15.036432+00:00,48,Spurs,Aston Villa,2026-09-19T11:30:00Z,anytime,Mathys Tel,0.3077,3.7,3.25,19,
2026-09-16T08:21:15.036432+00:00,48,Spurs,Aston Villa,2026-09-19T11:30:00Z,anytime,Luca Williams-Barnet,0.2941,3.8,3.4,4,
2026-09-16T08:21:15.036432+00:00,48,Spurs,Aston Villa,2026-09-19T11:30:00Z,anytime,James Maddison,0.2899,4.333,3.45,16,
2026-09-16T08:21:15.036432+00:00,48,Spurs,Aston Villa,2026-09-19T11:30:00Z,anytime,Mohammed Kudus,0.25,4.6,4.0,19,
2026-09-16T08:21:15.036432+00:00,48,Spurs,Aston Villa,2026-09-19T11:30:00Z,anytime,Emiliano Buendia,0.2564,4.75,3.9,19,
2026-09-16T08:21:15.036432+00:00,48,Spurs,Aston Villa,2026-09-19T11:30:00Z,anytime,de Oliveira Savio,0.25,4.75,4.0,16,
2026-09-16T08:21:15.036432+00:00,48,Spurs,Aston Villa,2026-09-19T11:30:00Z,anytime,Alejandro Garnacho,0.2265,5.5,4.415,16,
2026-09-16T08:21:15.036432+00:00,48,Spurs,Aston Villa,2026-09-19T11:30:00Z,anytime,Ibrahim Mbaye,0.2083,5.5,4.8,16,
2026-09-16T08:21:15.036432+00:00,48,Spurs,Aston Villa,2026-09-19T11:30:00Z,anytime,Johan Manzambi,0.2105,5.5,4.75,19,
2026-09-16T08:21:15.036432+00:00,48,Spurs,Aston Villa,2026-09-19T11:30:00Z,anytime,Conor Gallagher,0.2,5.75,5.0,19,
2026-09-16T08:21:15.036432+00:00,48,Spurs,Aston Villa,2026-09-19T11:30:00Z,anytime,Mateus Fernandes,0.2,6.0,5.0,19,
2026-09-16T08:21:15.036432+00:00,48,Spurs,Aston Villa,2026-09-19T11:30:00Z,anytime,John McGinn,0.1818,6.0,5.5,19,
2026-09-16T08:21:15.036432+00:00,48,Spurs,Aston Villa,2026-09-19T11:30:00Z,anytime,Alysson Edward,0.2,6.0,5.0,18,
2026-09-16T08:21:15.036432+00:00,48,Spurs,Aston Villa,2026-09-19T11:30:00Z,anytime,Lucas Bergvall,0.1739,6.5,5.75,19,
2026-09-16T08:21:15.036432+00:00,48,Spurs,Aston Villa,2026-09-19T11:30:00Z,anytime,George Hemmings,0.1667,7.0,6.0,19,
2026-09-16T08:21:15.036432+00:00,48,Spurs,Aston Villa,2026-09-19T11:30:00Z,anytime,Ross Barkley,0.1818,7.0,5.5,19,
2026-09-16T08:21:15.036432+00:00,48,Spurs,Aston Villa,2026-09-19T11:30:00Z,anytime,Joao Victor Souza,0.1333,7.5,7.5,1,
2026-09-16T08:21:15.036432+00:00,48,Spurs,Aston Villa,2026-09-19T11:30:00Z,anytime,Sandro Tonali,0.1538,7.5,6.5,19,
2026-09-16T08:21:15.036432+00:00,48,Spurs,Aston Villa,2026-09-19T11:30:00Z,anytime,Pedro Porro,0.1333,8.0,7.5,18,
2026-09-16T08:21:15.036432+00:00,48,Spurs,Aston Villa,2026-09-19T11:30:00Z,anytime,Rodrigo Bentancur,0.1333,8.5,7.5,19,
2026-09-16T08:21:15.036432+00:00,48,Spurs,Aston Villa,2026-09-19T11:30:00Z,anytime,Joao Gomes,0.1176,9.5,8.5,15,
2026-09-16T08:21:15.036432+00:00,48,Spurs,Aston Villa,2026-09-19T11:30:00Z,anytime,Mickey van de Ven,0.1429,9.5,7.0,19,
2026-09-16T08:21:15.036432+00:00,48,Spurs,Aston Villa,2026-09-19T11:30:00Z,anytime,Jan Paul van Hecke,0.1176,10.0,8.5,19,
2026-09-16T08:21:15.036432+00:00,48,Spurs,Aston Villa,2026-09-19T11:30:00Z,anytime,Ian Maatsen,0.1,11.0,10.0,10,
2026-09-16T08:21:15.036432+00:00,48,Spurs,Aston Villa,2026-09-19T11:30:00Z,anytime,Archie Gray,0.125,12.0,8.0,19,
2026-09-16T08:21:15.036432+00:00,48,Spurs,Aston Villa,2026-09-19T11:30:00Z,anytime,Taylor Harwood-Bellis,0.1053,12.0,9.5,16,
2026-09-16T08:21:15.036432+00:00,48,Spurs,Aston Villa,2026-09-19T11:30:00Z,anytime,Tosin Adarabioyo,0.0833,13.0,12.0,13,
2026-09-16T08:21:15.036432+00:00,48,Spurs,Aston Villa,2026-09-19T11:30:00Z,anytime,Ben Davies,0.08,13.0,12.5,16,
2026-09-16T08:21:15.036432+00:00,48,Spurs,Aston Villa,2026-09-19T11:30:00Z,anytime,Matty Cash,0.1111,13.0,9.0,15,
2026-09-16T08:21:15.036432+00:00,48,Spurs,Aston Villa,2026-09-19T11:30:00Z,anytime,Andrew Robertson,0.0909,13.0,11.0,19,
2026-09-16T08:21:15.036432+00:00,48,Spurs,Aston Villa,2026-09-19T11:30:00Z,anytime,Lamare Bogarde,0.08,15.0,12.5,16,
2026-09-16T08:21:15.036432+00:00,48,Spurs,Aston Villa,2026-09-19T11:30:00Z,anytime,Marcos Senesi,0.0833,15.0,12.0,19,
2026-09-16T08:21:15.036432+00:00,48,Spurs,Aston Villa,2026-09-19T11:30:00Z,anytime,Boubacar Kamara,0.0769,15.0,13.0,19,
2026-09-16T08:21:15.036432+00:00,48,Spurs,Aston Villa,2026-09-19T11:30:00Z,anytime,Destiny Udogie,0.08,15.0,12.5,18,
2026-09-16T08:21:15.036432+00:00,48,Spurs,Aston Villa,2026-09-19T11:30:00Z,anytime,Matteo Ruggeri,0.0667,17.0,15.0,16,
2026-09-16T08:21:15.036432+00:00,48,Spurs,Aston Villa,2026-09-19T11:30:00Z,anytime,Pau Torres,0.0667,17.0,15.0,16,
2026-09-16T08:21:15.036432+00:00,48,Spurs,Aston Villa,2026-09-19T11:30:00Z,anytime,Tyrone Mings,0.0833,17.0,12.0,19,
2026-09-16T08:21:15.036432+00:00,48,Spurs,Aston Villa,2026-09-19T11:30:00Z,anytime,Aaron Wan-Bissaka,0.0769,19.0,13.0,16,
2026-09-16T08:21:15.036432+00:00,48,Spurs,Aston Villa,2026-09-19T11:30:00Z,anytime,Victor Lindelof,0.0667,22.0,15.0,19,
2026-09-16T08:21:15.036432+00:00,43,Everton,Ipswich Town,2026-09-19T14:00:00Z,1x2,,0.5392/0.2488/0.2120,,,,
2026-09-16T08:21:15.036432+00:00,43,Everton,Ipswich Town,2026-09-19T14:00:00Z,cs_home,,0.3157,,,,
2026-09-16T08:21:15.036432+00:00,43,Everton,Ipswich Town,2026-09-19T14:00:00Z,cs_away,,0.1597,,,,
2026-09-16T08:21:15.036432+00:00,43,Everton,Ipswich Town,2026-09-19T14:00:00Z,btts,,0.5804,,,,
2026-09-16T08:21:15.036432+00:00,43,Everton,Ipswich Town,2026-09-19T14:00:00Z,anytime,Thierno Barry,0.4188,2.6,2.3875,16,
2026-09-16T08:21:15.036432+00:00,43,Everton,Ipswich Town,2026-09-19T14:00:00Z,anytime,Braiden Graham,0.3704,2.75,2.7,15,
2026-09-16T08:21:15.036432+00:00,43,Everton,Ipswich Town,2026-09-19T14:00:00Z,anytime,Kiernan Dewsbury-Hall,0.3636,3.4,2.75,19,
2026-09-16T08:21:15.036432+00:00,43,Everton,Ipswich Town,2026-09-19T14:00:00Z,anytime,Zian Flemming,0.3226,3.75,3.1,16,
2026-09-16T08:21:15.036432+00:00,43,Everton,Ipswich Town,2026-09-19T14:00:00Z,anytime,Tyrique George,0.3077,3.75,3.25,19,
2026-09-16T08:21:15.036432+00:00,43,Everton,Ipswich Town,2026-09-19T14:00:00Z,anytime,Brennan Johnson,0.303,4.0,3.3,19,
2026-09-16T08:21:15.036432+00:00,43,Everton,Ipswich Town,2026-09-19T14:00:00Z,anytime,Emersonn Silva,0.2667,4.3333335,3.75,18,
2026-09-16T08:21:15.036432+00:00,43,Everton,Ipswich Town,2026-09-19T14:00:00Z,anytime,Chuba Akpom,0.2564,4.5,3.9,16,
2026-09-16T08:21:15.036432+00:00,43,Everton,Ipswich Town,2026-09-19T14:00:00Z,anytime,Carlos Alcaraz,0.2532,4.5,3.95,16,
2026-09-16T08:21:15.036432+00:00,43,Everton,Ipswich Town,2026-09-19T14:00:00Z,anytime,Jack Clarke,0.2439,4.5,4.1,19,
2026-09-16T08:21:15.036432+00:00,43,Everton,Ipswich Town,2026-09-19T14:00:00Z,anytime,Julio Enciso,0.2353,4.75,4.25,19,
2026-09-16T08:21:15.036432+00:00,43,Everton,Ipswich Town,2026-09-19T14:00:00Z,anytime,Anis Mehmeti,0.2439,4.8,4.1,16,
2026-09-16T08:21:15.036432+00:00,43,Everton,Ipswich Town,2026-09-19T14:00:00Z,anytime,Jaden Philogene-Bidace,0.2309,5.0,4.33,19,
2026-09-16T08:21:15.036432+00:00,43,Everton,Ipswich Town,2026-09-19T14:00:00Z,anytime,Jack Grealish,0.2649,5.0,3.775,16,
2026-09-16T08:21:15.036432+00:00,43,Everton,Ipswich Town,2026-09-19T14:00:00Z,anytime,Tyler Dibling,0.2532,5.0,3.95,16,
2026-09-16T08:21:15.036432+00:00,43,Everton,Ipswich Town,2026-09-19T14:00:00Z,anytime,Daizen Maeda,0.2381,5.0,4.2,19,
2026-09-16T08:21:15.036432+00:00,43,Everton,Ipswich Town,2026-09-19T14:00:00Z,anytime,Issahaku Fatawu,0.1905,6.0,5.25,19,
2026-09-16T08:21:15.036432+00:00,43,Everton,Ipswich Town,2026-09-19T14:00:00Z,anytime,Sindre Walle,0.2105,6.0,4.75,12,
2026-09-16T08:21:15.036432+00:00,43,Everton,Ipswich Town,2026-09-19T14:00:00Z,anytime,Kasey McAteer,0.1905,7.0,5.25,16,
2026-09-16T08:21:15.036432+00:00,43,Everton,Ipswich Town,2026-09-19T14:00:00Z,anytime,Harrison Armstrong,0.1667,7.5,6.0,19,
2026-09-16T08:21:15.036432+00:00,43,Everton,Ipswich Town,2026-09-19T14:00:00Z,anytime,James Garner,0.1818,7.5,5.5,19,
2026-09-16T08:21:15.036432+00:00,43,Everton,Ipswich Town,2026-09-19T14:00:00Z,anytime,Merlin Rohl,0.1667,8.0,6.0,19,
2026-09-16T08:21:15.036432+00:00,43,Everton,Ipswich Town,2026-09-19T14:00:00Z,anytime,Harvey Foster,0.1429,8.0,7.0,11,
2026-09-16T08:21:15.036432+00:00,43,Everton,Ipswich Town,2026-09-19T14:00:00Z,anytime,Hayden Hackney,0.1667,8.5,6.0,19,
2026-09-16T08:21:15.036432+00:00,43,Everton,Ipswich Town,2026-09-19T14:00:00Z,anytime,Michael Keane,0.1429,8.5,7.0,19,
2026-09-16T08:21:15.036432+00:00,43,Everton,Ipswich Town,2026-09-19T14:00:00Z,anytime,Christian Norgaard,0.1111,9.0,9.0,5,
2026-09-16T08:21:15.036432+00:00,43,Everton,Ipswich Town,2026-09-19T14:00:00Z,anytime,Ainsley Maitland-Niles,0.1143,10.0,8.75,16,
2026-09-16T08:21:15.036432+00:00,43,Everton,Ipswich Town,2026-09-19T14:00:00Z,anytime,Jake OBrien,0.1176,10.0,8.5,19,
2026-09-16T08:21:15.036432+00:00,43,Everton,Ipswich Town,2026-09-19T14:00:00Z,anytime,Marcelino Nunez,0.1333,10.0,7.5,19,
2026-09-16T08:21:15.036432+00:00,43,Everton,Ipswich Town,2026-09-19T14:00:00Z,anytime,James Tarkowski,0.1176,11.0,8.5,19,
2026-09-16T08:21:15.036432+00:00,43,Everton,Ipswich Town,2026-09-19T14:00:00Z,anytime,Jarrad Branthwaite,0.1176,13.0,8.5,19,
2026-09-16T08:21:15.036432+00:00,43,Everton,Ipswich Town,2026-09-19T14:00:00Z,anytime,Exequiel Palacios,0.1,13.0,10.0,16,
2026-09-16T08:21:15.036432+00:00,43,Everton,Ipswich Town,2026-09-19T14:00:00Z,anytime,Abdoul Ouattara,0.087,13.0,11.5,19,
2026-09-16T08:21:15.036432+00:00,43,Everton,Ipswich Town,2026-09-19T14:00:00Z,anytime,Sasa Lukic,0.0909,13.0,11.0,19,
2026-09-16T08:21:15.036432+00:00,43,Everton,Ipswich Town,2026-09-19T14:00:00Z,anytime,Luis Florentino,0.0833,15.0,12.0,19,
2026-09-16T08:21:15.036432+00:00,43,Everton,Ipswich Town,2026-09-19T14:00:00Z,anytime,Cedric Kipre,0.0769,15.0,13.0,19,
2026-09-16T08:21:15.036432+00:00,43,Everton,Ipswich Town,2026-09-19T14:00:00Z,anytime,Vitaliy Mykolenko,0.0769,17.0,13.0,19,
2026-09-16T08:21:15.036432+00:00,43,Everton,Ipswich Town,2026-09-19T14:00:00Z,anytime,Darnell Furlong,0.0667,17.0,15.0,19,
2026-09-16T08:21:15.036432+00:00,43,Everton,Ipswich Town,2026-09-19T14:00:00Z,anytime,Dara OShea,0.0667,17.0,15.0,19,
2026-09-16T08:21:15.036432+00:00,43,Everton,Ipswich Town,2026-09-19T14:00:00Z,anytime,Azor Matusiwa,0.0769,17.0,13.0,15,
2026-09-16T08:21:15.036432+00:00,43,Everton,Ipswich Town,2026-09-19T14:00:00Z,anytime,Jacob Greaves,0.0667,19.0,15.0,19,
2026-09-16T08:21:15.036432+00:00,43,Everton,Ipswich Town,2026-09-19T14:00:00Z,anytime,Leif Davis,0.0833,21.0,12.0,19,
2026-09-16T08:21:15.036432+00:00,43,Everton,Ipswich Town,2026-09-19T14:00:00Z,anytime,Issa Diop,0.0526,23.0,19.0,19,
2026-09-16T08:21:15.036432+00:00,46,Newcastle,Hull City,2026-09-19T14:00:00Z,1x2,,0.5923/0.2216/0.1861,,,,
2026-09-16T08:21:15.036432+00:00,46,Newcastle,Hull City,2026-09-19T14:00:00Z,cs_home,,0.3227,,,,
2026-09-16T08:21:15.036432+00:00,46,Newcastle,Hull City,2026-09-19T14:00:00Z,cs_away,,0.1326,,,,
2026-09-16T08:21:15.036432+00:00,46,Newcastle,Hull City,2026-09-19T14:00:00Z,btts,,0.5886,,,,
2026-09-16T08:21:15.036432+00:00,46,Newcastle,Hull City,2026-09-19T14:00:00Z,anytime,Yoane Wissa,0.4651,2.5,2.15,19,
2026-09-16T08:21:15.036432+00:00,46,Newcastle,Hull City,2026-09-19T14:00:00Z,anytime,Matias Fernandez-Pardo,0.4,2.8,2.5,16,
2026-09-16T08:21:15.036432+00:00,46,Newcastle,Hull City,2026-09-19T14:00:00Z,anytime,Harvey Barnes,0.3922,2.9,2.55,19,
2026-09-16T08:21:15.036432+00:00,46,Newcastle,Hull City,2026-09-19T14:00:00Z,anytime,Anthony Elanga,0.3448,3.4,2.9,8,
2026-09-16T08:21:15.036432+00:00,46,Newcastle,Hull City,2026-09-19T14:00:00Z,anytime,Oliver McBurnie,0.3125,3.75,3.2,19,
2026-09-16T08:21:15.036432+00:00,46,Newcastle,Hull City,2026-09-19T14:00:00Z,anytime,Bazoumana Toure,0.3226,3.75,3.1,19,
2026-09-16T08:21:15.036432+00:00,46,Newcastle,Hull City,2026-09-19T14:00:00Z,anytime,Jacob Murphy,0.274,4.0,3.6500000000000004,16,
2026-09-16T08:21:15.036432+00:00,46,Newcastle,Hull City,2026-09-19T14:00:00Z,anytime,Robinio Vaz,0.2667,4.333,3.75,13,
2026-09-16T08:21:15.036432+00:00,46,Newcastle,Hull City,2026-09-19T14:00:00Z,anytime,Joe Gelhardt,0.2632,4.5,3.8,19,
2026-09-16T08:21:15.036432+00:00,46,Newcastle,Hull City,2026-09-19T14:00:00Z,anytime,Ilyas Ansah,0.25,4.5,4.0,6,
2026-09-16T08:21:15.036432+00:00,46,Newcastle,Hull City,2026-09-19T14:00:00Z,anytime,Joe Willock,0.25,4.75,4.0,19,
2026-09-16T08:21:15.036432+00:00,46,Newcastle,Hull City,2026-09-19T14:00:00Z,anytime,Jacob Ramsey,0.2381,5.0,4.2,16,
2026-09-16T08:21:15.036432+00:00,46,Newcastle,Hull City,2026-09-19T14:00:00Z,anytime,Mohamed-Ali Cho,0.2439,5.5,4.1,16,
2026-09-16T08:21:15.036432+00:00,46,Newcastle,Hull City,2026-09-19T14:00:00Z,anytime,Sorba Thomas,0.2,5.75,5.0,16,
2026-09-16T08:21:15.036432+00:00,46,Newcastle,Hull City,2026-09-19T14:00:00Z,anytime,Mohamed Belloumi,0.2083,6.0,4.8,19,
2026-09-16T08:21:15.036432+00:00,46,Newcastle,Hull City,2026-09-19T14:00:00Z,anytime,Elliot Stroud,0.2,6.25,5.0,19,
2026-09-16T08:21:15.036432+00:00,46,Newcastle,Hull City,2026-09-19T14:00:00Z,anytime,Nico Gonzalez,0.1667,7.5,6.0,13,
2026-09-16T08:21:15.036432+00:00,46,Newcastle,Hull City,2026-09-19T14:00:00Z,anytime,Jens Hjerto-Dahl,0.1538,7.5,6.5,19,
2026-09-16T08:21:15.036432+00:00,46,Newcastle,Hull City,2026-09-19T14:00:00Z,anytime,Matt Crooks,0.1667,7.5,6.0,19,
2026-09-16T08:21:15.036432+00:00,46,Newcastle,Hull City,2026-09-19T14:00:00Z,anytime,Sean Steur,0.1667,7.5,6.0,19,
2026-09-16T08:21:15.036432+00:00,46,Newcastle,Hull City,2026-09-19T14:00:00Z,anytime,Lewis Miley,0.1667,7.5,6.0,19,
2026-09-16T08:21:15.036432+00:00,46,Newcastle,Hull City,2026-09-19T14:00:00Z,anytime,Oscar Zambrano,0.1429,8.0,7.0,8,
2026-09-16T08:21:15.036432+00:00,46,Newcastle,Hull City,2026-09-19T14:00:00Z,anytime,Aladji Bamba,0.1667,8.5,6.0,19,
2026-09-16T08:21:15.036432+00:00,46,Newcastle,Hull City,2026-09-19T14:00:00Z,anytime,Lewis Hall,0.125,9.5,8.0,19,
2026-09-16T08:21:15.036432+00:00,46,Newcastle,Hull City,2026-09-19T14:00:00Z,anytime,Fabian Schar,0.1538,9.5,6.5,16,
2026-09-16T08:21:15.036432+00:00,46,Newcastle,Hull City,2026-09-19T14:00:00Z,anytime,Abdulkadir Omur,0.1538,9.5,6.5,16,
2026-09-16T08:21:15.036432+00:00,46,Newcastle,Hull City,2026-09-19T14:00:00Z,anytime,Malick Thiaw,0.1333,10.0,7.5,19,
2026-09-16T08:21:15.036432+00:00,46,Newcastle,Hull City,2026-09-19T14:00:00Z,anytime,Amar Dedic,0.125,10.0,8.0,19,
2026-09-16T08:21:15.036432+00:00,46,Newcastle,Hull City,2026-09-19T14:00:00Z,anytime,Hidemasa Morita,0.1026,11.0,9.75,16,
2026-09-16T08:21:15.036432+00:00,46,Newcastle,Hull City,2026-09-19T14:00:00Z,anytime,Paddy McNair,0.1,12.0,10.0,19,
2026-09-16T08:21:15.036432+00:00,46,Newcastle,Hull City,2026-09-19T14:00:00Z,anytime,Nobel Mendy,0.1111,12.0,9.0,8,
2026-09-16T08:21:15.036432+00:00,46,Newcastle,Hull City,2026-09-19T14:00:00Z,anytime,Sven Botman,0.1,12.0,10.0,19,
2026-09-16T08:21:15.036432+00:00,46,Newcastle,Hull City,2026-09-19T14:00:00Z,anytime,Valentino Livramento,0.1,15.0,10.0,16,
2026-09-16T08:21:15.036432+00:00,46,Newcastle,Hull City,2026-09-19T14:00:00Z,anytime,Semi Ajayi,0.0833,15.0,12.0,19,
2026-09-16T08:21:15.036432+00:00,46,Newcastle,Hull City,2026-09-19T14:00:00Z,anytime,Regan Slater,0.0909,15.0,11.0,18,
2026-09-16T08:21:15.036432+00:00,46,Newcastle,Hull City,2026-09-19T14:00:00Z,anytime,Lucas Herrington,0.0714,15.0,14.0,19,
2026-09-16T08:21:15.036432+00:00,46,Newcastle,Hull City,2026-09-19T14:00:00Z,anytime,Timothy Iroegbunam,0.0769,15.0,13.0,16,
2026-09-16T08:21:15.036432+00:00,46,Newcastle,Hull City,2026-09-19T14:00:00Z,anytime,Brooke Norton-Cuffy,0.087,17.0,11.5,16,
2026-09-16T08:21:15.036432+00:00,46,Newcastle,Hull City,2026-09-19T14:00:00Z,anytime,John Egan,0.0769,17.0,13.0,19,
2026-09-16T08:21:15.036432+00:00,46,Newcastle,Hull City,2026-09-19T14:00:00Z,anytime,Lucas Gourna-Douath,0.0833,17.0,12.0,19,
2026-09-16T08:21:15.036432+00:00,46,Newcastle,Hull City,2026-09-19T14:00:00Z,anytime,Matt Targett,0.0769,17.0,13.0,19,
2026-09-16T08:21:15.036432+00:00,46,Newcastle,Hull City,2026-09-19T14:00:00Z,anytime,Ryan Giles,0.0769,19.0,13.0,19,
2026-09-16T08:21:15.036432+00:00,46,Newcastle,Hull City,2026-09-19T14:00:00Z,anytime,Christos Mouzakitis,0.0769,21.0,13.0,16,
2026-09-16T08:21:15.036432+00:00,46,Newcastle,Hull City,2026-09-19T14:00:00Z,anytime,Lewie Coyle,0.0588,23.0,17.0,19,
2026-09-16T08:21:15.036432+00:00,42,Brighton,Arsenal,2026-09-19T14:00:00Z,1x2,,0.2034/0.2462/0.5504,,,,
2026-09-16T08:21:15.036432+00:00,42,Brighton,Arsenal,2026-09-19T14:00:00Z,cs_home,,0.163,,,,
2026-09-16T08:21:15.036432+00:00,42,Brighton,Arsenal,2026-09-19T14:00:00Z,cs_away,,0.3259,,,,
2026-09-16T08:21:15.036432+00:00,42,Brighton,Arsenal,2026-09-19T14:00:00Z,btts,,0.568,,,,
2026-09-16T08:21:15.036432+00:00,42,Brighton,Arsenal,2026-09-19T14:00:00Z,anytime,Viktor Gyokeres,0.4444,2.6,2.25,19,
2026-09-16T08:21:15.036432+00:00,42,Brighton,Arsenal,2026-09-19T14:00:00Z,anytime,Kai Havertz,0.4202,2.75,2.38,19,
2026-09-16T08:21:15.036432+00:00,42,Brighton,Arsenal,2026-09-19T14:00:00Z,anytime,Bukayo Saka,0.3472,3.3,2.88,19,
2026-09-16T08:21:15.036432+00:00,42,Brighton,Arsenal,2026-09-19T14:00:00Z,anytime,Christos Tzolis,0.3226,3.6,3.1,19,
2026-09-16T08:21:15.036432+00:00,42,Brighton,Arsenal,2026-09-19T14:00:00Z,anytime,Noni Madueke,0.2857,4.0,3.5,16,
2026-09-16T08:21:15.036432+00:00,42,Brighton,Arsenal,2026-09-19T14:00:00Z,anytime,Max Dowman,0.2817,4.0,3.55,16,
2026-09-16T08:21:15.036432+00:00,42,Brighton,Arsenal,2026-09-19T14:00:00Z,anytime,Mikel Merino,0.2899,4.0,3.45,16,
2026-09-16T08:21:15.036432+00:00,42,Brighton,Arsenal,2026-09-19T14:00:00Z,anytime,Charalampos Kostoulas,0.2667,4.333,3.75,19,
2026-09-16T08:21:15.036432+00:00,42,Brighton,Arsenal,2026-09-19T14:00:00Z,anytime,Promise David,0.2778,4.333,3.6,19,
2026-09-16T08:21:15.036432+00:00,42,Brighton,Arsenal,2026-09-19T14:00:00Z,anytime,Eberechi Eze,0.2857,4.5,3.5,19,
2026-09-16T08:21:15.036432+00:00,42,Brighton,Arsenal,2026-09-19T14:00:00Z,anytime,Zadok Yohanna,0.2162,4.75,4.625,2,
2026-09-16T08:21:15.036432+00:00,42,Brighton,Arsenal,2026-09-19T14:00:00Z,anytime,Georginio Rutter,0.2309,5.0,4.33,16,
2026-09-16T08:21:15.036432+00:00,42,Brighton,Arsenal,2026-09-19T14:00:00Z,anytime,Shane Nti,0.2,5.25,5.0,4,
2026-09-16T08:21:15.036432+00:00,42,Brighton,Arsenal,2026-09-19T14:00:00Z,anytime,Martin Odegaard,0.2381,5.25,4.2,19,
2026-09-16T08:21:15.036432+00:00,42,Brighton,Arsenal,2026-09-19T14:00:00Z,anytime,Diego Gomez,0.2,5.5,5.0,19,
2026-09-16T08:21:15.036432+00:00,42,Brighton,Arsenal,2026-09-19T14:00:00Z,anytime,Moura Bruno Guimaraes,0.2222,6.0,4.5,19,
2026-09-16T08:21:15.036432+00:00,42,Brighton,Arsenal,2026-09-19T14:00:00Z,anytime,Matt ORiley,0.177,6.5,5.65,16,
2026-09-16T08:21:15.036432+00:00,42,Brighton,Arsenal,2026-09-19T14:00:00Z,anytime,Ibrahim Osman,0.1818,6.5,5.5,19,
2026-09-16T08:21:15.036432+00:00,42,Brighton,Arsenal,2026-09-19T14:00:00Z,anytime,Younes Ibrahim,0.1818,7.0,5.5,11,
2026-09-16T08:21:15.036432+00:00,42,Brighton,Arsenal,2026-09-19T14:00:00Z,anytime,Malick Yalcouye,0.1724,7.5,5.8,19,
2026-09-16T08:21:15.036432+00:00,42,Brighton,Arsenal,2026-09-19T14:00:00Z,anytime,Declan Rice,0.1667,7.5,6.0,19,
2026-09-16T08:21:15.036432+00:00,42,Brighton,Arsenal,2026-09-19T14:00:00Z,anytime,Nehemiah Oriola,0.1538,7.5,6.5,12,
2026-09-16T08:21:15.036432+00:00,42,Brighton,Arsenal,2026-09-19T14:00:00Z,anytime,Yasin Ayari,0.1429,8.0,7.0,19,
2026-09-16T08:21:15.036432+00:00,42,Brighton,Arsenal,2026-09-19T14:00:00Z,anytime,Martin Zubimendi,0.1429,8.0,7.0,19,
2026-09-16T08:21:15.036432+00:00,42,Brighton,Arsenal,2026-09-19T14:00:00Z,anytime,Maxim De Cuyper,0.1538,8.5,6.5,19,
2026-09-16T08:21:15.036432+00:00,42,Brighton,Arsenal,2026-09-19T14:00:00Z,anytime,Magalhaes Gabriel,0.1429,9.5,7.0,19,
2026-09-16T08:21:15.036432+00:00,42,Brighton,Arsenal,2026-09-19T14:00:00Z,anytime,Riccardo Calafiori,0.125,9.5,8.0,19,
2026-09-16T08:21:15.036432+00:00,42,Brighton,Arsenal,2026-09-19T14:00:00Z,anytime,Jurrien Timber,0.1176,10.0,8.5,15,
2026-09-16T08:21:15.036432+00:00,42,Brighton,Arsenal,2026-09-19T14:00:00Z,anytime,Pascal Gross,0.1333,10.0,7.5,19,
2026-09-16T08:21:15.036432+00:00,42,Brighton,Arsenal,2026-09-19T14:00:00Z,anytime,Myles Lewis-Skelly,0.1111,11.0,9.0,19,
2026-09-16T08:21:15.036432+00:00,42,Brighton,Arsenal,2026-09-19T14:00:00Z,anytime,Chema Andres,0.1143,11.0,8.75,16,
2026-09-16T08:21:15.036432+00:00,42,Brighton,Arsenal,2026-09-19T14:00:00Z,anytime,Piero Hincapie,0.1,12.0,10.0,19,
2026-09-16T08:21:15.036432+00:00,42,Brighton,Arsenal,2026-09-19T14:00:00Z,anytime,Luka Vuskovic,0.1053,13.0,9.5,19,
2026-09-16T08:21:15.036432+00:00,42,Brighton,Arsenal,2026-09-19T14:00:00Z,anytime,Ben White,0.1,13.0,10.0,16,
2026-09-16T08:21:15.036432+00:00,42,Brighton,Arsenal,2026-09-19T14:00:00Z,anytime,Ezri Konsa,0.0833,13.0,12.0,16,
2026-09-16T08:21:15.036432+00:00,42,Brighton,Arsenal,2026-09-19T14:00:00Z,anytime,Ferdi Kadioglu,0.0833,14.0,12.0,19,
2026-09-16T08:21:15.036432+00:00,42,Brighton,Arsenal,2026-09-19T14:00:00Z,anytime,Pascal Struijk,0.0769,15.0,13.0,19,
2026-09-16T08:21:15.036432+00:00,42,Brighton,Arsenal,2026-09-19T14:00:00Z,anytime,Cristhian Mosquera,0.0714,17.0,14.0,18,
2026-09-16T08:21:15.036432+00:00,42,Brighton,Arsenal,2026-09-19T14:00:00Z,anytime,Michael Svoboda,0.0769,17.0,13.0,13,
2026-09-16T08:21:15.036432+00:00,42,Brighton,Arsenal,2026-09-19T14:00:00Z,anytime,Jaouen Hadjam,0.0769,17.0,13.0,16,
2026-09-16T08:21:15.036432+00:00,42,Brighton,Arsenal,2026-09-19T14:00:00Z,anytime,Lewis Dunk,0.0667,17.0,15.0,19,
2026-09-16T08:21:15.036432+00:00,42,Brighton,Arsenal,2026-09-19T14:00:00Z,anytime,Marli Salmon,0.0667,21.0,15.0,13,
2026-09-16T08:21:15.036432+00:00,42,Brighton,Arsenal,2026-09-19T14:00:00Z,anytime,Olivier Boscagli,0.0588,22.0,17.0,19,
2026-09-16T08:21:15.036432+00:00,42,Brighton,Arsenal,2026-09-19T14:00:00Z,anytime,Joao Pedro Costinha,0.069,23.0,14.5,16,
2026-09-16T08:21:15.036432+00:00,47,Nott'm Forest,Coventry City,2026-09-19T16:30:00Z,1x2,,0.5731/0.2412/0.1857,,,,
2026-09-16T08:21:15.036432+00:00,47,Nott'm Forest,Coventry City,2026-09-19T16:30:00Z,cs_home,,0.3412,,,,
2026-09-16T08:21:15.036432+00:00,47,Nott'm Forest,Coventry City,2026-09-19T16:30:00Z,cs_away,,0.1602,,,,
2026-09-16T08:21:15.036432+00:00,47,Nott'm Forest,Coventry City,2026-09-19T16:30:00Z,btts,,0.5549,,,,
2026-09-16T08:21:15.036432+00:00,47,Nott'm Forest,Coventry City,2026-09-19T16:30:00Z,anytime,Chris Wood,0.4598,2.5,2.175,16,
2026-09-16T08:21:15.036432+00:00,47,Nott'm Forest,Coventry City,2026-09-19T16:30:00Z,anytime,Igor Jesus,0.4211,2.625,2.375,19,
2026-09-16T08:21:15.036432+00:00,47,Nott'm Forest,Coventry City,2026-09-19T16:30:00Z,anytime,Liam Delap,0.4167,2.625,2.4,16,
2026-09-16T08:21:15.036432+00:00,47,Nott'm Forest,Coventry City,2026-09-19T16:30:00Z,anytime,Morgan Gibbs-White,0.4167,2.7,2.4,19,
2026-09-16T08:21:15.036432+00:00,47,Nott'm Forest,Coventry City,2026-09-19T16:30:00Z,anytime,Arnaud Kalimuendo,0.4082,2.75,2.45,16,
2026-09-16T08:21:15.036432+00:00,47,Nott'm Forest,Coventry City,2026-09-19T16:30:00Z,anytime,Taiwo Awoniyi,0.3077,3.6,3.25,4,
2026-09-16T08:21:15.036432+00:00,47,Nott'm Forest,Coventry City,2026-09-19T16:30:00Z,anytime,Callum Hudson-Odoi,0.2899,3.8,3.45,16,
2026-09-16T08:21:15.036432+00:00,47,Nott'm Forest,Coventry City,2026-09-19T16:30:00Z,anytime,Dan Ndoye,0.2778,4.0,3.6,19,
2026-09-16T08:21:15.036432+00:00,47,Nott'm Forest,Coventry City,2026-09-19T16:30:00Z,anytime,Ellis Simms,0.2941,4.0,3.4,19,
2026-09-16T08:21:15.036432+00:00,47,Nott'm Forest,Coventry City,2026-09-19T16:30:00Z,anytime,Sidiki Cherif,0.2857,4.0,3.5,15,
2026-09-16T08:21:15.036432+00:00,47,Nott'm Forest,Coventry City,2026-09-19T16:30:00Z,anytime,Brandon Thoms-Asante,0.2381,5.0,4.2,19,
2026-09-16T08:21:15.036432+00:00,47,Nott'm Forest,Coventry City,2026-09-19T16:30:00Z,anytime,Yann Gboho,0.2222,5.5,4.5,15,
2026-09-16T08:21:15.036432+00:00,47,Nott'm Forest,Coventry City,2026-09-19T16:30:00Z,anytime,Ephron Mason-Clark,0.2174,5.5,4.6,19,
2026-09-16T08:21:15.036432+00:00,47,Nott'm Forest,Coventry City,2026-09-19T16:30:00Z,anytime,James McAtee,0.25,5.75,4.0,19,
2026-09-16T08:21:15.036432+00:00,47,Nott'm Forest,Coventry City,2026-09-19T16:30:00Z,anytime,Victor Torp,0.1905,6.0,5.25,19,
2026-09-16T08:21:15.036432+00:00,47,Nott'm Forest,Coventry City,2026-09-19T16:30:00Z,anytime,Gustavo Hamer,0.1667,6.5,6.0,19,
2026-09-16T08:21:15.036432+00:00,47,Nott'm Forest,Coventry City,2026-09-19T16:30:00Z,anytime,Nicolas Dominguez,0.2,6.5,5.0,16,
2026-09-16T08:21:15.036432+00:00,47,Nott'm Forest,Coventry City,2026-09-19T16:30:00Z,anytime,Loum Tchaouna,0.1818,6.5,5.5,19,
2026-09-16T08:21:15.036432+00:00,47,Nott'm Forest,Coventry City,2026-09-19T16:30:00Z,anytime,Jack Rudoni,0.2,7.0,5.0,19,
2026-09-16T08:21:15.036432+00:00,47,Nott'm Forest,Coventry City,2026-09-19T16:30:00Z,anytime,Daniel Munoz,0.1951,7.0,5.125,16,
2026-09-16T08:21:15.036432+00:00,47,Nott'm Forest,Coventry City,2026-09-19T16:30:00Z,anytime,Ryan Yates,0.1702,7.5,5.875,16,
2026-09-16T08:21:15.036432+00:00,47,Nott'm Forest,Coventry City,2026-09-19T16:30:00Z,anytime,Tatsuhiro Sakamoto,0.1667,7.5,6.0,19,
2026-09-16T08:21:15.036432+00:00,47,Nott'm Forest,Coventry City,2026-09-19T16:30:00Z,anytime,Ibrahim Sangare,0.16,7.5,6.25,19,
2026-09-16T08:21:15.036432+00:00,47,Nott'm Forest,Coventry City,2026-09-19T16:30:00Z,anytime,Neco Williams,0.1429,8.5,7.0,19,
2026-09-16T08:21:15.036432+00:00,47,Nott'm Forest,Coventry City,2026-09-19T16:30:00Z,anytime,Xaver Schlager,0.1429,9.5,7.0,19,
2026-09-16T08:21:15.036432+00:00,47,Nott'm Forest,Coventry City,2026-09-19T16:30:00Z,anytime,Caleb Yirenkyi,0.125,10.0,8.0,19,
2026-09-16T08:21:15.036432+00:00,47,Nott'm Forest,Coventry City,2026-09-19T16:30:00Z,anytime,Josh Eccles,0.1053,10.0,9.5,2,
2026-09-16T08:21:15.036432+00:00,47,Nott'm Forest,Coventry City,2026-09-19T16:30:00Z,anytime,Nikola Milenkovic,0.1176,11.0,8.5,13,
2026-09-16T08:21:15.036432+00:00,47,Nott'm Forest,Coventry City,2026-09-19T16:30:00Z,anytime,Luca Netz,0.1053,11.0,9.5,16,
2026-09-16T08:21:15.036432+00:00,47,Nott'm Forest,Coventry City,2026-09-19T16:30:00Z,anytime,Ousmane Diomande,0.1,12.0,10.0,19,
2026-09-16T08:21:15.036432+00:00,47,Nott'm Forest,Coventry City,2026-09-19T16:30:00Z,anytime,Jair Cunha,0.0909,13.0,11.0,19,
2026-09-16T08:21:15.036432+00:00,47,Nott'm Forest,Coventry City,2026-09-19T16:30:00Z,anytime,Matt Grimes,0.0909,13.0,11.0,19,
2026-09-16T08:21:15.036432+00:00,47,Nott'm Forest,Coventry City,2026-09-19T16:30:00Z,anytime,Ola Aina,0.1053,14.0,9.5,19,
2026-09-16T08:21:15.036432+00:00,47,Nott'm Forest,Coventry City,2026-09-19T16:30:00Z,anytime,Murillo dos Santos,0.1,14.0,10.0,19,
2026-09-16T08:21:15.036432+00:00,47,Nott'm Forest,Coventry City,2026-09-19T16:30:00Z,anytime,Frank Onyeka,0.1081,15.0,9.25,16,
2026-09-16T08:21:15.036432+00:00,47,Nott'm Forest,Coventry City,2026-09-19T16:30:00Z,anytime,Bobby Thomas,0.1,17.0,10.0,19,
2026-09-16T08:21:15.036432+00:00,47,Nott'm Forest,Coventry City,2026-09-19T16:30:00Z,anytime,Ethan Pinnock,0.0769,19.0,13.0,16,
2026-09-16T08:21:15.036432+00:00,47,Nott'm Forest,Coventry City,2026-09-19T16:30:00Z,anytime,Miguel Brau,0.0556,19.0,18.0,2,
2026-09-16T08:21:15.036432+00:00,47,Nott'm Forest,Coventry City,2026-09-19T16:30:00Z,anytime,Stephen Mfuni,0.0667,21.0,15.0,13,
2026-09-16T08:21:15.036432+00:00,47,Nott'm Forest,Coventry City,2026-09-19T16:30:00Z,anytime,Jay Dasilva,0.0588,22.0,17.0,19,
2026-09-16T08:21:15.036432+00:00,47,Nott'm Forest,Coventry City,2026-09-19T16:30:00Z,anytime,Aurele Amenda,0.0588,22.0,17.0,19,
2026-09-16T08:21:15.036432+00:00,47,Nott'm Forest,Coventry City,2026-09-19T16:30:00Z,anytime,Milan van Ewijk,0.0588,23.0,17.0,19,
2026-09-16T08:21:15.036432+00:00,47,Nott'm Forest,Coventry City,2026-09-19T16:30:00Z,anytime,Joel Latibeaudiere,0.0526,26.0,19.0,16,
2026-09-16T08:21:15.036432+00:00,49,Bournemouth,Liverpool,2026-09-20T13:00:00Z,1x2,,0.3097/0.2478/0.4425,,,,
2026-09-16T08:21:15.036432+00:00,49,Bournemouth,Liverpool,2026-09-20T13:00:00Z,cs_home,,0.1538,,,,
2026-09-16T08:21:15.036432+00:00,49,Bournemouth,Liverpool,2026-09-20T13:00:00Z,cs_away,,0.2134,,,,
2026-09-16T08:21:15.036432+00:00,49,Bournemouth,Liverpool,2026-09-20T13:00:00Z,btts,,0.6712,,,,
2026-09-16T08:21:15.036432+00:00,49,Bournemouth,Liverpool,2026-09-20T13:00:00Z,anytime,Alexander Isak,0.4444,2.4,2.25,13,
2026-09-16T08:21:15.036432+00:00,49,Bournemouth,Liverpool,2026-09-20T13:00:00Z,anytime,Jayden Danns,0.3604,3.0,2.7750000000000004,6,
2026-09-16T08:21:15.036432+00:00,49,Bournemouth,Liverpool,2026-09-20T13:00:00Z,anytime,Evanilson,0.3571,3.15,2.8,13,
2026-09-16T08:21:15.036432+00:00,49,Bournemouth,Liverpool,2026-09-20T13:00:00Z,anytime,Cody Gakpo,0.3636,3.2,2.75,13,
2026-09-16T08:21:15.036432+00:00,49,Bournemouth,Liverpool,2026-09-20T13:00:00Z,anytime,Alvaro Rodriguez,0.3226,3.25,3.1,13,
2026-09-16T08:21:15.036432+00:00,49,Bournemouth,Liverpool,2026-09-20T13:00:00Z,anytime,Daniel Jebbison,0.3226,3.4,3.1,13,
2026-09-16T08:21:15.036432+00:00,49,Bournemouth,Liverpool,2026-09-20T13:00:00Z,anytime,Bradley Barcola,0.339,3.4,2.95,10,
2026-09-16T08:21:15.036432+00:00,49,Bournemouth,Liverpool,2026-09-20T13:00:00Z,anytime,Rayan Vitor,0.3333,3.6,3.0,13,
2026-09-16T08:21:15.036432+00:00,49,Bournemouth,Liverpool,2026-09-20T13:00:00Z,anytime,Lewis Koumas,0.303,3.9,3.3,9,
2026-09-16T08:21:15.036432+00:00,49,Bournemouth,Liverpool,2026-09-20T13:00:00Z,anytime,Amine Adli,0.25,4.0,4.0,1,
2026-09-16T08:21:15.036432+00:00,49,Bournemouth,Liverpool,2026-09-20T13:00:00Z,anytime,Victor Munoz,0.3333,4.0,3.0,13,
2026-09-16T08:21:15.036432+00:00,49,Bournemouth,Liverpool,2026-09-20T13:00:00Z,anytime,Rio Ngumoha,0.2778,4.0,3.6,13,
2026-09-16T08:21:15.036432+00:00,49,Bournemouth,Liverpool,2026-09-20T13:00:00Z,anytime,David Brooks,0.2667,4.0,3.75,9,
2026-09-16T08:21:15.036432+00:00,49,Bournemouth,Liverpool,2026-09-20T13:00:00Z,anytime,Justin Kluivert,0.2667,4.33,3.75,13,
2026-09-16T08:21:15.036432+00:00,49,Bournemouth,Liverpool,2026-09-20T13:00:00Z,anytime,Marcus Tavernier,0.2381,4.333,4.2,13,
2026-09-16T08:21:15.036432+00:00,49,Bournemouth,Liverpool,2026-09-20T13:00:00Z,anytime,Florian Wirtz,0.2941,4.333,3.4,13,
2026-09-16T08:21:15.036432+00:00,49,Bournemouth,Liverpool,2026-09-20T13:00:00Z,anytime,Ben Doak,0.25,4.5,4.0,9,
2026-09-16T08:21:15.036432+00:00,49,Bournemouth,Liverpool,2026-09-20T13:00:00Z,anytime,Dominik Szoboszlai,0.2632,5.0,3.8,13,
2026-09-16T08:21:15.036432+00:00,49,Bournemouth,Liverpool,2026-09-20T13:00:00Z,anytime,James McConnell,0.1667,6.0,6.0,1,
2026-09-16T08:21:15.036432+00:00,49,Bournemouth,Liverpool,2026-09-20T13:00:00Z,anytime,Alexis Mac Allister,0.2,6.0,5.0,13,
2026-09-16T08:21:15.036432+00:00,49,Bournemouth,Liverpool,2026-09-20T13:00:00Z,anytime,Trey Nyoni,0.1905,6.2,5.25,9,
2026-09-16T08:21:15.036432+00:00,49,Bournemouth,Liverpool,2026-09-20T13:00:00Z,anytime,Ryan Christie,0.1739,6.5,5.75,13,
2026-09-16T08:21:15.036432+00:00,49,Bournemouth,Liverpool,2026-09-20T13:00:00Z,anytime,Ryan Gravenberch,0.1538,7.0,6.5,13,
2026-09-16T08:21:15.036432+00:00,49,Bournemouth,Liverpool,2026-09-20T13:00:00Z,anytime,Jeremie Frimpong,0.1538,7.5,6.5,13,
2026-09-16T08:21:15.036432+00:00,49,Bournemouth,Liverpool,2026-09-20T13:00:00Z,anytime,Juanlu Sanchez,0.1667,7.5,6.0,10,
2026-09-16T08:21:15.036432+00:00,49,Bournemouth,Liverpool,2026-09-20T13:00:00Z,anytime,Alex Scott,0.1538,7.5,6.5,13,
2026-09-16T08:21:15.036432+00:00,49,Bournemouth,Liverpool,2026-09-20T13:00:00Z,anytime,Virgil van Dijk,0.16,8.0,6.25,13,
2026-09-16T08:21:15.036432+00:00,49,Bournemouth,Liverpool,2026-09-20T13:00:00Z,anytime,Alex Toth,0.1481,8.5,6.75,6,
2026-09-16T08:21:15.036432+00:00,49,Bournemouth,Liverpool,2026-09-20T13:00:00Z,anytime,Luke Chambers,0.1111,9.0,9.0,1,
2026-09-16T08:21:15.036432+00:00,49,Bournemouth,Liverpool,2026-09-20T13:00:00Z,anytime,Milos Kerkez,0.1176,9.5,8.5,13,
2026-09-16T08:21:15.036432+00:00,49,Bournemouth,Liverpool,2026-09-20T13:00:00Z,anytime,Wataru Endo,0.1333,9.5,7.5,9,
2026-09-16T08:21:15.036432+00:00,49,Bournemouth,Liverpool,2026-09-20T13:00:00Z,anytime,Lewis Cook,0.0909,11.0,11.0,13,
2026-09-16T08:21:15.036432+00:00,49,Bournemouth,Liverpool,2026-09-20T13:00:00Z,anytime,Bafode Diakite,0.0909,11.0,11.0,9,
2026-09-16T08:21:15.036432+00:00,49,Bournemouth,Liverpool,2026-09-20T13:00:00Z,anytime,Antonio Silva,0.0909,11.0,11.0,13,
2026-09-16T08:21:15.036432+00:00,49,Bournemouth,Liverpool,2026-09-20T13:00:00Z,anytime,Ronald Araujo,0.1176,12.0,8.5,13,
2026-09-16T08:21:15.036432+00:00,49,Bournemouth,Liverpool,2026-09-20T13:00:00Z,anytime,Jeremy Jacquet,0.1053,12.0,9.5,13,
2026-09-16T08:21:15.036432+00:00,49,Bournemouth,Liverpool,2026-09-20T13:00:00Z,anytime,Konstantinos Tsimikas,0.1053,12.0,9.5,13,
2026-09-16T08:21:15.036432+00:00,49,Bournemouth,Liverpool,2026-09-20T13:00:00Z,anytime,Veljko Milosavljevic,0.0769,13.0,13.0,1,
2026-09-16T08:21:15.036432+00:00,49,Bournemouth,Liverpool,2026-09-20T13:00:00Z,anytime,Tyler Adams,0.1,13.0,10.0,13,
2026-09-16T08:21:15.036432+00:00,49,Bournemouth,Liverpool,2026-09-20T13:00:00Z,anytime,James Hill,0.087,13.0,11.5,13,
2026-09-16T08:21:15.036432+00:00,49,Bournemouth,Liverpool,2026-09-20T13:00:00Z,anytime,Adrien Truffert,0.0909,13.0,11.0,13,
2026-09-16T08:21:15.036432+00:00,49,Bournemouth,Liverpool,2026-09-20T13:00:00Z,anytime,Julio Soler,0.0769,15.0,13.0,9,
2026-09-16T08:21:15.036432+00:00,49,Bournemouth,Liverpool,2026-09-20T13:00:00Z,anytime,Adam Smith,0.0769,17.0,13.0,13,
2026-09-16T08:21:15.036432+00:00,44,Leeds,Crystal Palace,2026-09-20T13:00:00Z,1x2,,0.5292/0.2503/0.2205,,,,
2026-09-16T08:21:15.036432+00:00,44,Leeds,Crystal Palace,2026-09-20T13:00:00Z,cs_home,,0.3156,,,,
2026-09-16T08:21:15.036432+00:00,44,Leeds,Crystal Palace,2026-09-20T13:00:00Z,cs_away,,0.1622,,,,
2026-09-16T08:21:15.036432+00:00,44,Leeds,Crystal Palace,2026-09-20T13:00:00Z,btts,,0.5779,,,,
2026-09-16T08:21:15.036432+00:00,44,Leeds,Crystal Palace,2026-09-20T13:00:00Z,anytime,Dominic Calvert-Lewin,0.4762,2.4,2.1,13,
2026-09-16T08:21:15.036432+00:00,44,Leeds,Crystal Palace,2026-09-20T13:00:00Z,anytime,Lukas Nmecha,0.4348,2.6,2.3,13,
2026-09-16T08:21:15.036432+00:00,44,Leeds,Crystal Palace,2026-09-20T13:00:00Z,anytime,Noah Okafor,0.3636,3.2,2.75,13,
2026-09-16T08:21:15.036432+00:00,44,Leeds,Crystal Palace,2026-09-20T13:00:00Z,anytime,Harry Wilson,0.3333,3.4,3.0,13,
2026-09-16T08:21:15.036432+00:00,44,Leeds,Crystal Palace,2026-09-20T13:00:00Z,anytime,Jorgen Larsen,0.2941,3.75,3.4,13,
2026-09-16T08:21:15.036432+00:00,44,Leeds,Crystal Palace,2026-09-20T13:00:00Z,anytime,Daniel James,0.3226,4.0,3.1,9,
2026-09-16T08:21:15.036432+00:00,44,Leeds,Crystal Palace,2026-09-20T13:00:00Z,anytime,Eddie Nketiah,0.2857,4.0,3.5,13,
2026-09-16T08:21:15.036432+00:00,44,Leeds,Crystal Palace,2026-09-20T13:00:00Z,anytime,Ismaila Sarr,0.2899,4.0,3.45,6,
2026-09-16T08:21:15.036432+00:00,44,Leeds,Crystal Palace,2026-09-20T13:00:00Z,anytime,Jean Negoce,0.2667,4.0,3.75,13,
2026-09-16T08:21:15.036432+00:00,44,Leeds,Crystal Palace,2026-09-20T13:00:00Z,anytime,Brenden Aaronson,0.2778,4.0,3.6,13,
2026-09-16T08:21:15.036432+00:00,44,Leeds,Crystal Palace,2026-09-20T13:00:00Z,anytime,Evann Guessand,0.25,4.6,4.0,6,
2026-09-16T08:21:15.036432+00:00,44,Leeds,Crystal Palace,2026-09-20T13:00:00Z,anytime,Anton Stach,0.2632,4.75,3.8,13,
2026-09-16T08:21:15.036432+00:00,44,Leeds,Crystal Palace,2026-09-20T13:00:00Z,anytime,Zavier Gozo,0.2105,5.5,4.75,13,
2026-09-16T08:21:15.036432+00:00,44,Leeds,Crystal Palace,2026-09-20T13:00:00Z,anytime,Yeremy Pino,0.1818,6.0,5.5,13,
2026-09-16T08:21:15.036432+00:00,44,Leeds,Crystal Palace,2026-09-20T13:00:00Z,anytime,Dario Osorio,0.2,6.0,5.0,13,
2026-09-16T08:21:15.036432+00:00,44,Leeds,Crystal Palace,2026-09-20T13:00:00Z,anytime,Ao Tanaka,0.2,6.0,5.0,13,
2026-09-16T08:21:15.036432+00:00,44,Leeds,Crystal Palace,2026-09-20T13:00:00Z,anytime,Sean Longstaff,0.1818,6.0,5.5,9,
2026-09-16T08:21:15.036432+00:00,44,Leeds,Crystal Palace,2026-09-20T13:00:00Z,anytime,Dwight McNeil,0.1739,7.0,5.75,13,
2026-09-16T08:21:15.036432+00:00,44,Leeds,Crystal Palace,2026-09-20T13:00:00Z,anytime,Alfie Cresswell,0.1667,7.5,6.0,5,
2026-09-16T08:21:15.036432+00:00,44,Leeds,Crystal Palace,2026-09-20T13:00:00Z,anytime,Daichi Kamada,0.1333,8.0,7.5,13,
2026-09-16T08:21:15.036432+00:00,44,Leeds,Crystal Palace,2026-09-20T13:00:00Z,anytime,Jayden Bogle,0.1538,9.0,6.5,13,
2026-09-16T08:21:15.036432+00:00,44,Leeds,Crystal Palace,2026-09-20T13:00:00Z,anytime,James Justin,0.1176,9.5,8.5,13,
2026-09-16T08:21:15.036432+00:00,44,Leeds,Crystal Palace,2026-09-20T13:00:00Z,anytime,Quinten Timber,0.1176,9.5,8.5,13,
2026-09-16T08:21:15.036432+00:00,44,Leeds,Crystal Palace,2026-09-20T13:00:00Z,anytime,Jaka Bijol,0.1176,9.5,8.5,13,
2026-09-16T08:21:15.036432+00:00,44,Leeds,Crystal Palace,2026-09-20T13:00:00Z,anytime,Nico Elvedi,0.1176,9.5,8.5,13,
2026-09-16T08:21:15.036432+00:00,44,Leeds,Crystal Palace,2026-09-20T13:00:00Z,anytime,Melvin Bard,0.1,10.0,10.0,13,
2026-09-16T08:21:15.036432+00:00,44,Leeds,Crystal Palace,2026-09-20T13:00:00Z,anytime,Ilia Gruev,0.1176,10.0,8.5,6,
2026-09-16T08:21:15.036432+00:00,44,Leeds,Crystal Palace,2026-09-20T13:00:00Z,anytime,Tarik Muharemovic,0.1176,10.0,8.5,13,
2026-09-16T08:21:15.036432+00:00,44,Leeds,Crystal Palace,2026-09-20T13:00:00Z,anytime,Anan Khalaili,0.1538,10.0,6.5,13,
2026-09-16T08:21:15.036432+00:00,44,Leeds,Crystal Palace,2026-09-20T13:00:00Z,anytime,Ethan Ampadu,0.1053,11.0,9.5,13,
2026-09-16T08:21:15.036432+00:00,44,Leeds,Crystal Palace,2026-09-20T13:00:00Z,anytime,Gabriel Gudmundsson,0.1,11.0,10.0,13,
2026-09-16T08:21:15.036432+00:00,44,Leeds,Crystal Palace,2026-09-20T13:00:00Z,anytime,Jayden Lienou,0.1,11.0,10.0,8,
2026-09-16T08:21:15.036432+00:00,44,Leeds,Crystal Palace,2026-09-20T13:00:00Z,anytime,Jefferson Lerma,0.1,11.0,10.0,9,
2026-09-16T08:21:15.036432+00:00,44,Leeds,Crystal Palace,2026-09-20T13:00:00Z,anytime,Cheick Doucoure,0.1053,12.0,9.5,9,
2026-09-16T08:21:15.036432+00:00,44,Leeds,Crystal Palace,2026-09-20T13:00:00Z,anytime,Adam Wharton,0.0909,12.0,11.0,13,
2026-09-16T08:21:15.036432+00:00,44,Leeds,Crystal Palace,2026-09-20T13:00:00Z,anytime,Ben Chilwell,0.0909,12.0,11.0,13,
2026-09-16T08:21:15.036432+00:00,44,Leeds,Crystal Palace,2026-09-20T13:00:00Z,anytime,Will Hughes,0.1,12.5,10.0,9,
2026-09-16T08:21:15.036432+00:00,44,Leeds,Crystal Palace,2026-09-20T13:00:00Z,anytime,Tyrick Mitchell,0.0833,13.0,12.0,13,
2026-09-16T08:21:15.036432+00:00,44,Leeds,Crystal Palace,2026-09-20T13:00:00Z,anytime,Chris Richards,0.0769,15.0,13.0,13,
2026-09-16T08:21:15.036432+00:00,44,Leeds,Crystal Palace,2026-09-20T13:00:00Z,anytime,Axel Disasi,0.0909,15.0,11.0,5,
2026-09-16T08:21:15.036432+00:00,44,Leeds,Crystal Palace,2026-09-20T13:00:00Z,anytime,Oscar Mingueza,0.0769,15.0,13.0,13,
2026-09-16T08:21:15.036432+00:00,44,Leeds,Crystal Palace,2026-09-20T13:00:00Z,anytime,Takehiro Tomiyasu,0.08,15.0,12.5,13,
2026-09-16T08:21:15.036432+00:00,44,Leeds,Crystal Palace,2026-09-20T13:00:00Z,anytime,Honest Ahanor,0.0667,15.0,15.0,13,
2026-09-16T08:21:15.036432+00:00,44,Leeds,Crystal Palace,2026-09-20T13:00:00Z,anytime,Jaydee Canvot,0.0667,16.0,15.0,13,
2026-09-16T08:21:15.036432+00:00,50,Fulham,Man Utd,2026-09-20T15:30:00Z,1x2,,0.2760/0.2502/0.4739,,,,
2026-09-16T08:21:15.036432+00:00,50,Fulham,Man Utd,2026-09-20T15:30:00Z,anytime,Benjamin Sesko,0.4444,2.35,2.25,13,
2026-09-16T08:21:15.036432+00:00,50,Fulham,Man Utd,2026-09-20T15:30:00Z,anytime,Santos Matheus Cunha,0.4,2.9,2.5,13,
2026-09-16T08:21:15.036432+00:00,50,Fulham,Man Utd,2026-09-20T15:30:00Z,anytime,Bryan Mbeumo,0.4167,2.9,2.4,13,
2026-09-16T08:21:15.036432+00:00,50,Fulham,Man Utd,2026-09-20T15:30:00Z,anytime,Rodrigo Muniz,0.3571,3.0,2.8,9,
2026-09-16T08:21:15.036432+00:00,50,Fulham,Man Utd,2026-09-20T15:30:00Z,anytime,Bruno Fernandes,0.3817,3.1,2.62,13,
2026-09-16T08:21:15.036432+00:00,50,Fulham,Man Utd,2026-09-20T15:30:00Z,anytime,Joshua Zirkzee,0.3636,3.1,2.75,9,
2026-09-16T08:21:15.036432+00:00,50,Fulham,Man Utd,2026-09-20T15:30:00Z,anytime,Gonzalo Garcia,0.3478,3.1,2.875,13,
2026-09-16T08:21:15.036432+00:00,50,Fulham,Man Utd,2026-09-20T15:30:00Z,anytime,Jonah Kusi-Asare,0.339,3.25,2.95,6,
2026-09-16T08:21:15.036432+00:00,50,Fulham,Man Utd,2026-09-20T15:30:00Z,anytime,Marcus Rashford,0.3636,3.5,2.75,13,
2026-09-16T08:21:15.036432+00:00,50,Fulham,Man Utd,2026-09-20T15:30:00Z,anytime,Macauley Zepa,0.2632,4.2,3.8,5,
2026-09-16T08:21:15.036432+00:00,50,Fulham,Man Utd,2026-09-20T15:30:00Z,anytime,Patrick Dorgu,0.25,4.33,4.0,13,
2026-09-16T08:21:15.036432+00:00,50,Fulham,Man Utd,2026-09-20T15:30:00Z,anytime,Joshua King,0.2778,4.33,3.6,13,
2026-09-16T08:21:15.036432+00:00,50,Fulham,Man Utd,2026-09-20T15:30:00Z,anytime,Shea Lacey,0.2721,4.6,3.675,8,
2026-09-16T08:21:15.036432+00:00,50,Fulham,Man Utd,2026-09-20T15:30:00Z,anytime,Kevin Macedo,0.2309,5.0,4.33,13,
2026-09-16T08:21:15.036432+00:00,50,Fulham,Man Utd,2026-09-20T15:30:00Z,anytime,Mason Mount,0.25,5.0,4.0,9,
2026-09-16T08:21:15.036432+00:00,50,Fulham,Man Utd,2026-09-20T15:30:00Z,anytime,Emile Smith Rowe,0.2381,5.0,4.2,13,
2026-09-16T08:21:15.036432+00:00,50,Fulham,Man Utd,2026-09-20T15:30:00Z,anytime,Cesar Palacios,0.2381,5.25,4.2,13,
2026-09-16T08:21:15.036432+00:00,50,Fulham,Man Utd,2026-09-20T15:30:00Z,anytime,Alex Iwobi,0.2,6.0,5.0,13,
2026-09-16T08:21:15.036432+00:00,50,Fulham,Man Utd,2026-09-20T15:30:00Z,anytime,Oscar Bobb,0.2,6.0,5.0,13,
2026-09-16T08:21:15.036432+00:00,50,Fulham,Man Utd,2026-09-20T15:30:00Z,anytime,Youri Tielemans,0.1905,6.5,5.25,13,
2026-09-16T08:21:15.036432+00:00,50,Fulham,Man Utd,2026-09-20T15:30:00Z,anytime,Ryan Sessegnon,0.1739,6.7,5.75,6,
2026-09-16T08:21:15.036432+00:00,50,Fulham,Man Utd,2026-09-20T15:30:00Z,anytime,Tyler Fletcher,0.1818,7.0,5.5,6,
2026-09-16T08:21:15.036432+00:00,50,Fulham,Man Utd,2026-09-20T15:30:00Z,anytime,Shea Charles,0.1429,7.5,7.0,13,
2026-09-16T08:21:15.036432+00:00,50,Fulham,Man Utd,2026-09-20T15:30:00Z,anytime,Manuel Angel,0.16,7.5,6.25,6,
2026-09-16T08:21:15.036432+00:00,50,Fulham,Man Utd,2026-09-20T15:30:00Z,anytime,Andrey Santos,0.1818,7.5,5.5,13,
2026-09-16T08:21:15.036432+00:00,50,Fulham,Man Utd,2026-09-20T15:30:00Z,anytime,Kobbie Mainoo,0.1538,7.5,6.5,13,
2026-09-16T08:21:15.036432+00:00,50,Fulham,Man Utd,2026-09-20T15:30:00Z,anytime,Harry Amass,0.1538,8.0,6.5,6,
2026-09-16T08:21:15.036432+00:00,50,Fulham,Man Utd,2026-09-20T15:30:00Z,anytime,Hugo Larsson,0.1333,8.5,7.5,10,
2026-09-16T08:21:15.036432+00:00,50,Fulham,Man Utd,2026-09-20T15:30:00Z,anytime,Chibby Nwoko,0.1143,9.5,8.75,2,
2026-09-16T08:21:15.036432+00:00,50,Fulham,Man Utd,2026-09-20T15:30:00Z,anytime,Harry Maguire,0.1176,9.5,8.5,13,
2026-09-16T08:21:15.036432+00:00,50,Fulham,Man Utd,2026-09-20T15:30:00Z,anytime,Harrison Reed,0.1176,9.5,8.5,9,
2026-09-16T08:21:15.036432+00:00,50,Fulham,Man Utd,2026-09-20T15:30:00Z,anytime,Matthijs de Ligt,0.1053,9.5,9.5,1,
2026-09-16T08:21:15.036432+00:00,50,Fulham,Man Utd,2026-09-20T15:30:00Z,anytime,Diogo Dalot,0.1053,9.5,9.5,13,
2026-09-16T08:21:15.036432+00:00,50,Fulham,Man Utd,2026-09-20T15:30:00Z,anytime,Sander Berge,0.0909,11.0,11.0,13,
2026-09-16T08:21:15.036432+00:00,50,Fulham,Man Utd,2026-09-20T15:30:00Z,anytime,David Affengruber,0.1,11.5,10.0,10,
2026-09-16T08:21:15.036432+00:00,50,Fulham,Man Utd,2026-09-20T15:30:00Z,anytime,Ayden Heaven,0.0909,12.0,11.0,13,
2026-09-16T08:21:15.036432+00:00,50,Fulham,Man Utd,2026-09-20T15:30:00Z,anytime,Timothy Castagne,0.0909,12.0,11.0,13,
2026-09-16T08:21:15.036432+00:00,50,Fulham,Man Utd,2026-09-20T15:30:00Z,anytime,Noussair Mazraoui,0.0833,13.0,12.0,13,
2026-09-16T08:21:15.036432+00:00,50,Fulham,Man Utd,2026-09-20T15:30:00Z,anytime,Kenny Tete,0.0769,13.0,13.0,13,
2026-09-16T08:21:15.036432+00:00,50,Fulham,Man Utd,2026-09-20T15:30:00Z,anytime,Luke Shaw,0.0909,13.0,11.0,13,
2026-09-16T08:21:15.036432+00:00,50,Fulham,Man Utd,2026-09-20T15:30:00Z,anytime,Bradley Slade,0.1,13.0,10.0,4,
2026-09-16T08:21:15.036432+00:00,50,Fulham,Man Utd,2026-09-20T15:30:00Z,anytime,Leny Yoro,0.0833,13.0,12.0,9,
2026-09-16T08:21:15.036432+00:00,50,Fulham,Man Utd,2026-09-20T15:30:00Z,anytime,Lisandro Martinez,0.087,13.0,11.5,13,
2026-09-16T08:21:15.036432+00:00,50,Fulham,Man Utd,2026-09-20T15:30:00Z,anytime,Calvin Bassey,0.0909,13.0,11.0,13,
2026-09-16T08:21:15.036432+00:00,50,Fulham,Man Utd,2026-09-20T15:30:00Z,anytime,Antonee Robinson,0.1176,13.0,8.5,13,
2026-09-16T08:21:15.036432+00:00,50,Fulham,Man Utd,2026-09-20T15:30:00Z,anytime,Jorge Cuenca,0.0909,15.0,11.0,9,
2026-09-16T08:21:15.036432+00:00,50,Fulham,Man Utd,2026-09-20T15:30:00Z,anytime,Joachim Andersen,0.0769,17.0,13.0,13,
2026-09-16T08:34:45.113392+00:00,41,Brentford,Chelsea,2026-09-18T19:00:00Z,1x2,,0.3343/0.2496/0.4160,,,,
2026-09-16T08:34:45.113392+00:00,41,Brentford,Chelsea,2026-09-18T19:00:00Z,cs_home,,0.1752,,,,
2026-09-16T08:34:45.113392+00:00,41,Brentford,Chelsea,2026-09-18T19:00:00Z,cs_away,,0.2001,,,,
2026-09-16T08:34:45.113392+00:00,41,Brentford,Chelsea,2026-09-18T19:00:00Z,btts,,0.6629,,,,
2026-09-16T08:34:45.113392+00:00,41,Brentford,Chelsea,2026-09-18T19:00:00Z,anytime,Igor Thiago,0.4878,2.31,2.05,21,
2026-09-16T08:34:45.113392+00:00,41,Brentford,Chelsea,2026-09-18T19:00:00Z,anytime,Emanuel Emegha,0.4396,2.53,2.275,12,
2026-09-16T08:34:45.113392+00:00,41,Brentford,Chelsea,2026-09-18T19:00:00Z,anytime,de Jesus Joao Pedro,0.4545,2.45,2.2,23,
2026-09-16T08:34:45.113392+00:00,41,Brentford,Chelsea,2026-09-18T19:00:00Z,anytime,Danny Welbeck,0.4167,2.6,2.4,23,
2026-09-16T08:34:45.113392+00:00,41,Brentford,Chelsea,2026-09-18T19:00:00Z,anytime,Callum Wilson,0.4,2.96,2.5,23,
2026-09-16T08:34:45.113392+00:00,41,Brentford,Chelsea,2026-09-18T19:00:00Z,anytime,Cole Palmer,0.4,3.0,2.5,23,
2026-09-16T08:34:45.113392+00:00,41,Brentford,Chelsea,2026-09-18T19:00:00Z,anytime,Morgan Rogers,0.3333,3.6,3.0,23,
2026-09-16T08:34:45.113392+00:00,41,Brentford,Chelsea,2026-09-18T19:00:00Z,anytime,Estevao,0.3226,3.5,3.1,19,
2026-09-16T08:34:45.113392+00:00,41,Brentford,Chelsea,2026-09-18T19:00:00Z,anytime,Kevin Schade,0.3077,3.89,3.25,23,
2026-09-16T08:34:45.113392+00:00,41,Brentford,Chelsea,2026-09-18T19:00:00Z,anytime,Fabio Carvalho,0.2778,4.04,3.6,17,
2026-09-16T08:34:45.113392+00:00,41,Brentford,Chelsea,2026-09-18T19:00:00Z,anytime,Dango Ouattara,0.2778,4.23,3.6,23,
2026-09-16T08:34:45.113392+00:00,41,Brentford,Chelsea,2026-09-18T19:00:00Z,anytime,Jaidon Anthony,0.2778,4.33,3.6,23,
2026-09-16T08:34:45.113392+00:00,41,Brentford,Chelsea,2026-09-18T19:00:00Z,anytime,Jamie Bynoe-Gittens,0.2667,4.43,3.75,17,
2026-09-16T08:34:45.113392+00:00,41,Brentford,Chelsea,2026-09-18T19:00:00Z,anytime,Geovany Quenda,0.25,4.5,4.0,13,
2026-09-16T08:34:45.113392+00:00,41,Brentford,Chelsea,2026-09-18T19:00:00Z,anytime,Gustavo Nunes Gomes,0.2721,5.0,3.675,18,
2026-09-16T08:34:45.113392+00:00,41,Brentford,Chelsea,2026-09-18T19:00:00Z,anytime,Pedro neto,0.2273,5.8,4.4,23,
2026-09-16T08:34:45.113392+00:00,41,Brentford,Chelsea,2026-09-18T19:00:00Z,anytime,Mikkel Damsgaard,0.2,6.29,5.0,23,
2026-09-16T08:34:45.113392+00:00,41,Brentford,Chelsea,2026-09-18T19:00:00Z,anytime,Mathias Jensen,0.1538,8.0,6.5,17,
2026-09-16T08:34:45.113392+00:00,41,Brentford,Chelsea,2026-09-18T19:00:00Z,anytime,Mamadou Sangare,0.1538,8.0,6.5,23,
2026-09-16T08:34:45.113392+00:00,41,Brentford,Chelsea,2026-09-18T19:00:00Z,anytime,Reece James,0.1333,9.23,7.5,23,
2026-09-16T08:34:45.113392+00:00,41,Brentford,Chelsea,2026-09-18T19:00:00Z,anytime,Valentin Barco,0.1538,8.0,6.5,23,
2026-09-16T08:34:45.113392+00:00,41,Brentford,Chelsea,2026-09-18T19:00:00Z,anytime,Keane Lewis-Potter,0.1429,9.62,7.0,23,
2026-09-16T08:34:45.113392+00:00,41,Brentford,Chelsea,2026-09-18T19:00:00Z,anytime,Nathan Collins,0.1143,9.0,8.75,2,
2026-09-16T08:34:45.113392+00:00,41,Brentford,Chelsea,2026-09-18T19:00:00Z,anytime,El Hadji Diouf,0.1111,9.0,9.0,1,
2026-09-16T08:34:45.113392+00:00,41,Brentford,Chelsea,2026-09-18T19:00:00Z,anytime,Moises Caicedo,0.125,9.5,8.0,15,
2026-09-16T08:34:45.113392+00:00,41,Brentford,Chelsea,2026-09-18T19:00:00Z,anytime,Aaron Anselmino,0.1176,9.5,8.5,11,
2026-09-16T08:34:45.113392+00:00,41,Brentford,Chelsea,2026-09-18T19:00:00Z,anytime,Romeo Lavia,0.1176,10.3,8.5,23,
2026-09-16T08:34:45.113392+00:00,41,Brentford,Chelsea,2026-09-18T19:00:00Z,anytime,Yegor Yarmolyuk,0.125,11.8,8.0,23,
2026-09-16T08:34:45.113392+00:00,41,Brentford,Chelsea,2026-09-18T19:00:00Z,anytime,Vitaly Janelt,0.1176,11.8,8.5,23,
2026-09-16T08:34:45.113392+00:00,41,Brentford,Chelsea,2026-09-18T19:00:00Z,anytime,Pep Chavarria,0.1,13.3,10.0,23,
2026-09-16T08:34:45.113392+00:00,41,Brentford,Chelsea,2026-09-18T19:00:00Z,anytime,Jordan Henderson,0.1053,14.7,9.5,17,
2026-09-16T08:34:45.113392+00:00,41,Brentford,Chelsea,2026-09-18T19:00:00Z,anytime,Josh Acheampong,0.1,12.0,10.0,23,
2026-09-16T08:34:45.113392+00:00,41,Brentford,Chelsea,2026-09-18T19:00:00Z,anytime,Michael Kayode,0.08,16.7,12.5,22,
2026-09-16T08:34:45.113392+00:00,41,Brentford,Chelsea,2026-09-18T19:00:00Z,anytime,Aaron Hickey,0.0833,14.7,12.0,23,
2026-09-16T08:34:45.113392+00:00,41,Brentford,Chelsea,2026-09-18T19:00:00Z,anytime,Maxence Lacroix,0.1,13.0,10.0,23,
2026-09-16T08:34:45.113392+00:00,41,Brentford,Chelsea,2026-09-18T19:00:00Z,anytime,Marco Palestra,0.1176,13.0,8.5,17,
2026-09-16T08:34:45.113392+00:00,41,Brentford,Chelsea,2026-09-18T19:00:00Z,anytime,Malo Gusto,0.1053,13.0,9.5,23,
2026-09-16T08:34:45.113392+00:00,41,Brentford,Chelsea,2026-09-18T19:00:00Z,anytime,Levi Colwill,0.0769,18.6,13.0,23,
2026-09-16T08:34:45.113392+00:00,41,Brentford,Chelsea,2026-09-18T19:00:00Z,anytime,Kristoffer Ajer,0.0769,18.6,13.0,23,
2026-09-16T08:34:45.113392+00:00,41,Brentford,Chelsea,2026-09-18T19:00:00Z,anytime,Jorrel Hato,0.0909,15.0,11.0,23,
2026-09-16T08:34:45.113392+00:00,41,Brentford,Chelsea,2026-09-18T19:00:00Z,anytime,Wesley Fofana,0.0667,19.6,15.0,23,
2026-09-16T08:34:45.113392+00:00,41,Brentford,Chelsea,2026-09-18T19:00:00Z,anytime,Jannik Schuster,0.0833,19.6,12.0,23,
2026-09-16T08:34:45.113392+00:00,41,Brentford,Chelsea,2026-09-18T19:00:00Z,anytime,Rico Henry,0.0769,19.1,13.0,19,
2026-09-16T08:34:45.113392+00:00,48,Spurs,Aston Villa,2026-09-19T11:30:00Z,1x2,,0.4765/0.2581/0.2655,,,,
2026-09-16T08:34:45.113392+00:00,48,Spurs,Aston Villa,2026-09-19T11:30:00Z,cs_home,,0.2867,,,,
2026-09-16T08:34:45.113392+00:00,48,Spurs,Aston Villa,2026-09-19T11:30:00Z,cs_away,,0.1766,,,,
2026-09-16T08:34:45.113392+00:00,48,Spurs,Aston Villa,2026-09-19T11:30:00Z,btts,,0.593,,,,
2026-09-16T08:34:45.113392+00:00,48,Spurs,Aston Villa,2026-09-19T11:30:00Z,anytime,Omar Marmoush,0.3752,2.8,2.665,16,
2026-09-16T08:34:45.113392+00:00,48,Spurs,Aston Villa,2026-09-19T11:30:00Z,anytime,Dominic Solanke,0.4,2.8,2.5,19,
2026-09-16T08:34:45.113392+00:00,48,Spurs,Aston Villa,2026-09-19T11:30:00Z,anytime,Tammy Abraham,0.3226,3.3,3.1,19,
2026-09-16T08:34:45.113392+00:00,48,Spurs,Aston Villa,2026-09-19T11:30:00Z,anytime,Nicolas Jackson,0.3226,3.5,3.1,16,
2026-09-16T08:34:45.113392+00:00,48,Spurs,Aston Villa,2026-09-19T11:30:00Z,anytime,Brian Madjo,0.346,3.6,2.8899999999999997,12,
2026-09-16T08:34:45.113392+00:00,48,Spurs,Aston Villa,2026-09-19T11:30:00Z,anytime,Mathys Tel,0.3077,3.7,3.25,19,
2026-09-16T08:34:45.113392+00:00,48,Spurs,Aston Villa,2026-09-19T11:30:00Z,anytime,Luca Williams-Barnet,0.2941,3.8,3.4,4,
2026-09-16T08:34:45.113392+00:00,48,Spurs,Aston Villa,2026-09-19T11:30:00Z,anytime,James Maddison,0.2899,4.333,3.45,16,
2026-09-16T08:34:45.113392+00:00,48,Spurs,Aston Villa,2026-09-19T11:30:00Z,anytime,Mohammed Kudus,0.25,4.6,4.0,19,
2026-09-16T08:34:45.113392+00:00,48,Spurs,Aston Villa,2026-09-19T11:30:00Z,anytime,Emiliano Buendia,0.2564,4.75,3.9,19,
2026-09-16T08:34:45.113392+00:00,48,Spurs,Aston Villa,2026-09-19T11:30:00Z,anytime,de Oliveira Savio,0.25,4.75,4.0,16,
2026-09-16T08:34:45.113392+00:00,48,Spurs,Aston Villa,2026-09-19T11:30:00Z,anytime,Alejandro Garnacho,0.2265,5.5,4.415,16,
2026-09-16T08:34:45.113392+00:00,48,Spurs,Aston Villa,2026-09-19T11:30:00Z,anytime,Ibrahim Mbaye,0.2083,5.5,4.8,16,
2026-09-16T08:34:45.113392+00:00,48,Spurs,Aston Villa,2026-09-19T11:30:00Z,anytime,Johan Manzambi,0.2105,5.5,4.75,19,
2026-09-16T08:34:45.113392+00:00,48,Spurs,Aston Villa,2026-09-19T11:30:00Z,anytime,Conor Gallagher,0.2,5.75,5.0,19,
2026-09-16T08:34:45.113392+00:00,48,Spurs,Aston Villa,2026-09-19T11:30:00Z,anytime,Mateus Fernandes,0.2,6.0,5.0,19,
2026-09-16T08:34:45.113392+00:00,48,Spurs,Aston Villa,2026-09-19T11:30:00Z,anytime,John McGinn,0.1818,6.0,5.5,19,
2026-09-16T08:34:45.113392+00:00,48,Spurs,Aston Villa,2026-09-19T11:30:00Z,anytime,Alysson Edward,0.2,6.0,5.0,18,
2026-09-16T08:34:45.113392+00:00,48,Spurs,Aston Villa,2026-09-19T11:30:00Z,anytime,Lucas Bergvall,0.1739,6.5,5.75,19,
2026-09-16T08:34:45.113392+00:00,48,Spurs,Aston Villa,2026-09-19T11:30:00Z,anytime,George Hemmings,0.1667,7.0,6.0,19,
2026-09-16T08:34:45.113392+00:00,48,Spurs,Aston Villa,2026-09-19T11:30:00Z,anytime,Ross Barkley,0.1818,7.0,5.5,19,
2026-09-16T08:34:45.113392+00:00,48,Spurs,Aston Villa,2026-09-19T11:30:00Z,anytime,Joao Victor Souza,0.1333,7.5,7.5,1,
2026-09-16T08:34:45.113392+00:00,48,Spurs,Aston Villa,2026-09-19T11:30:00Z,anytime,Sandro Tonali,0.1538,7.5,6.5,19,
2026-09-16T08:34:45.113392+00:00,48,Spurs,Aston Villa,2026-09-19T11:30:00Z,anytime,Pedro Porro,0.1333,8.0,7.5,18,
2026-09-16T08:34:45.113392+00:00,48,Spurs,Aston Villa,2026-09-19T11:30:00Z,anytime,Rodrigo Bentancur,0.1333,8.5,7.5,19,
2026-09-16T08:34:45.113392+00:00,48,Spurs,Aston Villa,2026-09-19T11:30:00Z,anytime,Joao Gomes,0.1176,9.5,8.5,15,
2026-09-16T08:34:45.113392+00:00,48,Spurs,Aston Villa,2026-09-19T11:30:00Z,anytime,Mickey van de Ven,0.1429,9.5,7.0,19,
2026-09-16T08:34:45.113392+00:00,48,Spurs,Aston Villa,2026-09-19T11:30:00Z,anytime,Jan Paul van Hecke,0.1176,10.0,8.5,19,
2026-09-16T08:34:45.113392+00:00,48,Spurs,Aston Villa,2026-09-19T11:30:00Z,anytime,Ian Maatsen,0.1,11.0,10.0,10,
2026-09-16T08:34:45.113392+00:00,48,Spurs,Aston Villa,2026-09-19T11:30:00Z,anytime,Archie Gray,0.125,12.0,8.0,19,
2026-09-16T08:34:45.113392+00:00,48,Spurs,Aston Villa,2026-09-19T11:30:00Z,anytime,Taylor Harwood-Bellis,0.1053,12.0,9.5,16,
2026-09-16T08:34:45.113392+00:00,48,Spurs,Aston Villa,2026-09-19T11:30:00Z,anytime,Tosin Adarabioyo,0.0833,13.0,12.0,13,
2026-09-16T08:34:45.113392+00:00,48,Spurs,Aston Villa,2026-09-19T11:30:00Z,anytime,Ben Davies,0.08,13.0,12.5,16,
2026-09-16T08:34:45.113392+00:00,48,Spurs,Aston Villa,2026-09-19T11:30:00Z,anytime,Matty Cash,0.1111,13.0,9.0,15,
2026-09-16T08:34:45.113392+00:00,48,Spurs,Aston Villa,2026-09-19T11:30:00Z,anytime,Andrew Robertson,0.0909,13.0,11.0,19,
2026-09-16T08:34:45.113392+00:00,48,Spurs,Aston Villa,2026-09-19T11:30:00Z,anytime,Lamare Bogarde,0.08,15.0,12.5,16,
2026-09-16T08:34:45.113392+00:00,48,Spurs,Aston Villa,2026-09-19T11:30:00Z,anytime,Marcos Senesi,0.0833,15.0,12.0,19,
2026-09-16T08:34:45.113392+00:00,48,Spurs,Aston Villa,2026-09-19T11:30:00Z,anytime,Boubacar Kamara,0.0769,15.0,13.0,19,
2026-09-16T08:34:45.113392+00:00,48,Spurs,Aston Villa,2026-09-19T11:30:00Z,anytime,Destiny Udogie,0.08,15.0,12.5,18,
2026-09-16T08:34:45.113392+00:00,48,Spurs,Aston Villa,2026-09-19T11:30:00Z,anytime,Matteo Ruggeri,0.0667,17.0,15.0,16,
2026-09-16T08:34:45.113392+00:00,48,Spurs,Aston Villa,2026-09-19T11:30:00Z,anytime,Pau Torres,0.0667,17.0,15.0,16,
2026-09-16T08:34:45.113392+00:00,48,Spurs,Aston Villa,2026-09-19T11:30:00Z,anytime,Tyrone Mings,0.0833,17.0,12.0,19,
2026-09-16T08:34:45.113392+00:00,48,Spurs,Aston Villa,2026-09-19T11:30:00Z,anytime,Aaron Wan-Bissaka,0.0769,19.0,13.0,16,
2026-09-16T08:34:45.113392+00:00,48,Spurs,Aston Villa,2026-09-19T11:30:00Z,anytime,Victor Lindelof,0.0667,22.0,15.0,19,
2026-09-16T08:34:45.113392+00:00,43,Everton,Ipswich Town,2026-09-19T14:00:00Z,1x2,,0.5392/0.2488/0.2120,,,,
2026-09-16T08:34:45.113392+00:00,43,Everton,Ipswich Town,2026-09-19T14:00:00Z,cs_home,,0.3157,,,,
2026-09-16T08:34:45.113392+00:00,43,Everton,Ipswich Town,2026-09-19T14:00:00Z,cs_away,,0.1597,,,,
2026-09-16T08:34:45.113392+00:00,43,Everton,Ipswich Town,2026-09-19T14:00:00Z,btts,,0.5804,,,,
2026-09-16T08:34:45.113392+00:00,43,Everton,Ipswich Town,2026-09-19T14:00:00Z,anytime,Thierno Barry,0.4188,2.6,2.3875,16,
2026-09-16T08:34:45.113392+00:00,43,Everton,Ipswich Town,2026-09-19T14:00:00Z,anytime,Braiden Graham,0.3704,2.75,2.7,15,
2026-09-16T08:34:45.113392+00:00,43,Everton,Ipswich Town,2026-09-19T14:00:00Z,anytime,Kiernan Dewsbury-Hall,0.3636,3.4,2.75,19,
2026-09-16T08:34:45.113392+00:00,43,Everton,Ipswich Town,2026-09-19T14:00:00Z,anytime,Zian Flemming,0.3226,3.75,3.1,16,
2026-09-16T08:34:45.113392+00:00,43,Everton,Ipswich Town,2026-09-19T14:00:00Z,anytime,Tyrique George,0.3077,3.75,3.25,19,
2026-09-16T08:34:45.113392+00:00,43,Everton,Ipswich Town,2026-09-19T14:00:00Z,anytime,Brennan Johnson,0.303,4.0,3.3,19,
2026-09-16T08:34:45.113392+00:00,43,Everton,Ipswich Town,2026-09-19T14:00:00Z,anytime,Emersonn Silva,0.2667,4.3333335,3.75,18,
2026-09-16T08:34:45.113392+00:00,43,Everton,Ipswich Town,2026-09-19T14:00:00Z,anytime,Chuba Akpom,0.2564,4.5,3.9,16,
2026-09-16T08:34:45.113392+00:00,43,Everton,Ipswich Town,2026-09-19T14:00:00Z,anytime,Carlos Alcaraz,0.2532,4.5,3.95,16,
2026-09-16T08:34:45.113392+00:00,43,Everton,Ipswich Town,2026-09-19T14:00:00Z,anytime,Jack Clarke,0.2439,4.5,4.1,19,
2026-09-16T08:34:45.113392+00:00,43,Everton,Ipswich Town,2026-09-19T14:00:00Z,anytime,Julio Enciso,0.2353,4.75,4.25,19,
2026-09-16T08:34:45.113392+00:00,43,Everton,Ipswich Town,2026-09-19T14:00:00Z,anytime,Anis Mehmeti,0.2439,4.8,4.1,16,
2026-09-16T08:34:45.113392+00:00,43,Everton,Ipswich Town,2026-09-19T14:00:00Z,anytime,Jaden Philogene-Bidace,0.2309,5.0,4.33,19,
2026-09-16T08:34:45.113392+00:00,43,Everton,Ipswich Town,2026-09-19T14:00:00Z,anytime,Jack Grealish,0.2649,5.0,3.775,16,
2026-09-16T08:34:45.113392+00:00,43,Everton,Ipswich Town,2026-09-19T14:00:00Z,anytime,Tyler Dibling,0.2532,5.0,3.95,16,
2026-09-16T08:34:45.113392+00:00,43,Everton,Ipswich Town,2026-09-19T14:00:00Z,anytime,Daizen Maeda,0.2381,5.0,4.2,19,
2026-09-16T08:34:45.113392+00:00,43,Everton,Ipswich Town,2026-09-19T14:00:00Z,anytime,Issahaku Fatawu,0.1905,6.0,5.25,19,
2026-09-16T08:34:45.113392+00:00,43,Everton,Ipswich Town,2026-09-19T14:00:00Z,anytime,Sindre Walle,0.2105,6.0,4.75,12,
2026-09-16T08:34:45.113392+00:00,43,Everton,Ipswich Town,2026-09-19T14:00:00Z,anytime,Kasey McAteer,0.1905,7.0,5.25,16,
2026-09-16T08:34:45.113392+00:00,43,Everton,Ipswich Town,2026-09-19T14:00:00Z,anytime,Harrison Armstrong,0.1667,7.5,6.0,19,
2026-09-16T08:34:45.113392+00:00,43,Everton,Ipswich Town,2026-09-19T14:00:00Z,anytime,James Garner,0.1818,7.5,5.5,19,
2026-09-16T08:34:45.113392+00:00,43,Everton,Ipswich Town,2026-09-19T14:00:00Z,anytime,Merlin Rohl,0.1667,8.0,6.0,19,
2026-09-16T08:34:45.113392+00:00,43,Everton,Ipswich Town,2026-09-19T14:00:00Z,anytime,Harvey Foster,0.1429,8.0,7.0,11,
2026-09-16T08:34:45.113392+00:00,43,Everton,Ipswich Town,2026-09-19T14:00:00Z,anytime,Hayden Hackney,0.1667,8.5,6.0,19,
2026-09-16T08:34:45.113392+00:00,43,Everton,Ipswich Town,2026-09-19T14:00:00Z,anytime,Michael Keane,0.1429,8.5,7.0,19,
2026-09-16T08:34:45.113392+00:00,43,Everton,Ipswich Town,2026-09-19T14:00:00Z,anytime,Christian Norgaard,0.1111,9.0,9.0,5,
2026-09-16T08:34:45.113392+00:00,43,Everton,Ipswich Town,2026-09-19T14:00:00Z,anytime,Ainsley Maitland-Niles,0.1143,10.0,8.75,16,
2026-09-16T08:34:45.113392+00:00,43,Everton,Ipswich Town,2026-09-19T14:00:00Z,anytime,Jake OBrien,0.1176,10.0,8.5,19,
2026-09-16T08:34:45.113392+00:00,43,Everton,Ipswich Town,2026-09-19T14:00:00Z,anytime,Marcelino Nunez,0.1333,10.0,7.5,19,
2026-09-16T08:34:45.113392+00:00,43,Everton,Ipswich Town,2026-09-19T14:00:00Z,anytime,James Tarkowski,0.1176,11.0,8.5,19,
2026-09-16T08:34:45.113392+00:00,43,Everton,Ipswich Town,2026-09-19T14:00:00Z,anytime,Jarrad Branthwaite,0.1176,13.0,8.5,19,
2026-09-16T08:34:45.113392+00:00,43,Everton,Ipswich Town,2026-09-19T14:00:00Z,anytime,Exequiel Palacios,0.1,13.0,10.0,16,
2026-09-16T08:34:45.113392+00:00,43,Everton,Ipswich Town,2026-09-19T14:00:00Z,anytime,Abdoul Ouattara,0.087,13.0,11.5,19,
2026-09-16T08:34:45.113392+00:00,43,Everton,Ipswich Town,2026-09-19T14:00:00Z,anytime,Sasa Lukic,0.0909,13.0,11.0,19,
2026-09-16T08:34:45.113392+00:00,43,Everton,Ipswich Town,2026-09-19T14:00:00Z,anytime,Luis Florentino,0.0833,15.0,12.0,19,
2026-09-16T08:34:45.113392+00:00,43,Everton,Ipswich Town,2026-09-19T14:00:00Z,anytime,Cedric Kipre,0.0769,15.0,13.0,19,
2026-09-16T08:34:45.113392+00:00,43,Everton,Ipswich Town,2026-09-19T14:00:00Z,anytime,Vitaliy Mykolenko,0.0769,17.0,13.0,19,
2026-09-16T08:34:45.113392+00:00,43,Everton,Ipswich Town,2026-09-19T14:00:00Z,anytime,Darnell Furlong,0.0667,17.0,15.0,19,
2026-09-16T08:34:45.113392+00:00,43,Everton,Ipswich Town,2026-09-19T14:00:00Z,anytime,Dara OShea,0.0667,17.0,15.0,19,
2026-09-16T08:34:45.113392+00:00,43,Everton,Ipswich Town,2026-09-19T14:00:00Z,anytime,Azor Matusiwa,0.0769,17.0,13.0,15,
2026-09-16T08:34:45.113392+00:00,43,Everton,Ipswich Town,2026-09-19T14:00:00Z,anytime,Jacob Greaves,0.0667,19.0,15.0,19,
2026-09-16T08:34:45.113392+00:00,43,Everton,Ipswich Town,2026-09-19T14:00:00Z,anytime,Leif Davis,0.0833,21.0,12.0,19,
2026-09-16T08:34:45.113392+00:00,43,Everton,Ipswich Town,2026-09-19T14:00:00Z,anytime,Issa Diop,0.0526,23.0,19.0,19,
2026-09-16T08:34:45.113392+00:00,46,Newcastle,Hull City,2026-09-19T14:00:00Z,1x2,,0.5923/0.2216/0.1861,,,,
2026-09-16T08:34:45.113392+00:00,46,Newcastle,Hull City,2026-09-19T14:00:00Z,cs_home,,0.3227,,,,
2026-09-16T08:34:45.113392+00:00,46,Newcastle,Hull City,2026-09-19T14:00:00Z,cs_away,,0.1326,,,,
2026-09-16T08:34:45.113392+00:00,46,Newcastle,Hull City,2026-09-19T14:00:00Z,btts,,0.5886,,,,
2026-09-16T08:34:45.113392+00:00,46,Newcastle,Hull City,2026-09-19T14:00:00Z,anytime,Yoane Wissa,0.4651,2.5,2.15,19,
2026-09-16T08:34:45.113392+00:00,46,Newcastle,Hull City,2026-09-19T14:00:00Z,anytime,Matias Fernandez-Pardo,0.4,2.8,2.5,16,
2026-09-16T08:34:45.113392+00:00,46,Newcastle,Hull City,2026-09-19T14:00:00Z,anytime,Harvey Barnes,0.3922,2.9,2.55,19,
2026-09-16T08:34:45.113392+00:00,46,Newcastle,Hull City,2026-09-19T14:00:00Z,anytime,Anthony Elanga,0.3448,3.4,2.9,8,
2026-09-16T08:34:45.113392+00:00,46,Newcastle,Hull City,2026-09-19T14:00:00Z,anytime,Oliver McBurnie,0.3125,3.75,3.2,19,
2026-09-16T08:34:45.113392+00:00,46,Newcastle,Hull City,2026-09-19T14:00:00Z,anytime,Bazoumana Toure,0.3226,3.75,3.1,19,
2026-09-16T08:34:45.113392+00:00,46,Newcastle,Hull City,2026-09-19T14:00:00Z,anytime,Jacob Murphy,0.274,4.0,3.6500000000000004,16,
2026-09-16T08:34:45.113392+00:00,46,Newcastle,Hull City,2026-09-19T14:00:00Z,anytime,Robinio Vaz,0.2667,4.333,3.75,13,
2026-09-16T08:34:45.113392+00:00,46,Newcastle,Hull City,2026-09-19T14:00:00Z,anytime,Joe Gelhardt,0.2632,4.5,3.8,19,
2026-09-16T08:34:45.113392+00:00,46,Newcastle,Hull City,2026-09-19T14:00:00Z,anytime,Ilyas Ansah,0.25,4.5,4.0,6,
2026-09-16T08:34:45.113392+00:00,46,Newcastle,Hull City,2026-09-19T14:00:00Z,anytime,Joe Willock,0.25,4.75,4.0,19,
2026-09-16T08:34:45.113392+00:00,46,Newcastle,Hull City,2026-09-19T14:00:00Z,anytime,Jacob Ramsey,0.2381,5.0,4.2,16,
2026-09-16T08:34:45.113392+00:00,46,Newcastle,Hull City,2026-09-19T14:00:00Z,anytime,Mohamed-Ali Cho,0.2439,5.5,4.1,16,
2026-09-16T08:34:45.113392+00:00,46,Newcastle,Hull City,2026-09-19T14:00:00Z,anytime,Sorba Thomas,0.2,5.75,5.0,16,
2026-09-16T08:34:45.113392+00:00,46,Newcastle,Hull City,2026-09-19T14:00:00Z,anytime,Mohamed Belloumi,0.2083,6.0,4.8,19,
2026-09-16T08:34:45.113392+00:00,46,Newcastle,Hull City,2026-09-19T14:00:00Z,anytime,Elliot Stroud,0.2,6.25,5.0,19,
2026-09-16T08:34:45.113392+00:00,46,Newcastle,Hull City,2026-09-19T14:00:00Z,anytime,Nico Gonzalez,0.1667,7.5,6.0,13,
2026-09-16T08:34:45.113392+00:00,46,Newcastle,Hull City,2026-09-19T14:00:00Z,anytime,Jens Hjerto-Dahl,0.1538,7.5,6.5,19,
2026-09-16T08:34:45.113392+00:00,46,Newcastle,Hull City,2026-09-19T14:00:00Z,anytime,Matt Crooks,0.1667,7.5,6.0,19,
2026-09-16T08:34:45.113392+00:00,46,Newcastle,Hull City,2026-09-19T14:00:00Z,anytime,Sean Steur,0.1667,7.5,6.0,19,
2026-09-16T08:34:45.113392+00:00,46,Newcastle,Hull City,2026-09-19T14:00:00Z,anytime,Lewis Miley,0.1667,7.5,6.0,19,
2026-09-16T08:34:45.113392+00:00,46,Newcastle,Hull City,2026-09-19T14:00:00Z,anytime,Oscar Zambrano,0.1429,8.0,7.0,8,
2026-09-16T08:34:45.113392+00:00,46,Newcastle,Hull City,2026-09-19T14:00:00Z,anytime,Aladji Bamba,0.1667,8.5,6.0,19,
2026-09-16T08:34:45.113392+00:00,46,Newcastle,Hull City,2026-09-19T14:00:00Z,anytime,Lewis Hall,0.125,9.5,8.0,19,
2026-09-16T08:34:45.113392+00:00,46,Newcastle,Hull City,2026-09-19T14:00:00Z,anytime,Fabian Schar,0.1538,9.5,6.5,16,
2026-09-16T08:34:45.113392+00:00,46,Newcastle,Hull City,2026-09-19T14:00:00Z,anytime,Abdulkadir Omur,0.1538,9.5,6.5,16,
2026-09-16T08:34:45.113392+00:00,46,Newcastle,Hull City,2026-09-19T14:00:00Z,anytime,Malick Thiaw,0.1333,10.0,7.5,19,
2026-09-16T08:34:45.113392+00:00,46,Newcastle,Hull City,2026-09-19T14:00:00Z,anytime,Amar Dedic,0.125,10.0,8.0,19,
2026-09-16T08:34:45.113392+00:00,46,Newcastle,Hull City,2026-09-19T14:00:00Z,anytime,Hidemasa Morita,0.1026,11.0,9.75,16,
2026-09-16T08:34:45.113392+00:00,46,Newcastle,Hull City,2026-09-19T14:00:00Z,anytime,Paddy McNair,0.1,12.0,10.0,19,
2026-09-16T08:34:45.113392+00:00,46,Newcastle,Hull City,2026-09-19T14:00:00Z,anytime,Nobel Mendy,0.1111,12.0,9.0,8,
2026-09-16T08:34:45.113392+00:00,46,Newcastle,Hull City,2026-09-19T14:00:00Z,anytime,Sven Botman,0.1,12.0,10.0,19,
2026-09-16T08:34:45.113392+00:00,46,Newcastle,Hull City,2026-09-19T14:00:00Z,anytime,Valentino Livramento,0.1,15.0,10.0,16,
2026-09-16T08:34:45.113392+00:00,46,Newcastle,Hull City,2026-09-19T14:00:00Z,anytime,Semi Ajayi,0.0833,15.0,12.0,19,
2026-09-16T08:34:45.113392+00:00,46,Newcastle,Hull City,2026-09-19T14:00:00Z,anytime,Regan Slater,0.0909,15.0,11.0,18,
2026-09-16T08:34:45.113392+00:00,46,Newcastle,Hull City,2026-09-19T14:00:00Z,anytime,Lucas Herrington,0.0714,15.0,14.0,19,
2026-09-16T08:34:45.113392+00:00,46,Newcastle,Hull City,2026-09-19T14:00:00Z,anytime,Timothy Iroegbunam,0.0769,15.0,13.0,16,
2026-09-16T08:34:45.113392+00:00,46,Newcastle,Hull City,2026-09-19T14:00:00Z,anytime,Brooke Norton-Cuffy,0.087,17.0,11.5,16,
2026-09-16T08:34:45.113392+00:00,46,Newcastle,Hull City,2026-09-19T14:00:00Z,anytime,John Egan,0.0769,17.0,13.0,19,
2026-09-16T08:34:45.113392+00:00,46,Newcastle,Hull City,2026-09-19T14:00:00Z,anytime,Lucas Gourna-Douath,0.0833,17.0,12.0,19,
2026-09-16T08:34:45.113392+00:00,46,Newcastle,Hull City,2026-09-19T14:00:00Z,anytime,Matt Targett,0.0769,17.0,13.0,19,
2026-09-16T08:34:45.113392+00:00,46,Newcastle,Hull City,2026-09-19T14:00:00Z,anytime,Ryan Giles,0.0769,19.0,13.0,19,
2026-09-16T08:34:45.113392+00:00,46,Newcastle,Hull City,2026-09-19T14:00:00Z,anytime,Christos Mouzakitis,0.0769,21.0,13.0,16,
2026-09-16T08:34:45.113392+00:00,46,Newcastle,Hull City,2026-09-19T14:00:00Z,anytime,Lewie Coyle,0.0588,23.0,17.0,19,
2026-09-16T08:34:45.113392+00:00,42,Brighton,Arsenal,2026-09-19T14:00:00Z,1x2,,0.2034/0.2462/0.5504,,,,
2026-09-16T08:34:45.113392+00:00,42,Brighton,Arsenal,2026-09-19T14:00:00Z,cs_home,,0.163,,,,
2026-09-16T08:34:45.113392+00:00,42,Brighton,Arsenal,2026-09-19T14:00:00Z,cs_away,,0.3259,,,,
2026-09-16T08:34:45.113392+00:00,42,Brighton,Arsenal,2026-09-19T14:00:00Z,btts,,0.568,,,,
2026-09-16T08:34:45.113392+00:00,42,Brighton,Arsenal,2026-09-19T14:00:00Z,anytime,Viktor Gyokeres,0.4444,2.6,2.25,19,
2026-09-16T08:34:45.113392+00:00,42,Brighton,Arsenal,2026-09-19T14:00:00Z,anytime,Kai Havertz,0.4202,2.75,2.38,19,
2026-09-16T08:34:45.113392+00:00,42,Brighton,Arsenal,2026-09-19T14:00:00Z,anytime,Bukayo Saka,0.3472,3.3,2.88,19,
2026-09-16T08:34:45.113392+00:00,42,Brighton,Arsenal,2026-09-19T14:00:00Z,anytime,Christos Tzolis,0.3226,3.6,3.1,19,
2026-09-16T08:34:45.113392+00:00,42,Brighton,Arsenal,2026-09-19T14:00:00Z,anytime,Noni Madueke,0.2857,4.0,3.5,16,
2026-09-16T08:34:45.113392+00:00,42,Brighton,Arsenal,2026-09-19T14:00:00Z,anytime,Max Dowman,0.2817,4.0,3.55,16,
2026-09-16T08:34:45.113392+00:00,42,Brighton,Arsenal,2026-09-19T14:00:00Z,anytime,Mikel Merino,0.2899,4.0,3.45,16,
2026-09-16T08:34:45.113392+00:00,42,Brighton,Arsenal,2026-09-19T14:00:00Z,anytime,Charalampos Kostoulas,0.2667,4.333,3.75,19,
2026-09-16T08:34:45.113392+00:00,42,Brighton,Arsenal,2026-09-19T14:00:00Z,anytime,Promise David,0.2778,4.333,3.6,19,
2026-09-16T08:34:45.113392+00:00,42,Brighton,Arsenal,2026-09-19T14:00:00Z,anytime,Eberechi Eze,0.2857,4.5,3.5,19,
2026-09-16T08:34:45.113392+00:00,42,Brighton,Arsenal,2026-09-19T14:00:00Z,anytime,Zadok Yohanna,0.2162,4.75,4.625,2,
2026-09-16T08:34:45.113392+00:00,42,Brighton,Arsenal,2026-09-19T14:00:00Z,anytime,Georginio Rutter,0.2309,5.0,4.33,16,
2026-09-16T08:34:45.113392+00:00,42,Brighton,Arsenal,2026-09-19T14:00:00Z,anytime,Shane Nti,0.2,5.25,5.0,4,
2026-09-16T08:34:45.113392+00:00,42,Brighton,Arsenal,2026-09-19T14:00:00Z,anytime,Martin Odegaard,0.2381,5.25,4.2,19,
2026-09-16T08:34:45.113392+00:00,42,Brighton,Arsenal,2026-09-19T14:00:00Z,anytime,Diego Gomez,0.2,5.5,5.0,19,
2026-09-16T08:34:45.113392+00:00,42,Brighton,Arsenal,2026-09-19T14:00:00Z,anytime,Moura Bruno Guimaraes,0.2222,6.0,4.5,19,
2026-09-16T08:34:45.113392+00:00,42,Brighton,Arsenal,2026-09-19T14:00:00Z,anytime,Matt ORiley,0.177,6.5,5.65,16,
2026-09-16T08:34:45.113392+00:00,42,Brighton,Arsenal,2026-09-19T14:00:00Z,anytime,Ibrahim Osman,0.1818,6.5,5.5,19,
2026-09-16T08:34:45.113392+00:00,42,Brighton,Arsenal,2026-09-19T14:00:00Z,anytime,Younes Ibrahim,0.1818,7.0,5.5,11,
2026-09-16T08:34:45.113392+00:00,42,Brighton,Arsenal,2026-09-19T14:00:00Z,anytime,Malick Yalcouye,0.1724,7.5,5.8,19,
2026-09-16T08:34:45.113392+00:00,42,Brighton,Arsenal,2026-09-19T14:00:00Z,anytime,Declan Rice,0.1667,7.5,6.0,19,
2026-09-16T08:34:45.113392+00:00,42,Brighton,Arsenal,2026-09-19T14:00:00Z,anytime,Nehemiah Oriola,0.1538,7.5,6.5,12,
2026-09-16T08:34:45.113392+00:00,42,Brighton,Arsenal,2026-09-19T14:00:00Z,anytime,Yasin Ayari,0.1429,8.0,7.0,19,
2026-09-16T08:34:45.113392+00:00,42,Brighton,Arsenal,2026-09-19T14:00:00Z,anytime,Martin Zubimendi,0.1429,8.0,7.0,19,
2026-09-16T08:34:45.113392+00:00,42,Brighton,Arsenal,2026-09-19T14:00:00Z,anytime,Maxim De Cuyper,0.1538,8.5,6.5,19,
2026-09-16T08:34:45.113392+00:00,42,Brighton,Arsenal,2026-09-19T14:00:00Z,anytime,Magalhaes Gabriel,0.1429,9.5,7.0,19,
2026-09-16T08:34:45.113392+00:00,42,Brighton,Arsenal,2026-09-19T14:00:00Z,anytime,Riccardo Calafiori,0.125,9.5,8.0,19,
2026-09-16T08:34:45.113392+00:00,42,Brighton,Arsenal,2026-09-19T14:00:00Z,anytime,Jurrien Timber,0.1176,10.0,8.5,15,
2026-09-16T08:34:45.113392+00:00,42,Brighton,Arsenal,2026-09-19T14:00:00Z,anytime,Pascal Gross,0.1333,10.0,7.5,19,
2026-09-16T08:34:45.113392+00:00,42,Brighton,Arsenal,2026-09-19T14:00:00Z,anytime,Myles Lewis-Skelly,0.1111,11.0,9.0,19,
2026-09-16T08:34:45.113392+00:00,42,Brighton,Arsenal,2026-09-19T14:00:00Z,anytime,Chema Andres,0.1143,11.0,8.75,16,
2026-09-16T08:34:45.113392+00:00,42,Brighton,Arsenal,2026-09-19T14:00:00Z,anytime,Piero Hincapie,0.1,12.0,10.0,19,
2026-09-16T08:34:45.113392+00:00,42,Brighton,Arsenal,2026-09-19T14:00:00Z,anytime,Luka Vuskovic,0.1053,13.0,9.5,19,
2026-09-16T08:34:45.113392+00:00,42,Brighton,Arsenal,2026-09-19T14:00:00Z,anytime,Ben White,0.1,13.0,10.0,16,
2026-09-16T08:34:45.113392+00:00,42,Brighton,Arsenal,2026-09-19T14:00:00Z,anytime,Ezri Konsa,0.0833,13.0,12.0,16,
2026-09-16T08:34:45.113392+00:00,42,Brighton,Arsenal,2026-09-19T14:00:00Z,anytime,Ferdi Kadioglu,0.0833,14.0,12.0,19,
2026-09-16T08:34:45.113392+00:00,42,Brighton,Arsenal,2026-09-19T14:00:00Z,anytime,Pascal Struijk,0.0769,15.0,13.0,19,
2026-09-16T08:34:45.113392+00:00,42,Brighton,Arsenal,2026-09-19T14:00:00Z,anytime,Cristhian Mosquera,0.0714,17.0,14.0,18,
2026-09-16T08:34:45.113392+00:00,42,Brighton,Arsenal,2026-09-19T14:00:00Z,anytime,Michael Svoboda,0.0769,17.0,13.0,13,
2026-09-16T08:34:45.113392+00:00,42,Brighton,Arsenal,2026-09-19T14:00:00Z,anytime,Jaouen Hadjam,0.0769,17.0,13.0,16,
2026-09-16T08:34:45.113392+00:00,42,Brighton,Arsenal,2026-09-19T14:00:00Z,anytime,Lewis Dunk,0.0667,17.0,15.0,19,
2026-09-16T08:34:45.113392+00:00,42,Brighton,Arsenal,2026-09-19T14:00:00Z,anytime,Marli Salmon,0.0667,21.0,15.0,13,
2026-09-16T08:34:45.113392+00:00,42,Brighton,Arsenal,2026-09-19T14:00:00Z,anytime,Olivier Boscagli,0.0588,22.0,17.0,19,
2026-09-16T08:34:45.113392+00:00,42,Brighton,Arsenal,2026-09-19T14:00:00Z,anytime,Joao Pedro Costinha,0.069,23.0,14.5,16,
2026-09-16T08:34:45.113392+00:00,47,Nott'm Forest,Coventry City,2026-09-19T16:30:00Z,1x2,,0.5731/0.2412/0.1857,,,,
2026-09-16T08:34:45.113392+00:00,47,Nott'm Forest,Coventry City,2026-09-19T16:30:00Z,cs_home,,0.3412,,,,
2026-09-16T08:34:45.113392+00:00,47,Nott'm Forest,Coventry City,2026-09-19T16:30:00Z,cs_away,,0.1602,,,,
2026-09-16T08:34:45.113392+00:00,47,Nott'm Forest,Coventry City,2026-09-19T16:30:00Z,btts,,0.5549,,,,
2026-09-16T08:34:45.113392+00:00,47,Nott'm Forest,Coventry City,2026-09-19T16:30:00Z,anytime,Chris Wood,0.4598,2.5,2.175,16,
2026-09-16T08:34:45.113392+00:00,47,Nott'm Forest,Coventry City,2026-09-19T16:30:00Z,anytime,Igor Jesus,0.4211,2.625,2.375,19,
2026-09-16T08:34:45.113392+00:00,47,Nott'm Forest,Coventry City,2026-09-19T16:30:00Z,anytime,Liam Delap,0.4167,2.625,2.4,16,
2026-09-16T08:34:45.113392+00:00,47,Nott'm Forest,Coventry City,2026-09-19T16:30:00Z,anytime,Morgan Gibbs-White,0.4167,2.7,2.4,19,
2026-09-16T08:34:45.113392+00:00,47,Nott'm Forest,Coventry City,2026-09-19T16:30:00Z,anytime,Arnaud Kalimuendo,0.4082,2.75,2.45,16,
2026-09-16T08:34:45.113392+00:00,47,Nott'm Forest,Coventry City,2026-09-19T16:30:00Z,anytime,Taiwo Awoniyi,0.3077,3.6,3.25,4,
2026-09-16T08:34:45.113392+00:00,47,Nott'm Forest,Coventry City,2026-09-19T16:30:00Z,anytime,Callum Hudson-Odoi,0.2899,3.8,3.45,16,
2026-09-16T08:34:45.113392+00:00,47,Nott'm Forest,Coventry City,2026-09-19T16:30:00Z,anytime,Dan Ndoye,0.2778,4.0,3.6,19,
2026-09-16T08:34:45.113392+00:00,47,Nott'm Forest,Coventry City,2026-09-19T16:30:00Z,anytime,Ellis Simms,0.2941,4.0,3.4,19,
2026-09-16T08:34:45.113392+00:00,47,Nott'm Forest,Coventry City,2026-09-19T16:30:00Z,anytime,Sidiki Cherif,0.2857,4.0,3.5,15,
2026-09-16T08:34:45.113392+00:00,47,Nott'm Forest,Coventry City,2026-09-19T16:30:00Z,anytime,Brandon Thoms-Asante,0.2381,5.0,4.2,19,
2026-09-16T08:34:45.113392+00:00,47,Nott'm Forest,Coventry City,2026-09-19T16:30:00Z,anytime,Ephron Mason-Clark,0.2174,5.5,4.6,19,
2026-09-16T08:34:45.113392+00:00,47,Nott'm Forest,Coventry City,2026-09-19T16:30:00Z,anytime,Yann Gboho,0.2222,5.5,4.5,15,
2026-09-16T08:34:45.113392+00:00,47,Nott'm Forest,Coventry City,2026-09-19T16:30:00Z,anytime,James McAtee,0.25,5.75,4.0,19,
2026-09-16T08:34:45.113392+00:00,47,Nott'm Forest,Coventry City,2026-09-19T16:30:00Z,anytime,Victor Torp,0.1905,6.0,5.25,19,
2026-09-16T08:34:45.113392+00:00,47,Nott'm Forest,Coventry City,2026-09-19T16:30:00Z,anytime,Gustavo Hamer,0.1667,6.5,6.0,19,
2026-09-16T08:34:45.113392+00:00,47,Nott'm Forest,Coventry City,2026-09-19T16:30:00Z,anytime,Loum Tchaouna,0.1818,6.5,5.5,19,
2026-09-16T08:34:45.113392+00:00,47,Nott'm Forest,Coventry City,2026-09-19T16:30:00Z,anytime,Nicolas Dominguez,0.2,6.5,5.0,16,
2026-09-16T08:34:45.113392+00:00,47,Nott'm Forest,Coventry City,2026-09-19T16:30:00Z,anytime,Daniel Munoz,0.1951,7.0,5.125,16,
2026-09-16T08:34:45.113392+00:00,47,Nott'm Forest,Coventry City,2026-09-19T16:30:00Z,anytime,Jack Rudoni,0.2,7.0,5.0,19,
2026-09-16T08:34:45.113392+00:00,47,Nott'm Forest,Coventry City,2026-09-19T16:30:00Z,anytime,Ryan Yates,0.1702,7.5,5.875,16,
2026-09-16T08:34:45.113392+00:00,47,Nott'm Forest,Coventry City,2026-09-19T16:30:00Z,anytime,Ibrahim Sangare,0.16,7.5,6.25,19,
2026-09-16T08:34:45.113392+00:00,47,Nott'm Forest,Coventry City,2026-09-19T16:30:00Z,anytime,Tatsuhiro Sakamoto,0.1667,7.5,6.0,19,
2026-09-16T08:34:45.113392+00:00,47,Nott'm Forest,Coventry City,2026-09-19T16:30:00Z,anytime,Neco Williams,0.1429,8.5,7.0,19,
2026-09-16T08:34:45.113392+00:00,47,Nott'm Forest,Coventry City,2026-09-19T16:30:00Z,anytime,Xaver Schlager,0.1429,9.5,7.0,19,
2026-09-16T08:34:45.113392+00:00,47,Nott'm Forest,Coventry City,2026-09-19T16:30:00Z,anytime,Caleb Yirenkyi,0.125,10.0,8.0,19,
2026-09-16T08:34:45.113392+00:00,47,Nott'm Forest,Coventry City,2026-09-19T16:30:00Z,anytime,Josh Eccles,0.1053,10.0,9.5,2,
2026-09-16T08:34:45.113392+00:00,47,Nott'm Forest,Coventry City,2026-09-19T16:30:00Z,anytime,Luca Netz,0.1053,11.0,9.5,16,
2026-09-16T08:34:45.113392+00:00,47,Nott'm Forest,Coventry City,2026-09-19T16:30:00Z,anytime,Nikola Milenkovic,0.1176,11.0,8.5,13,
2026-09-16T08:34:45.113392+00:00,47,Nott'm Forest,Coventry City,2026-09-19T16:30:00Z,anytime,Ousmane Diomande,0.1,12.0,10.0,19,
2026-09-16T08:34:45.113392+00:00,47,Nott'm Forest,Coventry City,2026-09-19T16:30:00Z,anytime,Matt Grimes,0.0909,13.0,11.0,19,
2026-09-16T08:34:45.113392+00:00,47,Nott'm Forest,Coventry City,2026-09-19T16:30:00Z,anytime,Jair Cunha,0.0909,13.0,11.0,19,
2026-09-16T08:34:45.113392+00:00,47,Nott'm Forest,Coventry City,2026-09-19T16:30:00Z,anytime,Murillo dos Santos,0.1,14.0,10.0,19,
2026-09-16T08:34:45.113392+00:00,47,Nott'm Forest,Coventry City,2026-09-19T16:30:00Z,anytime,Ola Aina,0.1053,14.0,9.5,19,
2026-09-16T08:34:45.113392+00:00,47,Nott'm Forest,Coventry City,2026-09-19T16:30:00Z,anytime,Frank Onyeka,0.1081,15.0,9.25,16,
2026-09-16T08:34:45.113392+00:00,47,Nott'm Forest,Coventry City,2026-09-19T16:30:00Z,anytime,Bobby Thomas,0.1,17.0,10.0,19,
2026-09-16T08:34:45.113392+00:00,47,Nott'm Forest,Coventry City,2026-09-19T16:30:00Z,anytime,Ethan Pinnock,0.0769,19.0,13.0,16,
2026-09-16T08:34:45.113392+00:00,47,Nott'm Forest,Coventry City,2026-09-19T16:30:00Z,anytime,Miguel Brau,0.0556,19.0,18.0,2,
2026-09-16T08:34:45.113392+00:00,47,Nott'm Forest,Coventry City,2026-09-19T16:30:00Z,anytime,Stephen Mfuni,0.0667,21.0,15.0,13,
2026-09-16T08:34:45.113392+00:00,47,Nott'm Forest,Coventry City,2026-09-19T16:30:00Z,anytime,Jay Dasilva,0.0588,22.0,17.0,19,
2026-09-16T08:34:45.113392+00:00,47,Nott'm Forest,Coventry City,2026-09-19T16:30:00Z,anytime,Aurele Amenda,0.0588,22.0,17.0,19,
2026-09-16T08:34:45.113392+00:00,47,Nott'm Forest,Coventry City,2026-09-19T16:30:00Z,anytime,Milan van Ewijk,0.0588,23.0,17.0,19,
2026-09-16T08:34:45.113392+00:00,47,Nott'm Forest,Coventry City,2026-09-19T16:30:00Z,anytime,Joel Latibeaudiere,0.0526,26.0,19.0,16,
2026-09-16T08:34:45.113392+00:00,49,Bournemouth,Liverpool,2026-09-20T13:00:00Z,1x2,,0.3097/0.2478/0.4425,,,,
2026-09-16T08:34:45.113392+00:00,49,Bournemouth,Liverpool,2026-09-20T13:00:00Z,cs_home,,0.1538,,,,
2026-09-16T08:34:45.113392+00:00,49,Bournemouth,Liverpool,2026-09-20T13:00:00Z,cs_away,,0.2134,,,,
2026-09-16T08:34:45.113392+00:00,49,Bournemouth,Liverpool,2026-09-20T13:00:00Z,btts,,0.6712,,,,
2026-09-16T08:34:45.113392+00:00,49,Bournemouth,Liverpool,2026-09-20T13:00:00Z,anytime,Alexander Isak,0.4444,2.4,2.25,13,
2026-09-16T08:34:45.113392+00:00,49,Bournemouth,Liverpool,2026-09-20T13:00:00Z,anytime,Jayden Danns,0.365,3.0,2.74,6,
2026-09-16T08:34:45.113392+00:00,49,Bournemouth,Liverpool,2026-09-20T13:00:00Z,anytime,Evanilson,0.3571,3.15,2.8,13,
2026-09-16T08:34:45.113392+00:00,49,Bournemouth,Liverpool,2026-09-20T13:00:00Z,anytime,Cody Gakpo,0.3636,3.2,2.75,13,
2026-09-16T08:34:45.113392+00:00,49,Bournemouth,Liverpool,2026-09-20T13:00:00Z,anytime,Alvaro Rodriguez,0.3226,3.25,3.1,13,
2026-09-16T08:34:45.113392+00:00,49,Bournemouth,Liverpool,2026-09-20T13:00:00Z,anytime,Daniel Jebbison,0.3226,3.4,3.1,13,
2026-09-16T08:34:45.113392+00:00,49,Bournemouth,Liverpool,2026-09-20T13:00:00Z,anytime,Bradley Barcola,0.339,3.4,2.95,10,
2026-09-16T08:34:45.113392+00:00,49,Bournemouth,Liverpool,2026-09-20T13:00:00Z,anytime,Rayan Vitor,0.3333,3.6,3.0,13,
2026-09-16T08:34:45.113392+00:00,49,Bournemouth,Liverpool,2026-09-20T13:00:00Z,anytime,Lewis Koumas,0.303,3.9,3.3,9,
2026-09-16T08:34:45.113392+00:00,49,Bournemouth,Liverpool,2026-09-20T13:00:00Z,anytime,Amine Adli,0.25,4.0,4.0,1,
2026-09-16T08:34:45.113392+00:00,49,Bournemouth,Liverpool,2026-09-20T13:00:00Z,anytime,David Brooks,0.2667,4.0,3.75,9,
2026-09-16T08:34:45.113392+00:00,49,Bournemouth,Liverpool,2026-09-20T13:00:00Z,anytime,Rio Ngumoha,0.2778,4.0,3.6,13,
2026-09-16T08:34:45.113392+00:00,49,Bournemouth,Liverpool,2026-09-20T13:00:00Z,anytime,Victor Munoz,0.3333,4.0,3.0,13,
2026-09-16T08:34:45.113392+00:00,49,Bournemouth,Liverpool,2026-09-20T13:00:00Z,anytime,Justin Kluivert,0.2667,4.33,3.75,13,
2026-09-16T08:34:45.113392+00:00,49,Bournemouth,Liverpool,2026-09-20T13:00:00Z,anytime,Florian Wirtz,0.2941,4.333,3.4,13,
2026-09-16T08:34:45.113392+00:00,49,Bournemouth,Liverpool,2026-09-20T13:00:00Z,anytime,Marcus Tavernier,0.2381,4.333,4.2,13,
2026-09-16T08:34:45.113392+00:00,49,Bournemouth,Liverpool,2026-09-20T13:00:00Z,anytime,Ben Doak,0.25,4.5,4.0,9,
2026-09-16T08:34:45.113392+00:00,49,Bournemouth,Liverpool,2026-09-20T13:00:00Z,anytime,Dominik Szoboszlai,0.2632,5.0,3.8,13,
2026-09-16T08:34:45.113392+00:00,49,Bournemouth,Liverpool,2026-09-20T13:00:00Z,anytime,James McConnell,0.1667,6.0,6.0,1,
2026-09-16T08:34:45.113392+00:00,49,Bournemouth,Liverpool,2026-09-20T13:00:00Z,anytime,Alexis Mac Allister,0.2,6.0,5.0,13,
2026-09-16T08:34:45.113392+00:00,49,Bournemouth,Liverpool,2026-09-20T13:00:00Z,anytime,Trey Nyoni,0.1905,6.2,5.25,9,
2026-09-16T08:34:45.113392+00:00,49,Bournemouth,Liverpool,2026-09-20T13:00:00Z,anytime,Ryan Christie,0.1739,6.5,5.75,13,
2026-09-16T08:34:45.113392+00:00,49,Bournemouth,Liverpool,2026-09-20T13:00:00Z,anytime,Ryan Gravenberch,0.1538,7.0,6.5,13,
2026-09-16T08:34:45.113392+00:00,49,Bournemouth,Liverpool,2026-09-20T13:00:00Z,anytime,Juanlu Sanchez,0.1667,7.5,6.0,10,
2026-09-16T08:34:45.113392+00:00,49,Bournemouth,Liverpool,2026-09-20T13:00:00Z,anytime,Alex Scott,0.1538,7.5,6.5,13,
2026-09-16T08:34:45.113392+00:00,49,Bournemouth,Liverpool,2026-09-20T13:00:00Z,anytime,Jeremie Frimpong,0.1538,7.5,6.5,13,
2026-09-16T08:34:45.113392+00:00,49,Bournemouth,Liverpool,2026-09-20T13:00:00Z,anytime,Virgil van Dijk,0.16,8.0,6.25,13,
2026-09-16T08:34:45.113392+00:00,49,Bournemouth,Liverpool,2026-09-20T13:00:00Z,anytime,Alex Toth,0.1538,8.5,6.5,6,
2026-09-16T08:34:45.113392+00:00,49,Bournemouth,Liverpool,2026-09-20T13:00:00Z,anytime,Luke Chambers,0.1111,9.0,9.0,1,
2026-09-16T08:34:45.113392+00:00,49,Bournemouth,Liverpool,2026-09-20T13:00:00Z,anytime,Milos Kerkez,0.1176,9.5,8.5,13,
2026-09-16T08:34:45.113392+00:00,49,Bournemouth,Liverpool,2026-09-20T13:00:00Z,anytime,Wataru Endo,0.1333,9.5,7.5,9,
2026-09-16T08:34:45.113392+00:00,49,Bournemouth,Liverpool,2026-09-20T13:00:00Z,anytime,Lewis Cook,0.0909,11.0,11.0,13,
2026-09-16T08:34:45.113392+00:00,49,Bournemouth,Liverpool,2026-09-20T13:00:00Z,anytime,Bafode Diakite,0.0909,11.0,11.0,9,
2026-09-16T08:34:45.113392+00:00,49,Bournemouth,Liverpool,2026-09-20T13:00:00Z,anytime,Antonio Silva,0.0909,11.0,11.0,13,
2026-09-16T08:34:45.113392+00:00,49,Bournemouth,Liverpool,2026-09-20T13:00:00Z,anytime,Ronald Araujo,0.1176,12.0,8.5,13,
2026-09-16T08:34:45.113392+00:00,49,Bournemouth,Liverpool,2026-09-20T13:00:00Z,anytime,Jeremy Jacquet,0.1053,12.0,9.5,13,
2026-09-16T08:34:45.113392+00:00,49,Bournemouth,Liverpool,2026-09-20T13:00:00Z,anytime,Konstantinos Tsimikas,0.1053,12.0,9.5,13,
2026-09-16T08:34:45.113392+00:00,49,Bournemouth,Liverpool,2026-09-20T13:00:00Z,anytime,James Hill,0.087,13.0,11.5,13,
2026-09-16T08:34:45.113392+00:00,49,Bournemouth,Liverpool,2026-09-20T13:00:00Z,anytime,Veljko Milosavljevic,0.0769,13.0,13.0,1,
2026-09-16T08:34:45.113392+00:00,49,Bournemouth,Liverpool,2026-09-20T13:00:00Z,anytime,Adrien Truffert,0.0909,13.0,11.0,13,
2026-09-16T08:34:45.113392+00:00,49,Bournemouth,Liverpool,2026-09-20T13:00:00Z,anytime,Tyler Adams,0.1,13.0,10.0,13,
2026-09-16T08:34:45.113392+00:00,49,Bournemouth,Liverpool,2026-09-20T13:00:00Z,anytime,Julio Soler,0.0769,15.0,13.0,9,
2026-09-16T08:34:45.113392+00:00,49,Bournemouth,Liverpool,2026-09-20T13:00:00Z,anytime,Adam Smith,0.0769,17.0,13.0,13,
2026-09-16T08:34:45.113392+00:00,45,Man City,Sunderland,2026-09-20T13:00:00Z,1x2,,0.7297/0.1712/0.0991,,,,
2026-09-16T08:34:45.113392+00:00,45,Man City,Sunderland,2026-09-20T13:00:00Z,anytime,Erling Haaland,0.6734,1.65,1.4849999999999999,12,
2026-09-16T08:34:45.113392+00:00,45,Man City,Sunderland,2026-09-20T13:00:00Z,anytime,Antoine Semenyo,0.4255,2.8,2.35,12,
2026-09-16T08:34:45.113392+00:00,45,Man City,Sunderland,2026-09-20T13:00:00Z,anytime,Ryan McAidoo,0.367,2.8,2.725,8,
2026-09-16T08:34:45.113392+00:00,45,Man City,Sunderland,2026-09-20T13:00:00Z,anytime,Phil Foden,0.3636,3.1,2.75,5,
2026-09-16T08:34:45.113392+00:00,45,Man City,Sunderland,2026-09-20T13:00:00Z,anytime,Allan Andrade,0.3226,3.1,3.1,1,
2026-09-16T08:34:45.113392+00:00,45,Man City,Sunderland,2026-09-20T13:00:00Z,anytime,Iliman-Cheikh Ndiaye,0.3448,3.3,2.9,12,
2026-09-16T08:34:45.113392+00:00,45,Man City,Sunderland,2026-09-20T13:00:00Z,anytime,Jeremy Doku,0.2778,3.6,3.6,1,
2026-09-16T08:34:45.113392+00:00,45,Man City,Sunderland,2026-09-20T13:00:00Z,anytime,Rayan Cherki,0.4,3.6,2.5,12,
2026-09-16T08:34:45.113392+00:00,45,Man City,Sunderland,2026-09-20T13:00:00Z,anytime,Enzo Fernandez,0.2941,4.0,3.4,12,
2026-09-16T08:34:45.113392+00:00,45,Man City,Sunderland,2026-09-20T13:00:00Z,anytime,Wilson Isidor,0.2304,4.75,4.34,12,
2026-09-16T08:34:45.113392+00:00,45,Man City,Sunderland,2026-09-20T13:00:00Z,anytime,Brian Brobbey,0.2222,4.8,4.5,12,
2026-09-16T08:34:45.113392+00:00,45,Man City,Sunderland,2026-09-20T13:00:00Z,anytime,Juan Angulo,0.2174,5.0,4.6,3,
2026-09-16T08:34:45.113392+00:00,45,Man City,Sunderland,2026-09-20T13:00:00Z,anytime,Nico OReilly,0.2309,5.25,4.33,12,
2026-09-16T08:34:45.113392+00:00,45,Man City,Sunderland,2026-09-20T13:00:00Z,anytime,Malick Fofana,0.1667,6.2,6.0,12,
2026-09-16T08:34:45.113392+00:00,45,Man City,Sunderland,2026-09-20T13:00:00Z,anytime,Elliot Anderson,0.2,6.5,5.0,12,
2026-09-16T08:34:45.113392+00:00,45,Man City,Sunderland,2026-09-20T13:00:00Z,anytime,Timur Tutierov,0.1818,6.7,5.5,5,
2026-09-16T08:34:45.113392+00:00,45,Man City,Sunderland,2026-09-20T13:00:00Z,anytime,Josko Gvardiol,0.1702,7.0,5.875,12,
2026-09-16T08:34:45.113392+00:00,45,Man City,Sunderland,2026-09-20T13:00:00Z,anytime,Mateo Kovacic,0.1732,7.0,5.775,12,
2026-09-16T08:34:45.113392+00:00,45,Man City,Sunderland,2026-09-20T13:00:00Z,anytime,Nilson Angulo,0.16,7.0,6.25,12,
2026-09-16T08:34:45.113392+00:00,45,Man City,Sunderland,2026-09-20T13:00:00Z,anytime,Marc Guehi,0.1667,7.0,6.0,12,
2026-09-16T08:34:45.113392+00:00,45,Man City,Sunderland,2026-09-20T13:00:00Z,anytime,Rayan Ait Nouri,0.1538,7.5,6.5,9,
2026-09-16T08:34:45.113392+00:00,45,Man City,Sunderland,2026-09-20T13:00:00Z,anytime,Enzo Le Fee,0.1538,7.5,6.5,12,
2026-09-16T08:34:45.113392+00:00,45,Man City,Sunderland,2026-09-20T13:00:00Z,anytime,Ayyoub Bouaddi,0.1538,7.5,6.5,12,
2026-09-16T08:34:45.113392+00:00,45,Man City,Sunderland,2026-09-20T13:00:00Z,anytime,Chemsdine Talbi,0.1538,7.5,6.5,9,
2026-09-16T08:34:45.113392+00:00,45,Man City,Sunderland,2026-09-20T13:00:00Z,anytime,Kaden Braithwaite,0.1429,8.5,7.0,5,
2026-09-16T08:34:45.113392+00:00,45,Man City,Sunderland,2026-09-20T13:00:00Z,anytime,Jocelin Ta Bi,0.129,9.0,7.75,6,
2026-09-16T08:34:45.113392+00:00,45,Man City,Sunderland,2026-09-20T13:00:00Z,anytime,Matheus Nunes,0.1212,9.5,8.25,12,
2026-09-16T08:34:45.113392+00:00,45,Man City,Sunderland,2026-09-20T13:00:00Z,anytime,Vitor Reis,0.1176,9.5,8.5,12,
2026-09-16T08:34:45.113392+00:00,45,Man City,Sunderland,2026-09-20T13:00:00Z,anytime,Chris Rigg,0.1111,10.0,9.0,9,
2026-09-16T08:34:45.113392+00:00,45,Man City,Sunderland,2026-09-20T13:00:00Z,anytime,Ruben Dias,0.1053,11.0,9.5,12,
2026-09-16T08:34:45.113392+00:00,45,Man City,Sunderland,2026-09-20T13:00:00Z,anytime,Rico Lewis,0.1111,11.0,9.0,12,
2026-09-16T08:34:45.113392+00:00,45,Man City,Sunderland,2026-09-20T13:00:00Z,anytime,Abduqodir Khusanov,0.1053,11.0,9.5,12,
2026-09-16T08:34:45.113392+00:00,45,Man City,Sunderland,2026-09-20T13:00:00Z,anytime,Alan Browne,0.1053,11.0,9.5,9,
2026-09-16T08:34:45.113392+00:00,45,Man City,Sunderland,2026-09-20T13:00:00Z,anytime,Granit Xhaka,0.0909,11.5,11.0,12,
2026-09-16T08:34:45.113392+00:00,45,Man City,Sunderland,2026-09-20T13:00:00Z,anytime,Daniel Ballard,0.0909,12.0,11.0,12,
2026-09-16T08:34:45.113392+00:00,45,Man City,Sunderland,2026-09-20T13:00:00Z,anytime,Trai Hume,0.1,13.0,10.0,12,
2026-09-16T08:34:45.113392+00:00,45,Man City,Sunderland,2026-09-20T13:00:00Z,anytime,Jules Ahoka,0.0833,13.0,12.0,12,
2026-09-16T08:34:45.113392+00:00,45,Man City,Sunderland,2026-09-20T13:00:00Z,anytime,Thomas Meunier,0.0833,15.0,12.0,12,
2026-09-16T08:34:45.113392+00:00,45,Man City,Sunderland,2026-09-20T13:00:00Z,anytime,Omar Alderete,0.0667,17.0,15.0,12,
2026-09-16T08:34:45.113392+00:00,45,Man City,Sunderland,2026-09-20T13:00:00Z,anytime,Jenson Jones,0.0769,17.0,13.0,5,
2026-09-16T08:34:45.113392+00:00,45,Man City,Sunderland,2026-09-20T13:00:00Z,anytime,Nordi Mukiele,0.0667,17.0,15.0,12,
2026-09-16T08:34:45.113392+00:00,45,Man City,Sunderland,2026-09-20T13:00:00Z,anytime,Noah Sadiki,0.0667,17.0,15.0,12,
2026-09-16T08:34:45.113392+00:00,45,Man City,Sunderland,2026-09-20T13:00:00Z,anytime,Reinildo Mandava,0.0667,19.0,15.0,5,
2026-09-16T08:34:45.113392+00:00,45,Man City,Sunderland,2026-09-20T13:00:00Z,anytime,Kevin Danso,0.05,21.0,20.0,12,
2026-09-16T08:34:45.113392+00:00,45,Man City,Sunderland,2026-09-20T13:00:00Z,anytime,Dayann Methalie,0.0714,21.0,14.0,12,
2026-09-16T08:34:45.113392+00:00,45,Man City,Sunderland,2026-09-20T13:00:00Z,anytime,Luke ONien,0.0625,21.0,16.0,12,
2026-09-16T08:34:45.113392+00:00,44,Leeds,Crystal Palace,2026-09-20T13:00:00Z,1x2,,0.5292/0.2503/0.2205,,,,
2026-09-16T08:34:45.113392+00:00,44,Leeds,Crystal Palace,2026-09-20T13:00:00Z,cs_home,,0.3156,,,,
2026-09-16T08:34:45.113392+00:00,44,Leeds,Crystal Palace,2026-09-20T13:00:00Z,cs_away,,0.1622,,,,
2026-09-16T08:34:45.113392+00:00,44,Leeds,Crystal Palace,2026-09-20T13:00:00Z,btts,,0.5779,,,,
2026-09-16T08:34:45.113392+00:00,44,Leeds,Crystal Palace,2026-09-20T13:00:00Z,anytime,Dominic Calvert-Lewin,0.4762,2.4,2.1,13,
2026-09-16T08:34:45.113392+00:00,44,Leeds,Crystal Palace,2026-09-20T13:00:00Z,anytime,Lukas Nmecha,0.4348,2.6,2.3,13,
2026-09-16T08:34:45.113392+00:00,44,Leeds,Crystal Palace,2026-09-20T13:00:00Z,anytime,Noah Okafor,0.3636,3.2,2.75,13,
2026-09-16T08:34:45.113392+00:00,44,Leeds,Crystal Palace,2026-09-20T13:00:00Z,anytime,Harry Wilson,0.3333,3.4,3.0,13,
2026-09-16T08:34:45.113392+00:00,44,Leeds,Crystal Palace,2026-09-20T13:00:00Z,anytime,Jorgen Larsen,0.2941,3.75,3.4,13,
2026-09-16T08:34:45.113392+00:00,44,Leeds,Crystal Palace,2026-09-20T13:00:00Z,anytime,Jean Negoce,0.2667,4.0,3.75,13,
2026-09-16T08:34:45.113392+00:00,44,Leeds,Crystal Palace,2026-09-20T13:00:00Z,anytime,Brenden Aaronson,0.2778,4.0,3.6,13,
2026-09-16T08:34:45.113392+00:00,44,Leeds,Crystal Palace,2026-09-20T13:00:00Z,anytime,Eddie Nketiah,0.2857,4.0,3.5,13,
2026-09-16T08:34:45.113392+00:00,44,Leeds,Crystal Palace,2026-09-20T13:00:00Z,anytime,Ismaila Sarr,0.2899,4.0,3.45,6,
2026-09-16T08:34:45.113392+00:00,44,Leeds,Crystal Palace,2026-09-20T13:00:00Z,anytime,Daniel James,0.3226,4.0,3.1,9,
2026-09-16T08:34:45.113392+00:00,44,Leeds,Crystal Palace,2026-09-20T13:00:00Z,anytime,Evann Guessand,0.25,4.6,4.0,6,
2026-09-16T08:34:45.113392+00:00,44,Leeds,Crystal Palace,2026-09-20T13:00:00Z,anytime,Anton Stach,0.2632,4.75,3.8,13,
2026-09-16T08:34:45.113392+00:00,44,Leeds,Crystal Palace,2026-09-20T13:00:00Z,anytime,Zavier Gozo,0.2105,5.5,4.75,13,
2026-09-16T08:34:45.113392+00:00,44,Leeds,Crystal Palace,2026-09-20T13:00:00Z,anytime,Yeremy Pino,0.1818,6.0,5.5,13,
2026-09-16T08:34:45.113392+00:00,44,Leeds,Crystal Palace,2026-09-20T13:00:00Z,anytime,Sean Longstaff,0.1818,6.0,5.5,9,
2026-09-16T08:34:45.113392+00:00,44,Leeds,Crystal Palace,2026-09-20T13:00:00Z,anytime,Ao Tanaka,0.2,6.0,5.0,13,
2026-09-16T08:34:45.113392+00:00,44,Leeds,Crystal Palace,2026-09-20T13:00:00Z,anytime,Dario Osorio,0.2,6.0,5.0,13,
2026-09-16T08:34:45.113392+00:00,44,Leeds,Crystal Palace,2026-09-20T13:00:00Z,anytime,Dwight McNeil,0.1739,7.0,5.75,13,
2026-09-16T08:34:45.113392+00:00,44,Leeds,Crystal Palace,2026-09-20T13:00:00Z,anytime,Alfie Cresswell,0.1667,7.5,6.0,5,
2026-09-16T08:34:45.113392+00:00,44,Leeds,Crystal Palace,2026-09-20T13:00:00Z,anytime,Daichi Kamada,0.1333,8.0,7.5,13,
2026-09-16T08:34:45.113392+00:00,44,Leeds,Crystal Palace,2026-09-20T13:00:00Z,anytime,Jayden Bogle,0.1538,9.0,6.5,13,
2026-09-16T08:34:45.113392+00:00,44,Leeds,Crystal Palace,2026-09-20T13:00:00Z,anytime,James Justin,0.1176,9.5,8.5,13,
2026-09-16T08:34:45.113392+00:00,44,Leeds,Crystal Palace,2026-09-20T13:00:00Z,anytime,Quinten Timber,0.1176,9.5,8.5,13,
2026-09-16T08:34:45.113392+00:00,44,Leeds,Crystal Palace,2026-09-20T13:00:00Z,anytime,Nico Elvedi,0.1176,9.5,8.5,13,
2026-09-16T08:34:45.113392+00:00,44,Leeds,Crystal Palace,2026-09-20T13:00:00Z,anytime,Jaka Bijol,0.1176,9.5,8.5,13,
2026-09-16T08:34:45.113392+00:00,44,Leeds,Crystal Palace,2026-09-20T13:00:00Z,anytime,Anan Khalaili,0.1538,10.0,6.5,13,
2026-09-16T08:34:45.113392+00:00,44,Leeds,Crystal Palace,2026-09-20T13:00:00Z,anytime,Melvin Bard,0.1,10.0,10.0,13,
2026-09-16T08:34:45.113392+00:00,44,Leeds,Crystal Palace,2026-09-20T13:00:00Z,anytime,Ilia Gruev,0.1176,10.0,8.5,6,
2026-09-16T08:34:45.113392+00:00,44,Leeds,Crystal Palace,2026-09-20T13:00:00Z,anytime,Tarik Muharemovic,0.1176,10.0,8.5,13,
2026-09-16T08:34:45.113392+00:00,44,Leeds,Crystal Palace,2026-09-20T13:00:00Z,anytime,Jayden Lienou,0.1,11.0,10.0,8,
2026-09-16T08:34:45.113392+00:00,44,Leeds,Crystal Palace,2026-09-20T13:00:00Z,anytime,Ethan Ampadu,0.1053,11.0,9.5,13,
2026-09-16T08:34:45.113392+00:00,44,Leeds,Crystal Palace,2026-09-20T13:00:00Z,anytime,Gabriel Gudmundsson,0.1,11.0,10.0,13,
2026-09-16T08:34:45.113392+00:00,44,Leeds,Crystal Palace,2026-09-20T13:00:00Z,anytime,Jefferson Lerma,0.1,11.0,10.0,9,
2026-09-16T08:34:45.113392+00:00,44,Leeds,Crystal Palace,2026-09-20T13:00:00Z,anytime,Adam Wharton,0.0909,12.0,11.0,13,
2026-09-16T08:34:45.113392+00:00,44,Leeds,Crystal Palace,2026-09-20T13:00:00Z,anytime,Ben Chilwell,0.0909,12.0,11.0,13,
2026-09-16T08:34:45.113392+00:00,44,Leeds,Crystal Palace,2026-09-20T13:00:00Z,anytime,Cheick Doucoure,0.1053,12.0,9.5,9,
2026-09-16T08:34:45.113392+00:00,44,Leeds,Crystal Palace,2026-09-20T13:00:00Z,anytime,Will Hughes,0.1,12.5,10.0,9,
2026-09-16T08:34:45.113392+00:00,44,Leeds,Crystal Palace,2026-09-20T13:00:00Z,anytime,Tyrick Mitchell,0.0833,13.0,12.0,13,
2026-09-16T08:34:45.113392+00:00,44,Leeds,Crystal Palace,2026-09-20T13:00:00Z,anytime,Honest Ahanor,0.0667,15.0,15.0,13,
2026-09-16T08:34:45.113392+00:00,44,Leeds,Crystal Palace,2026-09-20T13:00:00Z,anytime,Takehiro Tomiyasu,0.08,15.0,12.5,13,
2026-09-16T08:34:45.113392+00:00,44,Leeds,Crystal Palace,2026-09-20T13:00:00Z,anytime,Oscar Mingueza,0.0769,15.0,13.0,13,
2026-09-16T08:34:45.113392+00:00,44,Leeds,Crystal Palace,2026-09-20T13:00:00Z,anytime,Axel Disasi,0.0909,15.0,11.0,5,
2026-09-16T08:34:45.113392+00:00,44,Leeds,Crystal Palace,2026-09-20T13:00:00Z,anytime,Chris Richards,0.0769,15.0,13.0,13,
2026-09-16T08:34:45.113392+00:00,44,Leeds,Crystal Palace,2026-09-20T13:00:00Z,anytime,Jaydee Canvot,0.0667,16.0,15.0,13,
2026-09-16T08:34:45.113392+00:00,50,Fulham,Man Utd,2026-09-20T15:30:00Z,1x2,,0.2740/0.2484/0.4777,,,,
2026-09-16T08:34:45.113392+00:00,50,Fulham,Man Utd,2026-09-20T15:30:00Z,anytime,Benjamin Sesko,0.4444,2.35,2.25,13,
2026-09-16T08:34:45.113392+00:00,50,Fulham,Man Utd,2026-09-20T15:30:00Z,anytime,Santos Matheus Cunha,0.4,2.9,2.5,13,
2026-09-16T08:34:45.113392+00:00,50,Fulham,Man Utd,2026-09-20T15:30:00Z,anytime,Bryan Mbeumo,0.4167,2.9,2.4,13,
2026-09-16T08:34:45.113392+00:00,50,Fulham,Man Utd,2026-09-20T15:30:00Z,anytime,Rodrigo Muniz,0.3571,3.0,2.8,9,
2026-09-16T08:34:45.113392+00:00,50,Fulham,Man Utd,2026-09-20T15:30:00Z,anytime,Joshua Zirkzee,0.3636,3.1,2.75,9,
2026-09-16T08:34:45.113392+00:00,50,Fulham,Man Utd,2026-09-20T15:30:00Z,anytime,Bruno Fernandes,0.3817,3.1,2.62,13,
2026-09-16T08:34:45.113392+00:00,50,Fulham,Man Utd,2026-09-20T15:30:00Z,anytime,Gonzalo Garcia,0.3478,3.1,2.875,13,
2026-09-16T08:34:45.113392+00:00,50,Fulham,Man Utd,2026-09-20T15:30:00Z,anytime,Jonah Kusi-Asare,0.339,3.25,2.95,6,
2026-09-16T08:34:45.113392+00:00,50,Fulham,Man Utd,2026-09-20T15:30:00Z,anytime,Marcus Rashford,0.3636,3.5,2.75,13,
2026-09-16T08:34:45.113392+00:00,50,Fulham,Man Utd,2026-09-20T15:30:00Z,anytime,Macauley Zepa,0.2632,4.2,3.8,5,
2026-09-16T08:34:45.113392+00:00,50,Fulham,Man Utd,2026-09-20T15:30:00Z,anytime,Patrick Dorgu,0.25,4.33,4.0,13,
2026-09-16T08:34:45.113392+00:00,50,Fulham,Man Utd,2026-09-20T15:30:00Z,anytime,Joshua King,0.2778,4.33,3.6,13,
2026-09-16T08:34:45.113392+00:00,50,Fulham,Man Utd,2026-09-20T15:30:00Z,anytime,Shea Lacey,0.2667,4.6,3.75,8,
2026-09-16T08:34:45.113392+00:00,50,Fulham,Man Utd,2026-09-20T15:30:00Z,anytime,Mason Mount,0.25,5.0,4.0,9,
2026-09-16T08:34:45.113392+00:00,50,Fulham,Man Utd,2026-09-20T15:30:00Z,anytime,Kevin Macedo,0.2309,5.0,4.33,13,
2026-09-16T08:34:45.113392+00:00,50,Fulham,Man Utd,2026-09-20T15:30:00Z,anytime,Emile Smith Rowe,0.2381,5.0,4.2,13,
2026-09-16T08:34:45.113392+00:00,50,Fulham,Man Utd,2026-09-20T15:30:00Z,anytime,Cesar Palacios,0.2381,5.25,4.2,13,
2026-09-16T08:34:45.113392+00:00,50,Fulham,Man Utd,2026-09-20T15:30:00Z,anytime,Alex Iwobi,0.2,6.0,5.0,13,
2026-09-16T08:34:45.113392+00:00,50,Fulham,Man Utd,2026-09-20T15:30:00Z,anytime,Oscar Bobb,0.2,6.0,5.0,13,
2026-09-16T08:34:45.113392+00:00,50,Fulham,Man Utd,2026-09-20T15:30:00Z,anytime,Youri Tielemans,0.1905,6.5,5.25,13,
2026-09-16T08:34:45.113392+00:00,50,Fulham,Man Utd,2026-09-20T15:30:00Z,anytime,Ryan Sessegnon,0.1739,6.7,5.75,6,
2026-09-16T08:34:45.113392+00:00,50,Fulham,Man Utd,2026-09-20T15:30:00Z,anytime,Tyler Fletcher,0.1818,7.0,5.5,6,
2026-09-16T08:34:45.113392+00:00,50,Fulham,Man Utd,2026-09-20T15:30:00Z,anytime,Manuel Angel,0.16,7.5,6.25,6,
2026-09-16T08:34:45.113392+00:00,50,Fulham,Man Utd,2026-09-20T15:30:00Z,anytime,Kobbie Mainoo,0.1538,7.5,6.5,13,
2026-09-16T08:34:45.113392+00:00,50,Fulham,Man Utd,2026-09-20T15:30:00Z,anytime,Andrey Santos,0.1818,7.5,5.5,13,
2026-09-16T08:34:45.113392+00:00,50,Fulham,Man Utd,2026-09-20T15:30:00Z,anytime,Shea Charles,0.1429,7.5,7.0,13,
2026-09-16T08:34:45.113392+00:00,50,Fulham,Man Utd,2026-09-20T15:30:00Z,anytime,Harry Amass,0.1538,8.0,6.5,6,
2026-09-16T08:34:45.113392+00:00,50,Fulham,Man Utd,2026-09-20T15:30:00Z,anytime,Hugo Larsson,0.1333,8.5,7.5,10,
2026-09-16T08:34:45.113392+00:00,50,Fulham,Man Utd,2026-09-20T15:30:00Z,anytime,Chibby Nwoko,0.1143,9.5,8.75,2,
2026-09-16T08:34:45.113392+00:00,50,Fulham,Man Utd,2026-09-20T15:30:00Z,anytime,Harry Maguire,0.1176,9.5,8.5,13,
2026-09-16T08:34:45.113392+00:00,50,Fulham,Man Utd,2026-09-20T15:30:00Z,anytime,Harrison Reed,0.1176,9.5,8.5,9,
2026-09-16T08:34:45.113392+00:00,50,Fulham,Man Utd,2026-09-20T15:30:00Z,anytime,Matthijs de Ligt,0.1053,9.5,9.5,1,
2026-09-16T08:34:45.113392+00:00,50,Fulham,Man Utd,2026-09-20T15:30:00Z,anytime,Diogo Dalot,0.1053,9.5,9.5,13,
2026-09-16T08:34:45.113392+00:00,50,Fulham,Man Utd,2026-09-20T15:30:00Z,anytime,Sander Berge,0.0909,11.0,11.0,13,
2026-09-16T08:34:45.113392+00:00,50,Fulham,Man Utd,2026-09-20T15:30:00Z,anytime,David Affengruber,0.1,11.5,10.0,10,
2026-09-16T08:34:45.113392+00:00,50,Fulham,Man Utd,2026-09-20T15:30:00Z,anytime,Timothy Castagne,0.0909,12.0,11.0,13,
2026-09-16T08:34:45.113392+00:00,50,Fulham,Man Utd,2026-09-20T15:30:00Z,anytime,Ayden Heaven,0.0909,12.0,11.0,13,
2026-09-16T08:34:45.113392+00:00,50,Fulham,Man Utd,2026-09-20T15:30:00Z,anytime,Noussair Mazraoui,0.0833,13.0,12.0,13,
2026-09-16T08:34:45.113392+00:00,50,Fulham,Man Utd,2026-09-20T15:30:00Z,anytime,Lisandro Martinez,0.087,13.0,11.5,13,
2026-09-16T08:34:45.113392+00:00,50,Fulham,Man Utd,2026-09-20T15:30:00Z,anytime,Luke Shaw,0.0909,13.0,11.0,13,
2026-09-16T08:34:45.113392+00:00,50,Fulham,Man Utd,2026-09-20T15:30:00Z,anytime,Antonee Robinson,0.1176,13.0,8.5,13,
2026-09-16T08:34:45.113392+00:00,50,Fulham,Man Utd,2026-09-20T15:30:00Z,anytime,Leny Yoro,0.0833,13.0,12.0,9,
2026-09-16T08:34:45.113392+00:00,50,Fulham,Man Utd,2026-09-20T15:30:00Z,anytime,Calvin Bassey,0.0909,13.0,11.0,13,
2026-09-16T08:34:45.113392+00:00,50,Fulham,Man Utd,2026-09-20T15:30:00Z,anytime,Kenny Tete,0.0769,13.0,13.0,13,
2026-09-16T08:34:45.113392+00:00,50,Fulham,Man Utd,2026-09-20T15:30:00Z,anytime,Bradley Slade,0.1053,13.0,9.5,5,
2026-09-16T08:34:45.113392+00:00,50,Fulham,Man Utd,2026-09-20T15:30:00Z,anytime,Jorge Cuenca,0.0909,15.0,11.0,9,
2026-09-16T08:34:45.113392+00:00,50,Fulham,Man Utd,2026-09-20T15:30:00Z,anytime,Joachim Andersen,0.0769,17.0,13.0,13,
2026-09-16T08:34:45.113392+00:00,51,Arsenal,Leeds,2026-10-10T11:30:00Z,1x2,,0.7207/0.1814/0.0979,,,,
2026-09-16T08:34:45.113392+00:00,51,Arsenal,Leeds,2026-10-10T11:30:00Z,cs_home,,0.472,,,,
2026-09-16T08:34:45.113392+00:00,51,Arsenal,Leeds,2026-10-10T11:30:00Z,cs_away,,0.1081,,,,
2026-09-16T08:34:45.113392+00:00,51,Arsenal,Leeds,2026-10-10T11:30:00Z,btts,,0.4739,,,,
2026-09-16T08:34:45.113392+00:00,51,Arsenal,Leeds,2026-10-10T11:30:00Z,anytime,Viktor Gyokeres,0.5123,1.952,1.952,1,
2026-09-16T08:34:45.113392+00:00,51,Arsenal,Leeds,2026-10-10T11:30:00Z,anytime,Kai Havertz,0.4762,2.1,2.1,1,
2026-09-16T08:34:45.113392+00:00,51,Arsenal,Leeds,2026-10-10T11:30:00Z,anytime,Bukayo Saka,0.4,2.5,2.5,1,
2026-09-16T08:34:45.113392+00:00,51,Arsenal,Leeds,2026-10-10T11:30:00Z,anytime,Christos Tzolis,0.381,2.625,2.625,1,
2026-09-16T08:34:45.113392+00:00,51,Arsenal,Leeds,2026-10-10T11:30:00Z,anytime,Mikel Merino,0.3226,3.1,3.1,1,
2026-09-16T08:34:45.113392+00:00,51,Arsenal,Leeds,2026-10-10T11:30:00Z,anytime,Noni Madueke,0.3077,3.25,3.25,1,
2026-09-16T08:34:45.113392+00:00,51,Arsenal,Leeds,2026-10-10T11:30:00Z,anytime,Max Dowman,0.3077,3.25,3.25,1,
2026-09-16T08:34:45.113392+00:00,51,Arsenal,Leeds,2026-10-10T11:30:00Z,anytime,Eberechi Eze,0.2667,3.75,3.75,1,
2026-09-16T08:34:45.113392+00:00,51,Arsenal,Leeds,2026-10-10T11:30:00Z,anytime,Martin Odegaard,0.2667,3.75,3.75,1,
2026-09-16T08:34:45.113392+00:00,51,Arsenal,Leeds,2026-10-10T11:30:00Z,anytime,Declan Rice,0.2105,4.75,4.75,1,
2026-09-16T08:34:45.113392+00:00,51,Arsenal,Leeds,2026-10-10T11:30:00Z,anytime,Moura Bruno Guimaraes,0.2105,4.75,4.75,1,
2026-09-16T08:34:45.113392+00:00,51,Arsenal,Leeds,2026-10-10T11:30:00Z,anytime,Magalhaes Gabriel,0.1818,5.5,5.5,1,
2026-09-16T08:34:45.113392+00:00,51,Arsenal,Leeds,2026-10-10T11:30:00Z,anytime,Dominic Calvert-Lewin,0.1818,5.5,5.5,1,
2026-09-16T08:34:45.113392+00:00,51,Arsenal,Leeds,2026-10-10T11:30:00Z,anytime,Lukas Nmecha,0.1667,6.0,6.0,1,
2026-09-16T08:34:45.113392+00:00,51,Arsenal,Leeds,2026-10-10T11:30:00Z,anytime,Noah Okafor,0.1667,6.0,6.0,1,
2026-09-16T08:34:45.113392+00:00,51,Arsenal,Leeds,2026-10-10T11:30:00Z,anytime,Martin Zubimendi,0.1429,7.0,7.0,1,
2026-09-16T08:34:45.113392+00:00,51,Arsenal,Leeds,2026-10-10T11:30:00Z,anytime,Ben White,0.1429,7.0,7.0,1,
2026-09-16T08:34:45.113392+00:00,51,Arsenal,Leeds,2026-10-10T11:30:00Z,anytime,Myles Lewis-Skelly,0.1333,7.5,7.5,1,
2026-09-16T08:34:45.113392+00:00,51,Arsenal,Leeds,2026-10-10T11:30:00Z,anytime,Riccardo Calafiori,0.1333,7.5,7.5,1,
2026-09-16T08:34:45.113392+00:00,51,Arsenal,Leeds,2026-10-10T11:30:00Z,anytime,Harry Wilson,0.1333,7.5,7.5,1,
2026-09-16T08:34:45.113392+00:00,51,Arsenal,Leeds,2026-10-10T11:30:00Z,anytime,Daniel James,0.1176,8.5,8.5,1,
2026-09-16T08:34:45.113392+00:00,51,Arsenal,Leeds,2026-10-10T11:30:00Z,anytime,Brenden Aaronson,0.1176,8.5,8.5,1,
2026-09-16T08:34:45.113392+00:00,51,Arsenal,Leeds,2026-10-10T11:30:00Z,anytime,Piero Hincapie,0.1053,9.5,9.5,1,
2026-09-16T08:34:45.113392+00:00,51,Arsenal,Leeds,2026-10-10T11:30:00Z,anytime,Cristhian Mosquera,0.1053,9.5,9.5,1,
2026-09-16T08:34:45.113392+00:00,51,Arsenal,Leeds,2026-10-10T11:30:00Z,anytime,Jean Negoce,0.1,10.0,10.0,1,
2026-09-16T08:34:45.113392+00:00,51,Arsenal,Leeds,2026-10-10T11:30:00Z,anytime,Ezri Konsa,0.1,10.0,10.0,1,
2026-09-16T08:34:45.113392+00:00,51,Arsenal,Leeds,2026-10-10T11:30:00Z,anytime,Anton Stach,0.0833,12.0,12.0,1,
2026-09-16T08:34:45.113392+00:00,51,Arsenal,Leeds,2026-10-10T11:30:00Z,anytime,Ao Tanaka,0.0833,12.0,12.0,1,
2026-09-16T08:34:45.113392+00:00,51,Arsenal,Leeds,2026-10-10T11:30:00Z,anytime,Sean Longstaff,0.0667,15.0,15.0,1,
2026-09-16T08:34:45.113392+00:00,51,Arsenal,Leeds,2026-10-10T11:30:00Z,anytime,Jayden Bogle,0.0526,19.0,19.0,1,
2026-09-16T08:34:45.113392+00:00,51,Arsenal,Leeds,2026-10-10T11:30:00Z,anytime,Jaka Bijol,0.0526,19.0,19.0,1,
2026-09-16T08:34:45.113392+00:00,51,Arsenal,Leeds,2026-10-10T11:30:00Z,anytime,Ilia Gruev,0.0435,23.0,23.0,1,
2026-09-16T08:34:45.113392+00:00,51,Arsenal,Leeds,2026-10-10T11:30:00Z,anytime,James Justin,0.0435,23.0,23.0,1,
2026-09-16T08:34:45.113392+00:00,51,Arsenal,Leeds,2026-10-10T11:30:00Z,anytime,Gabriel Gudmundsson,0.0435,23.0,23.0,1,
2026-09-16T08:34:45.113392+00:00,51,Arsenal,Leeds,2026-10-10T11:30:00Z,anytime,Melvin Bard,0.0435,23.0,23.0,1,
2026-09-16T08:34:45.113392+00:00,51,Arsenal,Leeds,2026-10-10T11:30:00Z,anytime,Tarik Muharemovic,0.0435,23.0,23.0,1,
2026-09-16T08:34:45.113392+00:00,51,Arsenal,Leeds,2026-10-10T11:30:00Z,anytime,Nico Elvedi,0.0435,23.0,23.0,1,
2026-09-16T08:34:45.113392+00:00,51,Arsenal,Leeds,2026-10-10T11:30:00Z,anytime,Ethan Ampadu,0.0385,26.0,26.0,1,
2026-09-16T08:34:45.113392+00:00,60,Sunderland,Brighton,2026-10-10T14:00:00Z,1x2,,0.3185/0.2799/0.4016,,,,
2026-09-16T08:34:45.113392+00:00,60,Sunderland,Brighton,2026-10-10T14:00:00Z,anytime,Brian Brobbey,0.3226,3.1,3.1,1,
2026-09-16T08:34:45.113392+00:00,60,Sunderland,Brighton,2026-10-10T14:00:00Z,anytime,Promise David,0.3226,3.1,3.1,1,
2026-09-16T08:34:45.113392+00:00,60,Sunderland,Brighton,2026-10-10T14:00:00Z,anytime,Wilson Isidor,0.3226,3.1,3.1,1,
2026-09-16T08:34:45.113392+00:00,60,Sunderland,Brighton,2026-10-10T14:00:00Z,anytime,Charalampos Kostoulas,0.3077,3.25,3.25,1,
2026-09-16T08:34:45.113392+00:00,60,Sunderland,Brighton,2026-10-10T14:00:00Z,anytime,Juan Angulo,0.3077,3.25,3.25,1,
2026-09-16T08:34:45.113392+00:00,60,Sunderland,Brighton,2026-10-10T14:00:00Z,anytime,Malick Fofana,0.2667,3.75,3.75,1,
2026-09-16T08:34:45.113392+00:00,60,Sunderland,Brighton,2026-10-10T14:00:00Z,anytime,Zadok Yohanna,0.2667,3.75,3.75,1,
2026-09-16T08:34:45.113392+00:00,60,Sunderland,Brighton,2026-10-10T14:00:00Z,anytime,Ibrahim Osman,0.2667,3.75,3.75,1,
2026-09-16T08:34:45.113392+00:00,60,Sunderland,Brighton,2026-10-10T14:00:00Z,anytime,Georginio Rutter,0.2667,3.75,3.75,1,
2026-09-16T08:34:45.113392+00:00,60,Sunderland,Brighton,2026-10-10T14:00:00Z,anytime,Diego Gomez,0.25,4.0,4.0,1,
2026-09-16T08:34:45.113392+00:00,60,Sunderland,Brighton,2026-10-10T14:00:00Z,anytime,Chemsdine Talbi,0.2105,4.75,4.75,1,
2026-09-16T08:34:45.113392+00:00,60,Sunderland,Brighton,2026-10-10T14:00:00Z,anytime,Matt ORiley,0.2105,4.75,4.75,1,
2026-09-16T08:34:45.113392+00:00,60,Sunderland,Brighton,2026-10-10T14:00:00Z,anytime,Maxim De Cuyper,0.2105,4.75,4.75,1,
2026-09-16T08:34:45.113392+00:00,60,Sunderland,Brighton,2026-10-10T14:00:00Z,anytime,Nilson Angulo,0.2105,4.75,4.75,1,
2026-09-16T08:34:45.113392+00:00,60,Sunderland,Brighton,2026-10-10T14:00:00Z,anytime,Enzo Le Fee,0.2,5.0,5.0,1,
2026-09-16T08:34:45.113392+00:00,60,Sunderland,Brighton,2026-10-10T14:00:00Z,anytime,Yasin Ayari,0.1667,6.0,6.0,1,
2026-09-16T08:34:45.113392+00:00,60,Sunderland,Brighton,2026-10-10T14:00:00Z,anytime,Jocelin Ta Bi,0.1667,6.0,6.0,1,
2026-09-16T08:34:45.113392+00:00,60,Sunderland,Brighton,2026-10-10T14:00:00Z,anytime,Malick Yalcouye,0.1667,6.0,6.0,1,
2026-09-16T08:34:45.113392+00:00,60,Sunderland,Brighton,2026-10-10T14:00:00Z,anytime,Chris Rigg,0.1667,6.0,6.0,1,
2026-09-16T08:34:45.113392+00:00,60,Sunderland,Brighton,2026-10-10T14:00:00Z,anytime,Chema Andres,0.1538,6.5,6.5,1,
2026-09-16T08:34:45.113392+00:00,60,Sunderland,Brighton,2026-10-10T14:00:00Z,anytime,Pascal Gross,0.1333,7.5,7.5,1,
2026-09-16T08:34:45.113392+00:00,60,Sunderland,Brighton,2026-10-10T14:00:00Z,anytime,Ferdi Kadioglu,0.125,8.0,8.0,1,
2026-09-16T08:34:45.113392+00:00,60,Sunderland,Brighton,2026-10-10T14:00:00Z,anytime,Granit Xhaka,0.125,8.0,8.0,1,
2026-09-16T08:34:45.113392+00:00,60,Sunderland,Brighton,2026-10-10T14:00:00Z,anytime,Alan Browne,0.125,8.0,8.0,1,
2026-09-16T08:34:45.113392+00:00,60,Sunderland,Brighton,2026-10-10T14:00:00Z,anytime,Daniel Ballard,0.125,8.0,8.0,1,
2026-09-16T08:34:45.113392+00:00,60,Sunderland,Brighton,2026-10-10T14:00:00Z,anytime,Trai Hume,0.1176,8.5,8.5,1,
2026-09-16T08:34:45.113392+00:00,60,Sunderland,Brighton,2026-10-10T14:00:00Z,anytime,Dayann Methalie,0.1176,8.5,8.5,1,
2026-09-16T08:34:45.113392+00:00,60,Sunderland,Brighton,2026-10-10T14:00:00Z,anytime,Luka Vuskovic,0.1176,8.5,8.5,1,
2026-09-16T08:34:45.113392+00:00,60,Sunderland,Brighton,2026-10-10T14:00:00Z,anytime,Jules Ahoka,0.1,10.0,10.0,1,
2026-09-16T08:34:45.113392+00:00,60,Sunderland,Brighton,2026-10-10T14:00:00Z,anytime,Thomas Meunier,0.1,10.0,10.0,1,
2026-09-16T08:34:45.113392+00:00,60,Sunderland,Brighton,2026-10-10T14:00:00Z,anytime,Joao Pedro Costinha,0.0909,11.0,11.0,1,
2026-09-16T08:34:45.113392+00:00,60,Sunderland,Brighton,2026-10-10T14:00:00Z,anytime,Lewis Dunk,0.0909,11.0,11.0,1,
2026-09-16T08:34:45.113392+00:00,60,Sunderland,Brighton,2026-10-10T14:00:00Z,anytime,Noah Sadiki,0.0909,11.0,11.0,1,
2026-09-16T08:34:45.113392+00:00,60,Sunderland,Brighton,2026-10-10T14:00:00Z,anytime,Pascal Struijk,0.0909,11.0,11.0,1,
2026-09-16T08:34:45.113392+00:00,60,Sunderland,Brighton,2026-10-10T14:00:00Z,anytime,Michael Svoboda,0.0909,11.0,11.0,1,
2026-09-16T08:34:45.113392+00:00,60,Sunderland,Brighton,2026-10-10T14:00:00Z,anytime,Omar Alderete,0.0909,11.0,11.0,1,
2026-09-16T08:34:45.113392+00:00,60,Sunderland,Brighton,2026-10-10T14:00:00Z,anytime,Luke ONien,0.0769,13.0,13.0,1,
2026-09-16T08:34:45.113392+00:00,60,Sunderland,Brighton,2026-10-10T14:00:00Z,anytime,Olivier Boscagli,0.0769,13.0,13.0,1,
2026-09-16T08:34:45.113392+00:00,60,Sunderland,Brighton,2026-10-10T14:00:00Z,anytime,Nordi Mukiele,0.0769,13.0,13.0,1,
2026-09-16T08:34:45.113392+00:00,60,Sunderland,Brighton,2026-10-10T14:00:00Z,anytime,Kevin Danso,0.0667,15.0,15.0,1,
2026-09-16T08:34:45.113392+00:00,60,Sunderland,Brighton,2026-10-10T14:00:00Z,anytime,Reinildo Mandava,0.0667,15.0,15.0,1,
2026-09-16T08:34:45.113392+00:00,57,Ipswich Town,Fulham,2026-10-10T14:00:00Z,1x2,,0.3551/0.2667/0.3783,,,,
2026-09-16T08:34:45.113392+00:00,57,Ipswich Town,Fulham,2026-10-10T14:00:00Z,cs_home,,0.2365,,,,
2026-09-16T08:34:45.113392+00:00,57,Ipswich Town,Fulham,2026-10-10T14:00:00Z,cs_away,,0.2401,,,,
2026-09-16T08:34:45.113392+00:00,57,Ipswich Town,Fulham,2026-10-10T14:00:00Z,btts,,0.586,,,,
2026-09-16T08:34:45.113392+00:00,57,Ipswich Town,Fulham,2026-10-10T14:00:00Z,anytime,Rodrigo Muniz,0.381,2.625,2.625,1,
2026-09-16T08:34:45.113392+00:00,57,Ipswich Town,Fulham,2026-10-10T14:00:00Z,anytime,Gonzalo Garcia,0.3333,3.0,3.0,1,
2026-09-16T08:34:45.113392+00:00,57,Ipswich Town,Fulham,2026-10-10T14:00:00Z,anytime,Jonah Kusi-Asare,0.3333,3.0,3.0,1,
2026-09-16T08:34:45.113392+00:00,57,Ipswich Town,Fulham,2026-10-10T14:00:00Z,anytime,Anis Mehmeti,0.3333,3.0,3.0,1,
2026-09-16T08:34:45.113392+00:00,57,Ipswich Town,Fulham,2026-10-10T14:00:00Z,anytime,Emersonn Silva,0.3125,3.2,3.2,1,
2026-09-16T08:34:45.113392+00:00,57,Ipswich Town,Fulham,2026-10-10T14:00:00Z,anytime,Zian Flemming,0.3125,3.2,3.2,1,
2026-09-16T08:34:45.113392+00:00,57,Ipswich Town,Fulham,2026-10-10T14:00:00Z,anytime,Emile Smith Rowe,0.2941,3.4,3.4,1,
2026-09-16T08:34:45.113392+00:00,57,Ipswich Town,Fulham,2026-10-10T14:00:00Z,anytime,Chuba Akpom,0.2941,3.4,3.4,1,
2026-09-16T08:34:45.113392+00:00,57,Ipswich Town,Fulham,2026-10-10T14:00:00Z,anytime,Daizen Maeda,0.2857,3.5,3.5,1,
2026-09-16T08:34:45.113392+00:00,57,Ipswich Town,Fulham,2026-10-10T14:00:00Z,anytime,Jaden Philogene-Bidace,0.2857,3.5,3.5,1,
2026-09-16T08:34:45.113392+00:00,57,Ipswich Town,Fulham,2026-10-10T14:00:00Z,anytime,Jack Clarke,0.2667,3.75,3.75,1,
2026-09-16T08:34:45.113392+00:00,57,Ipswich Town,Fulham,2026-10-10T14:00:00Z,anytime,Julio Enciso,0.2667,3.75,3.75,1,
2026-09-16T08:34:45.113392+00:00,57,Ipswich Town,Fulham,2026-10-10T14:00:00Z,anytime,Sindre Walle,0.2667,3.75,3.75,1,
2026-09-16T08:34:45.113392+00:00,57,Ipswich Town,Fulham,2026-10-10T14:00:00Z,anytime,Kevin Macedo,0.2308,4.333,4.333,1,
2026-09-16T08:34:45.113392+00:00,57,Ipswich Town,Fulham,2026-10-10T14:00:00Z,anytime,Joshua King,0.2308,4.333,4.333,1,
2026-09-16T08:34:45.113392+00:00,57,Ipswich Town,Fulham,2026-10-10T14:00:00Z,anytime,Cesar Palacios,0.2308,4.333,4.333,1,
2026-09-16T08:34:45.113392+00:00,57,Ipswich Town,Fulham,2026-10-10T14:00:00Z,anytime,Kasey McAteer,0.2308,4.333,4.333,1,
2026-09-16T08:34:45.113392+00:00,57,Ipswich Town,Fulham,2026-10-10T14:00:00Z,anytime,Issahaku Fatawu,0.2222,4.5,4.5,1,
2026-09-16T08:34:45.113392+00:00,57,Ipswich Town,Fulham,2026-10-10T14:00:00Z,anytime,Alex Iwobi,0.1818,5.5,5.5,1,
2026-09-16T08:34:45.113392+00:00,57,Ipswich Town,Fulham,2026-10-10T14:00:00Z,anytime,Marcelino Nunez,0.1818,5.5,5.5,1,
2026-09-16T08:34:45.113392+00:00,57,Ipswich Town,Fulham,2026-10-10T14:00:00Z,anytime,Oscar Bobb,0.1818,5.5,5.5,1,
2026-09-16T08:34:45.113392+00:00,57,Ipswich Town,Fulham,2026-10-10T14:00:00Z,anytime,Ryan Sessegnon,0.1538,6.5,6.5,1,
2026-09-16T08:34:45.113392+00:00,57,Ipswich Town,Fulham,2026-10-10T14:00:00Z,anytime,Charlie Compton,0.1429,7.0,7.0,1,
2026-09-16T08:34:45.113392+00:00,57,Ipswich Town,Fulham,2026-10-10T14:00:00Z,anytime,Abdoul Ouattara,0.1429,7.0,7.0,1,
2026-09-16T08:34:45.113392+00:00,57,Ipswich Town,Fulham,2026-10-10T14:00:00Z,anytime,Exequiel Palacios,0.1429,7.0,7.0,1,
2026-09-16T08:34:45.113392+00:00,57,Ipswich Town,Fulham,2026-10-10T14:00:00Z,anytime,Shea Charles,0.1333,7.5,7.5,1,
2026-09-16T08:34:45.113392+00:00,57,Ipswich Town,Fulham,2026-10-10T14:00:00Z,anytime,Manuel Angel,0.1333,7.5,7.5,1,
2026-09-16T08:34:45.113392+00:00,57,Ipswich Town,Fulham,2026-10-10T14:00:00Z,anytime,Hugo Larsson,0.1176,8.5,8.5,1,
2026-09-16T08:34:45.113392+00:00,57,Ipswich Town,Fulham,2026-10-10T14:00:00Z,anytime,Timothy Castagne,0.1176,8.5,8.5,1,
2026-09-16T08:34:45.113392+00:00,57,Ipswich Town,Fulham,2026-10-10T14:00:00Z,anytime,Harrison Reed,0.1176,8.5,8.5,1,
2026-09-16T08:34:45.113392+00:00,57,Ipswich Town,Fulham,2026-10-10T14:00:00Z,anytime,Darnell Furlong,0.1053,9.5,9.5,1,
2026-09-16T08:34:45.113392+00:00,57,Ipswich Town,Fulham,2026-10-10T14:00:00Z,anytime,Luis Florentino,0.1053,9.5,9.5,1,
2026-09-16T08:34:45.113392+00:00,57,Ipswich Town,Fulham,2026-10-10T14:00:00Z,anytime,Sasa Lukic,0.1053,9.5,9.5,1,
2026-09-16T08:34:45.113392+00:00,57,Ipswich Town,Fulham,2026-10-10T14:00:00Z,anytime,David Affengruber,0.1053,9.5,9.5,1,
2026-09-16T08:34:45.113392+00:00,57,Ipswich Town,Fulham,2026-10-10T14:00:00Z,anytime,Sander Berge,0.0909,11.0,11.0,1,
2026-09-16T08:34:45.113392+00:00,57,Ipswich Town,Fulham,2026-10-10T14:00:00Z,anytime,Jorge Cuenca,0.0909,11.0,11.0,1,
2026-09-16T08:34:45.113392+00:00,57,Ipswich Town,Fulham,2026-10-10T14:00:00Z,anytime,Dara OShea,0.0833,12.0,12.0,1,
2026-09-16T08:34:45.113392+00:00,57,Ipswich Town,Fulham,2026-10-10T14:00:00Z,anytime,Calvin Bassey,0.0833,12.0,12.0,1,
2026-09-16T08:34:45.113392+00:00,57,Ipswich Town,Fulham,2026-10-10T14:00:00Z,anytime,Leif Davis,0.0833,12.0,12.0,1,
2026-09-16T08:34:45.113392+00:00,57,Ipswich Town,Fulham,2026-10-10T14:00:00Z,anytime,Antonee Robinson,0.0833,12.0,12.0,1,
2026-09-16T08:34:45.113392+00:00,57,Ipswich Town,Fulham,2026-10-10T14:00:00Z,anytime,Kenny Tete,0.0833,12.0,12.0,1,
2026-09-16T08:34:45.113392+00:00,57,Ipswich Town,Fulham,2026-10-10T14:00:00Z,anytime,Cedric Kipre,0.0833,12.0,12.0,1,
2026-09-16T08:34:45.113392+00:00,57,Ipswich Town,Fulham,2026-10-10T14:00:00Z,anytime,Azor Matusiwa,0.0667,15.0,15.0,1,
2026-09-16T08:34:45.113392+00:00,57,Ipswich Town,Fulham,2026-10-10T14:00:00Z,anytime,Jacob Greaves,0.0667,15.0,15.0,1,
2026-09-16T08:34:45.113392+00:00,57,Ipswich Town,Fulham,2026-10-10T14:00:00Z,anytime,Issa Diop,0.0667,15.0,15.0,1,
2026-09-16T08:34:45.113392+00:00,57,Ipswich Town,Fulham,2026-10-10T14:00:00Z,anytime,Joachim Andersen,0.0667,15.0,15.0,1,
2026-09-16T08:34:45.113392+00:00,52,Aston Villa,Brentford,2026-10-10T14:00:00Z,1x2,,0.3894/0.2659/0.3447,,,,
2026-09-16T08:34:45.113392+00:00,52,Aston Villa,Brentford,2026-10-10T14:00:00Z,cs_home,,0.235,,,,
2026-09-16T08:34:45.113392+00:00,52,Aston Villa,Brentford,2026-10-10T14:00:00Z,cs_away,,0.2192,,,,
2026-09-16T08:34:45.113392+00:00,52,Aston Villa,Brentford,2026-10-10T14:00:00Z,btts,,0.6025,,,,
2026-09-16T08:34:45.113392+00:00,52,Aston Villa,Brentford,2026-10-10T14:00:00Z,anytime,Igor Thiago,0.4348,2.3,2.3,1,
2026-09-16T08:34:45.113392+00:00,52,Aston Villa,Brentford,2026-10-10T14:00:00Z,anytime,Tammy Abraham,0.3846,2.6,2.6,1,
2026-09-16T08:34:45.113392+00:00,52,Aston Villa,Brentford,2026-10-10T14:00:00Z,anytime,Nicolas Jackson,0.3636,2.75,2.75,1,
2026-09-16T08:34:45.113392+00:00,52,Aston Villa,Brentford,2026-10-10T14:00:00Z,anytime,Brian Madjo,0.3333,3.0,3.0,1,
2026-09-16T08:34:45.113392+00:00,52,Aston Villa,Brentford,2026-10-10T14:00:00Z,anytime,Callum Wilson,0.3226,3.1,3.1,1,
2026-09-16T08:34:45.113392+00:00,52,Aston Villa,Brentford,2026-10-10T14:00:00Z,anytime,Kevin Schade,0.2941,3.4,3.4,1,
2026-09-16T08:34:45.113392+00:00,52,Aston Villa,Brentford,2026-10-10T14:00:00Z,anytime,Emiliano Buendia,0.25,4.0,4.0,1,
2026-09-16T08:34:45.113392+00:00,52,Aston Villa,Brentford,2026-10-10T14:00:00Z,anytime,Fabio Carvalho,0.25,4.0,4.0,1,
2026-09-16T08:34:45.113392+00:00,52,Aston Villa,Brentford,2026-10-10T14:00:00Z,anytime,Jaidon Anthony,0.25,4.0,4.0,1,
2026-09-16T08:34:45.113392+00:00,52,Aston Villa,Brentford,2026-10-10T14:00:00Z,anytime,Ibrahim Mbaye,0.25,4.0,4.0,1,
2026-09-16T08:34:45.113392+00:00,52,Aston Villa,Brentford,2026-10-10T14:00:00Z,anytime,Dango Ouattara,0.25,4.0,4.0,1,
2026-09-16T08:34:45.113392+00:00,52,Aston Villa,Brentford,2026-10-10T14:00:00Z,anytime,Johan Manzambi,0.2222,4.5,4.5,1,
2026-09-16T08:34:45.113392+00:00,52,Aston Villa,Brentford,2026-10-10T14:00:00Z,anytime,Alejandro Garnacho,0.2222,4.5,4.5,1,
2026-09-16T08:34:45.113392+00:00,52,Aston Villa,Brentford,2026-10-10T14:00:00Z,anytime,Alysson Edward,0.2222,4.5,4.5,1,
2026-09-16T08:34:45.113392+00:00,52,Aston Villa,Brentford,2026-10-10T14:00:00Z,anytime,John McGinn,0.1818,5.5,5.5,1,
2026-09-16T08:34:45.113392+00:00,52,Aston Villa,Brentford,2026-10-10T14:00:00Z,anytime,Gustavo Nunes Gomes,0.1818,5.5,5.5,1,
2026-09-16T08:34:45.113392+00:00,52,Aston Villa,Brentford,2026-10-10T14:00:00Z,anytime,Ross Barkley,0.1667,6.0,6.0,1,
2026-09-16T08:34:45.113392+00:00,52,Aston Villa,Brentford,2026-10-10T14:00:00Z,anytime,Mikkel Damsgaard,0.1667,6.0,6.0,1,
2026-09-16T08:34:45.113392+00:00,52,Aston Villa,Brentford,2026-10-10T14:00:00Z,anytime,George Hemmings,0.1667,6.0,6.0,1,
2026-09-16T08:34:45.113392+00:00,52,Aston Villa,Brentford,2026-10-10T14:00:00Z,anytime,Keane Lewis-Potter,0.1667,6.0,6.0,1,
2026-09-16T08:34:45.113392+00:00,52,Aston Villa,Brentford,2026-10-10T14:00:00Z,anytime,Mamadou Sangare,0.1429,7.0,7.0,1,
2026-09-16T08:34:45.113392+00:00,52,Aston Villa,Brentford,2026-10-10T14:00:00Z,anytime,Joao Gomes,0.1333,7.5,7.5,1,
2026-09-16T08:34:45.113392+00:00,52,Aston Villa,Brentford,2026-10-10T14:00:00Z,anytime,Victor Lindelof,0.1053,9.5,9.5,1,
2026-09-16T08:34:45.113392+00:00,52,Aston Villa,Brentford,2026-10-10T14:00:00Z,anytime,Matty Cash,0.1053,9.5,9.5,1,
2026-09-16T08:34:45.113392+00:00,52,Aston Villa,Brentford,2026-10-10T14:00:00Z,anytime,Jannik Schuster,0.1053,9.5,9.5,1,
2026-09-16T08:34:45.113392+00:00,52,Aston Villa,Brentford,2026-10-10T14:00:00Z,anytime,Mathias Jensen,0.1053,9.5,9.5,1,
2026-09-16T08:34:45.113392+00:00,52,Aston Villa,Brentford,2026-10-10T14:00:00Z,anytime,Yegor Yarmolyuk,0.1053,9.5,9.5,1,
2026-09-16T08:34:45.113392+00:00,52,Aston Villa,Brentford,2026-10-10T14:00:00Z,anytime,Vitaly Janelt,0.1053,9.5,9.5,1,
2026-09-16T08:34:45.113392+00:00,52,Aston Villa,Brentford,2026-10-10T14:00:00Z,anytime,Lamare Bogarde,0.1053,9.5,9.5,1,
2026-09-16T08:34:45.113392+00:00,52,Aston Villa,Brentford,2026-10-10T14:00:00Z,anytime,Ian Maatsen,0.1053,9.5,9.5,1,
2026-09-16T08:34:45.113392+00:00,52,Aston Villa,Brentford,2026-10-10T14:00:00Z,anytime,Nathan Collins,0.1,10.0,10.0,1,
2026-09-16T08:34:45.113392+00:00,52,Aston Villa,Brentford,2026-10-10T14:00:00Z,anytime,Rico Henry,0.1,10.0,10.0,1,
2026-09-16T08:34:45.113392+00:00,52,Aston Villa,Brentford,2026-10-10T14:00:00Z,anytime,Taylor Harwood-Bellis,0.1,10.0,10.0,1,
2026-09-16T08:34:45.113392+00:00,52,Aston Villa,Brentford,2026-10-10T14:00:00Z,anytime,Boubacar Kamara,0.1,10.0,10.0,1,
2026-09-16T08:34:45.113392+00:00,52,Aston Villa,Brentford,2026-10-10T14:00:00Z,anytime,Matteo Ruggeri,0.1,10.0,10.0,1,
2026-09-16T08:34:45.113392+00:00,52,Aston Villa,Brentford,2026-10-10T14:00:00Z,anytime,El Hadji Diouf,0.1,10.0,10.0,1,
2026-09-16T08:34:45.113392+00:00,52,Aston Villa,Brentford,2026-10-10T14:00:00Z,anytime,Tyrone Mings,0.0833,12.0,12.0,1,
2026-09-16T08:34:45.113392+00:00,52,Aston Villa,Brentford,2026-10-10T14:00:00Z,anytime,Pau Torres,0.0833,12.0,12.0,1,
2026-09-16T08:34:45.113392+00:00,52,Aston Villa,Brentford,2026-10-10T14:00:00Z,anytime,Michael Kayode,0.0667,15.0,15.0,1,
2026-09-16T08:34:45.113392+00:00,52,Aston Villa,Brentford,2026-10-10T14:00:00Z,anytime,Aaron Wan-Bissaka,0.0667,15.0,15.0,1,
2026-09-16T08:34:45.113392+00:00,52,Aston Villa,Brentford,2026-10-10T14:00:00Z,anytime,Aaron Hickey,0.0667,15.0,15.0,1,
2026-09-16T08:34:45.113392+00:00,52,Aston Villa,Brentford,2026-10-10T14:00:00Z,anytime,Kristoffer Ajer,0.0667,15.0,15.0,1,
2026-09-16T08:34:45.113392+00:00,53,Chelsea,Bournemouth,2026-10-10T14:00:00Z,1x2,,0.5202/0.2321/0.2476,,,,
2026-09-16T08:34:45.113392+00:00,53,Chelsea,Bournemouth,2026-10-10T14:00:00Z,cs_home,,0.243,,,,
2026-09-16T08:34:45.113392+00:00,53,Chelsea,Bournemouth,2026-10-10T14:00:00Z,cs_away,,0.1319,,,,
2026-09-16T08:34:45.113392+00:00,53,Chelsea,Bournemouth,2026-10-10T14:00:00Z,btts,,0.6606,,,,
2026-09-16T08:34:45.113392+00:00,53,Chelsea,Bournemouth,2026-10-10T14:00:00Z,anytime,de Jesus Joao Pedro,0.4878,2.05,2.05,1,
2026-09-16T08:34:45.113392+00:00,53,Chelsea,Bournemouth,2026-10-10T14:00:00Z,anytime,Cole Palmer,0.4545,2.2,2.2,1,
2026-09-16T08:34:45.113392+00:00,53,Chelsea,Bournemouth,2026-10-10T14:00:00Z,anytime,Danny Welbeck,0.4545,2.2,2.2,1,
2026-09-16T08:34:45.113392+00:00,53,Chelsea,Bournemouth,2026-10-10T14:00:00Z,anytime,Morgan Rogers,0.3636,2.75,2.75,1,
2026-09-16T08:34:45.113392+00:00,53,Chelsea,Bournemouth,2026-10-10T14:00:00Z,anytime,Evanilson,0.3636,2.75,2.75,1,
2026-09-16T08:34:45.113392+00:00,53,Chelsea,Bournemouth,2026-10-10T14:00:00Z,anytime,Estevao,0.3636,2.75,2.75,1,
2026-09-16T08:34:45.113392+00:00,53,Chelsea,Bournemouth,2026-10-10T14:00:00Z,anytime,Pedro neto,0.3077,3.25,3.25,1,
2026-09-16T08:34:45.113392+00:00,53,Chelsea,Bournemouth,2026-10-10T14:00:00Z,anytime,Daniel Jebbison,0.3077,3.25,3.25,1,
2026-09-16T08:34:45.113392+00:00,53,Chelsea,Bournemouth,2026-10-10T14:00:00Z,anytime,Alvaro Rodriguez,0.3077,3.25,3.25,1,
2026-09-16T08:34:45.113392+00:00,53,Chelsea,Bournemouth,2026-10-10T14:00:00Z,anytime,Jamie Bynoe-Gittens,0.2778,3.6,3.6,1,
2026-09-16T08:34:45.113392+00:00,53,Chelsea,Bournemouth,2026-10-10T14:00:00Z,anytime,Rayan Vitor,0.25,4.0,4.0,1,
2026-09-16T08:34:45.113392+00:00,53,Chelsea,Bournemouth,2026-10-10T14:00:00Z,anytime,Justin Kluivert,0.2308,4.333,4.333,1,
2026-09-16T08:34:45.113392+00:00,53,Chelsea,Bournemouth,2026-10-10T14:00:00Z,anytime,David Brooks,0.2308,4.333,4.333,1,
2026-09-16T08:34:45.113392+00:00,53,Chelsea,Bournemouth,2026-10-10T14:00:00Z,anytime,Amine Adli,0.2308,4.333,4.333,1,
2026-09-16T08:34:45.113392+00:00,53,Chelsea,Bournemouth,2026-10-10T14:00:00Z,anytime,Marcus Tavernier,0.2105,4.75,4.75,1,
2026-09-16T08:34:45.113392+00:00,53,Chelsea,Bournemouth,2026-10-10T14:00:00Z,anytime,Ben Doak,0.2105,4.75,4.75,1,
2026-09-16T08:34:45.113392+00:00,53,Chelsea,Bournemouth,2026-10-10T14:00:00Z,anytime,Valentin Barco,0.1667,6.0,6.0,1,
2026-09-16T08:34:45.113392+00:00,53,Chelsea,Bournemouth,2026-10-10T14:00:00Z,anytime,Juanlu Sanchez,0.1667,6.0,6.0,1,
2026-09-16T08:34:45.113392+00:00,53,Chelsea,Bournemouth,2026-10-10T14:00:00Z,anytime,Reece James,0.1538,6.5,6.5,1,
2026-09-16T08:34:45.113392+00:00,53,Chelsea,Bournemouth,2026-10-10T14:00:00Z,anytime,Ryan Christie,0.1429,7.0,7.0,1,
2026-09-16T08:34:45.113392+00:00,53,Chelsea,Bournemouth,2026-10-10T14:00:00Z,anytime,Romeo Lavia,0.1429,7.0,7.0,1,
2026-09-16T08:34:45.113392+00:00,53,Chelsea,Bournemouth,2026-10-10T14:00:00Z,anytime,Alex Scott,0.1429,7.0,7.0,1,
2026-09-16T08:34:45.113392+00:00,53,Chelsea,Bournemouth,2026-10-10T14:00:00Z,anytime,Pep Chavarria,0.125,8.0,8.0,1,
2026-09-16T08:34:45.113392+00:00,53,Chelsea,Bournemouth,2026-10-10T14:00:00Z,anytime,Marco Palestra,0.125,8.0,8.0,1,
2026-09-16T08:34:45.113392+00:00,53,Chelsea,Bournemouth,2026-10-10T14:00:00Z,anytime,Jordan Henderson,0.125,8.0,8.0,1,
2026-09-16T08:34:45.113392+00:00,53,Chelsea,Bournemouth,2026-10-10T14:00:00Z,anytime,Moises Caicedo,0.125,8.0,8.0,1,
2026-09-16T08:34:45.113392+00:00,53,Chelsea,Bournemouth,2026-10-10T14:00:00Z,anytime,Alex Toth,0.1111,9.0,9.0,1,
2026-09-16T08:34:45.113392+00:00,53,Chelsea,Bournemouth,2026-10-10T14:00:00Z,anytime,Maxence Lacroix,0.1111,9.0,9.0,1,
2026-09-16T08:34:45.113392+00:00,53,Chelsea,Bournemouth,2026-10-10T14:00:00Z,anytime,Jorrel Hato,0.1111,9.0,9.0,1,
2026-09-16T08:34:45.113392+00:00,53,Chelsea,Bournemouth,2026-10-10T14:00:00Z,anytime,Malo Gusto,0.1111,9.0,9.0,1,
2026-09-16T08:34:45.113392+00:00,53,Chelsea,Bournemouth,2026-10-10T14:00:00Z,anytime,Wesley Fofana,0.1111,9.0,9.0,1,
2026-09-16T08:34:45.113392+00:00,53,Chelsea,Bournemouth,2026-10-10T14:00:00Z,anytime,Levi Colwill,0.1111,9.0,9.0,1,
2026-09-16T08:34:45.113392+00:00,53,Chelsea,Bournemouth,2026-10-10T14:00:00Z,anytime,Josh Acheampong,0.1111,9.0,9.0,1,
2026-09-16T08:34:45.113392+00:00,53,Chelsea,Bournemouth,2026-10-10T14:00:00Z,anytime,Lewis Cook,0.1,10.0,10.0,1,
2026-09-16T08:34:45.113392+00:00,53,Chelsea,Bournemouth,2026-10-10T14:00:00Z,anytime,James Hill,0.1,10.0,10.0,1,
2026-09-16T08:34:45.113392+00:00,53,Chelsea,Bournemouth,2026-10-10T14:00:00Z,anytime,Bafode Diakite,0.1,10.0,10.0,1,
2026-09-16T08:34:45.113392+00:00,53,Chelsea,Bournemouth,2026-10-10T14:00:00Z,anytime,Antonio Silva,0.1,10.0,10.0,1,
2026-09-16T08:34:45.113392+00:00,53,Chelsea,Bournemouth,2026-10-10T14:00:00Z,anytime,Veljko Milosavljevic,0.0833,12.0,12.0,1,
2026-09-16T08:34:45.113392+00:00,53,Chelsea,Bournemouth,2026-10-10T14:00:00Z,anytime,Adrien Truffert,0.0833,12.0,12.0,1,
2026-09-16T08:34:45.113392+00:00,53,Chelsea,Bournemouth,2026-10-10T14:00:00Z,anytime,Tyler Adams,0.0833,12.0,12.0,1,
2026-09-16T08:34:45.113392+00:00,53,Chelsea,Bournemouth,2026-10-10T14:00:00Z,anytime,Adam Smith,0.0667,15.0,15.0,1,
2026-09-16T08:34:45.113392+00:00,53,Chelsea,Bournemouth,2026-10-10T14:00:00Z,anytime,Julio Soler,0.0667,15.0,15.0,1,
2026-09-16T08:34:45.113392+00:00,59,Man Utd,Spurs,2026-10-10T16:30:00Z,1x2,,0.5754/0.2219/0.2026,,,,
2026-09-16T08:34:45.113392+00:00,59,Man Utd,Spurs,2026-10-10T16:30:00Z,cs_home,,0.2877,,,,
2026-09-16T08:34:45.113392+00:00,59,Man Utd,Spurs,2026-10-10T16:30:00Z,cs_away,,0.1248,,,,
2026-09-16T08:34:45.113392+00:00,59,Man Utd,Spurs,2026-10-10T16:30:00Z,btts,,0.6274,,,,
2026-09-16T08:34:45.113392+00:00,59,Man Utd,Spurs,2026-10-10T16:30:00Z,anytime,Benjamin Sesko,0.5,2.0,2.0,1,
2026-09-16T08:34:45.113392+00:00,59,Man Utd,Spurs,2026-10-10T16:30:00Z,anytime,Bryan Mbeumo,0.3846,2.6,2.6,1,
2026-09-16T08:34:45.113392+00:00,59,Man Utd,Spurs,2026-10-10T16:30:00Z,anytime,Joshua Zirkzee,0.3636,2.75,2.75,1,
2026-09-16T08:34:45.113392+00:00,59,Man Utd,Spurs,2026-10-10T16:30:00Z,anytime,Marcus Rashford,0.3636,2.75,2.75,1,
2026-09-16T08:34:45.113392+00:00,59,Man Utd,Spurs,2026-10-10T16:30:00Z,anytime,Bruno Fernandes,0.3636,2.75,2.75,1,
2026-09-16T08:34:45.113392+00:00,59,Man Utd,Spurs,2026-10-10T16:30:00Z,anytime,Santos Matheus Cunha,0.3636,2.75,2.75,1,
2026-09-16T08:34:45.113392+00:00,59,Man Utd,Spurs,2026-10-10T16:30:00Z,anytime,Patrick Dorgu,0.2857,3.5,3.5,1,
2026-09-16T08:34:45.113392+00:00,59,Man Utd,Spurs,2026-10-10T16:30:00Z,anytime,Dominic Solanke,0.2857,3.5,3.5,1,
2026-09-16T08:34:45.113392+00:00,59,Man Utd,Spurs,2026-10-10T16:30:00Z,anytime,Omar Marmoush,0.2667,3.75,3.75,1,
2026-09-16T08:34:45.113392+00:00,59,Man Utd,Spurs,2026-10-10T16:30:00Z,anytime,Mason Mount,0.2308,4.333,4.333,1,
2026-09-16T08:34:45.113392+00:00,59,Man Utd,Spurs,2026-10-10T16:30:00Z,anytime,Mathys Tel,0.2,5.0,5.0,1,
2026-09-16T08:34:45.113392+00:00,59,Man Utd,Spurs,2026-10-10T16:30:00Z,anytime,Mohammed Kudus,0.2,5.0,5.0,1,
2026-09-16T08:34:45.113392+00:00,59,Man Utd,Spurs,2026-10-10T16:30:00Z,anytime,James Maddison,0.1818,5.5,5.5,1,
2026-09-16T08:34:45.113392+00:00,59,Man Utd,Spurs,2026-10-10T16:30:00Z,anytime,Youri Tielemans,0.1818,5.5,5.5,1,
2026-09-16T08:34:45.113392+00:00,59,Man Utd,Spurs,2026-10-10T16:30:00Z,anytime,Andrey Santos,0.1818,5.5,5.5,1,
2026-09-16T08:34:45.113392+00:00,59,Man Utd,Spurs,2026-10-10T16:30:00Z,anytime,Conor Gallagher,0.1538,6.5,6.5,1,
2026-09-16T08:34:45.113392+00:00,59,Man Utd,Spurs,2026-10-10T16:30:00Z,anytime,de Oliveira Savio,0.1538,6.5,6.5,1,
2026-09-16T08:34:45.113392+00:00,59,Man Utd,Spurs,2026-10-10T16:30:00Z,anytime,Harry Amass,0.1429,7.0,7.0,1,
2026-09-16T08:34:45.113392+00:00,59,Man Utd,Spurs,2026-10-10T16:30:00Z,anytime,Kobbie Mainoo,0.1429,7.0,7.0,1,
2026-09-16T08:34:45.113392+00:00,59,Man Utd,Spurs,2026-10-10T16:30:00Z,anytime,Tyler Fletcher,0.1429,7.0,7.0,1,
2026-09-16T08:34:45.113392+00:00,59,Man Utd,Spurs,2026-10-10T16:30:00Z,anytime,Harry Maguire,0.1176,8.5,8.5,1,
2026-09-16T08:34:45.113392+00:00,59,Man Utd,Spurs,2026-10-10T16:30:00Z,anytime,Mateus Fernandes,0.1176,8.5,8.5,1,
2026-09-16T08:34:45.113392+00:00,59,Man Utd,Spurs,2026-10-10T16:30:00Z,anytime,Matthijs de Ligt,0.1176,8.5,8.5,1,
2026-09-16T08:34:45.113392+00:00,59,Man Utd,Spurs,2026-10-10T16:30:00Z,anytime,Diogo Dalot,0.1176,8.5,8.5,1,
2026-09-16T08:34:45.113392+00:00,59,Man Utd,Spurs,2026-10-10T16:30:00Z,anytime,Lucas Bergvall,0.1176,8.5,8.5,1,
2026-09-16T08:34:45.113392+00:00,59,Man Utd,Spurs,2026-10-10T16:30:00Z,anytime,Mickey van de Ven,0.1053,9.5,9.5,1,
2026-09-16T08:34:45.113392+00:00,59,Man Utd,Spurs,2026-10-10T16:30:00Z,anytime,Ayden Heaven,0.1053,9.5,9.5,1,
2026-09-16T08:34:45.113392+00:00,59,Man Utd,Spurs,2026-10-10T16:30:00Z,anytime,Sandro Tonali,0.1053,9.5,9.5,1,
2026-09-16T08:34:45.113392+00:00,59,Man Utd,Spurs,2026-10-10T16:30:00Z,anytime,Lisandro Martinez,0.0909,11.0,11.0,1,
2026-09-16T08:34:45.113392+00:00,59,Man Utd,Spurs,2026-10-10T16:30:00Z,anytime,Archie Gray,0.0909,11.0,11.0,1,
2026-09-16T08:34:45.113392+00:00,59,Man Utd,Spurs,2026-10-10T16:30:00Z,anytime,Pedro Porro,0.0909,11.0,11.0,1,
2026-09-16T08:34:45.113392+00:00,59,Man Utd,Spurs,2026-10-10T16:30:00Z,anytime,Joao Victor Souza,0.0909,11.0,11.0,1,
2026-09-16T08:34:45.113392+00:00,59,Man Utd,Spurs,2026-10-10T16:30:00Z,anytime,Luke Shaw,0.0909,11.0,11.0,1,
2026-09-16T08:34:45.113392+00:00,59,Man Utd,Spurs,2026-10-10T16:30:00Z,anytime,Rodrigo Bentancur,0.0909,11.0,11.0,1,
2026-09-16T08:34:45.113392+00:00,59,Man Utd,Spurs,2026-10-10T16:30:00Z,anytime,Leny Yoro,0.0909,11.0,11.0,1,
2026-09-16T08:34:45.113392+00:00,59,Man Utd,Spurs,2026-10-10T16:30:00Z,anytime,Noussair Mazraoui,0.0909,11.0,11.0,1,
2026-09-16T08:34:45.113392+00:00,59,Man Utd,Spurs,2026-10-10T16:30:00Z,anytime,Jan Paul van Hecke,0.0769,13.0,13.0,1,
2026-09-16T08:34:45.113392+00:00,59,Man Utd,Spurs,2026-10-10T16:30:00Z,anytime,Destiny Udogie,0.0769,13.0,13.0,1,
2026-09-16T08:34:45.113392+00:00,59,Man Utd,Spurs,2026-10-10T16:30:00Z,anytime,Ben Davies,0.0588,17.0,17.0,1,
2026-09-16T08:34:45.113392+00:00,59,Man Utd,Spurs,2026-10-10T16:30:00Z,anytime,Tosin Adarabioyo,0.0588,17.0,17.0,1,
2026-09-16T08:34:45.113392+00:00,59,Man Utd,Spurs,2026-10-10T16:30:00Z,anytime,Marcos Senesi,0.0588,17.0,17.0,1,
2026-09-16T08:34:45.113392+00:00,59,Man Utd,Spurs,2026-10-10T16:30:00Z,anytime,Andrew Robertson,0.0588,17.0,17.0,1,
2026-09-16T08:34:45.113392+00:00,56,Hull City,Everton,2026-10-11T13:00:00Z,1x2,,0.2556/0.2893/0.4551,,,,
2026-09-16T08:34:45.113392+00:00,56,Hull City,Everton,2026-10-11T13:00:00Z,cs_home,,0.2395,,,,
2026-09-16T08:34:45.113392+00:00,56,Hull City,Everton,2026-10-11T13:00:00Z,cs_away,,0.3586,,,,
2026-09-16T08:34:45.113392+00:00,56,Hull City,Everton,2026-10-11T13:00:00Z,btts,,0.4955,,,,
2026-09-16T08:34:45.113392+00:00,56,Hull City,Everton,2026-10-11T13:00:00Z,anytime,Thierno Barry,0.3077,3.25,3.25,1,
2026-09-16T08:34:45.113392+00:00,56,Hull City,Everton,2026-10-11T13:00:00Z,anytime,Braiden Graham,0.2857,3.5,3.5,1,
2026-09-16T08:34:45.113392+00:00,56,Hull City,Everton,2026-10-11T13:00:00Z,anytime,Tyrique George,0.2667,3.75,3.75,1,
2026-09-16T08:34:45.113392+00:00,56,Hull City,Everton,2026-10-11T13:00:00Z,anytime,Oliver McBurnie,0.2308,4.333,4.333,1,
2026-09-16T08:34:45.113392+00:00,56,Hull City,Everton,2026-10-11T13:00:00Z,anytime,Kiernan Dewsbury-Hall,0.2308,4.333,4.333,1,
2026-09-16T08:34:45.113392+00:00,56,Hull City,Everton,2026-10-11T13:00:00Z,anytime,Brennan Johnson,0.2308,4.333,4.333,1,
2026-09-16T08:34:45.113392+00:00,56,Hull City,Everton,2026-10-11T13:00:00Z,anytime,Robinio Vaz,0.2222,4.5,4.5,1,
2026-09-16T08:34:45.113392+00:00,56,Hull City,Everton,2026-10-11T13:00:00Z,anytime,Jack Grealish,0.2222,4.5,4.5,1,
2026-09-16T08:34:45.113392+00:00,56,Hull City,Everton,2026-10-11T13:00:00Z,anytime,Joe Gelhardt,0.2222,4.5,4.5,1,
2026-09-16T08:34:45.113392+00:00,56,Hull City,Everton,2026-10-11T13:00:00Z,anytime,Carlos Alcaraz,0.1667,6.0,6.0,1,
2026-09-16T08:34:45.113392+00:00,56,Hull City,Everton,2026-10-11T13:00:00Z,anytime,Mohamed Belloumi,0.1667,6.0,6.0,1,
2026-09-16T08:34:45.113392+00:00,56,Hull City,Everton,2026-10-11T13:00:00Z,anytime,Tyler Dibling,0.1667,6.0,6.0,1,
2026-09-16T08:34:45.113392+00:00,56,Hull City,Everton,2026-10-11T13:00:00Z,anytime,Mohamed-Ali Cho,0.1667,6.0,6.0,1,
2026-09-16T08:34:45.113392+00:00,56,Hull City,Everton,2026-10-11T13:00:00Z,anytime,Merlin Rohl,0.1538,6.5,6.5,1,
2026-09-16T08:34:45.113392+00:00,56,Hull City,Everton,2026-10-11T13:00:00Z,anytime,Matt Crooks,0.1538,6.5,6.5,1,
2026-09-16T08:34:45.113392+00:00,56,Hull City,Everton,2026-10-11T13:00:00Z,anytime,Sorba Thomas,0.1538,6.5,6.5,1,
2026-09-16T08:34:45.113392+00:00,56,Hull City,Everton,2026-10-11T13:00:00Z,anytime,Elliot Stroud,0.1538,6.5,6.5,1,
2026-09-16T08:34:45.113392+00:00,56,Hull City,Everton,2026-10-11T13:00:00Z,anytime,Jens Hjerto-Dahl,0.1333,7.5,7.5,1,
2026-09-16T08:34:45.113392+00:00,56,Hull City,Everton,2026-10-11T13:00:00Z,anytime,Abdulkadir Omur,0.1333,7.5,7.5,1,
2026-09-16T08:34:45.113392+00:00,56,Hull City,Everton,2026-10-11T13:00:00Z,anytime,James Garner,0.1333,7.5,7.5,1,
2026-09-16T08:34:45.113392+00:00,56,Hull City,Everton,2026-10-11T13:00:00Z,anytime,Harrison Armstrong,0.1176,8.5,8.5,1,
2026-09-16T08:34:45.113392+00:00,56,Hull City,Everton,2026-10-11T13:00:00Z,anytime,Hayden Hackney,0.1176,8.5,8.5,1,
2026-09-16T08:34:45.113392+00:00,56,Hull City,Everton,2026-10-11T13:00:00Z,anytime,James Tarkowski,0.1111,9.0,9.0,1,
2026-09-16T08:34:45.113392+00:00,56,Hull City,Everton,2026-10-11T13:00:00Z,anytime,Oscar Zambrano,0.1111,9.0,9.0,1,
2026-09-16T08:34:45.113392+00:00,56,Hull City,Everton,2026-10-11T13:00:00Z,anytime,Christian Norgaard,0.1111,9.0,9.0,1,
2026-09-16T08:34:45.113392+00:00,56,Hull City,Everton,2026-10-11T13:00:00Z,anytime,Ainsley Maitland-Niles,0.1111,9.0,9.0,1,
2026-09-16T08:34:45.113392+00:00,56,Hull City,Everton,2026-10-11T13:00:00Z,anytime,Michael Keane,0.1111,9.0,9.0,1,
2026-09-16T08:34:45.113392+00:00,56,Hull City,Everton,2026-10-11T13:00:00Z,anytime,Jake OBrien,0.1,10.0,10.0,1,
2026-09-16T08:34:45.113392+00:00,56,Hull City,Everton,2026-10-11T13:00:00Z,anytime,Regan Slater,0.1,10.0,10.0,1,
2026-09-16T08:34:45.113392+00:00,56,Hull City,Everton,2026-10-11T13:00:00Z,anytime,Jarrad Branthwaite,0.1,10.0,10.0,1,
2026-09-16T08:34:45.113392+00:00,56,Hull City,Everton,2026-10-11T13:00:00Z,anytime,Timothy Iroegbunam,0.0909,11.0,11.0,1,
2026-09-16T08:34:45.113392+00:00,56,Hull City,Everton,2026-10-11T13:00:00Z,anytime,Vitaliy Mykolenko,0.0909,11.0,11.0,1,
2026-09-16T08:34:45.113392+00:00,56,Hull City,Everton,2026-10-11T13:00:00Z,anytime,Hidemasa Morita,0.0833,12.0,12.0,1,
2026-09-16T08:34:45.113392+00:00,56,Hull City,Everton,2026-10-11T13:00:00Z,anytime,Christos Mouzakitis,0.0833,12.0,12.0,1,
2026-09-16T08:34:45.113392+00:00,56,Hull City,Everton,2026-10-11T13:00:00Z,anytime,Nobel Mendy,0.0833,12.0,12.0,1,
2026-09-16T08:34:45.113392+00:00,56,Hull City,Everton,2026-10-11T13:00:00Z,anytime,Paddy McNair,0.0833,12.0,12.0,1,
2026-09-16T08:34:45.113392+00:00,56,Hull City,Everton,2026-10-11T13:00:00Z,anytime,Lucas Gourna-Douath,0.0833,12.0,12.0,1,
2026-09-16T08:34:45.113392+00:00,56,Hull City,Everton,2026-10-11T13:00:00Z,anytime,Brooke Norton-Cuffy,0.0833,12.0,12.0,1,
2026-09-16T08:34:45.113392+00:00,56,Hull City,Everton,2026-10-11T13:00:00Z,anytime,Matt Targett,0.0833,12.0,12.0,1,
2026-09-16T08:34:45.113392+00:00,56,Hull City,Everton,2026-10-11T13:00:00Z,anytime,Ryan Giles,0.0667,15.0,15.0,1,
2026-09-16T08:34:45.113392+00:00,56,Hull City,Everton,2026-10-11T13:00:00Z,anytime,Lewie Coyle,0.0667,15.0,15.0,1,
2026-09-16T08:34:45.113392+00:00,56,Hull City,Everton,2026-10-11T13:00:00Z,anytime,John Egan,0.0588,17.0,17.0,1,
2026-09-16T08:34:45.113392+00:00,56,Hull City,Everton,2026-10-11T13:00:00Z,anytime,Lucas Herrington,0.0588,17.0,17.0,1,
2026-09-16T08:34:45.113392+00:00,56,Hull City,Everton,2026-10-11T13:00:00Z,anytime,Semi Ajayi,0.0588,17.0,17.0,1,
2026-09-16T08:34:45.113392+00:00,55,Crystal Palace,Nott'm Forest,2026-10-11T13:00:00Z,1x2,,0.3552/0.2894/0.3555,,,,
2026-09-16T08:34:45.113392+00:00,55,Crystal Palace,Nott'm Forest,2026-10-11T13:00:00Z,anytime,Jorgen Larsen,0.3333,3.0,3.0,1,
2026-09-16T08:34:45.113392+00:00,55,Crystal Palace,Nott'm Forest,2026-10-11T13:00:00Z,anytime,Eddie Nketiah,0.2941,3.4,3.4,1,
2026-09-16T08:34:45.113392+00:00,55,Crystal Palace,Nott'm Forest,2026-10-11T13:00:00Z,anytime,Chris Wood,0.2941,3.4,3.4,1,
2026-09-16T08:34:45.113392+00:00,55,Crystal Palace,Nott'm Forest,2026-10-11T13:00:00Z,anytime,Igor Jesus,0.2857,3.5,3.5,1,
2026-09-16T08:34:45.113392+00:00,55,Crystal Palace,Nott'm Forest,2026-10-11T13:00:00Z,anytime,Liam Delap,0.2857,3.5,3.5,1,
2026-09-16T08:34:45.113392+00:00,55,Crystal Palace,Nott'm Forest,2026-10-11T13:00:00Z,anytime,Morgan Gibbs-White,0.2857,3.5,3.5,1,
2026-09-16T08:34:45.113392+00:00,55,Crystal Palace,Nott'm Forest,2026-10-11T13:00:00Z,anytime,Arnaud Kalimuendo,0.2857,3.5,3.5,1,
2026-09-16T08:34:45.113392+00:00,55,Crystal Palace,Nott'm Forest,2026-10-11T13:00:00Z,anytime,Ismaila Sarr,0.2667,3.75,3.75,1,
2026-09-16T08:34:45.113392+00:00,55,Crystal Palace,Nott'm Forest,2026-10-11T13:00:00Z,anytime,Evann Guessand,0.25,4.0,4.0,1,
2026-09-16T08:34:45.113392+00:00,55,Crystal Palace,Nott'm Forest,2026-10-11T13:00:00Z,anytime,Dan Ndoye,0.2,5.0,5.0,1,
2026-09-16T08:34:45.113392+00:00,55,Crystal Palace,Nott'm Forest,2026-10-11T13:00:00Z,anytime,Callum Hudson-Odoi,0.2,5.0,5.0,1,
2026-09-16T08:34:45.113392+00:00,55,Crystal Palace,Nott'm Forest,2026-10-11T13:00:00Z,anytime,Dario Osorio,0.2,5.0,5.0,1,
2026-09-16T08:34:45.113392+00:00,55,Crystal Palace,Nott'm Forest,2026-10-11T13:00:00Z,anytime,Zavier Gozo,0.2,5.0,5.0,1,
2026-09-16T08:34:45.113392+00:00,55,Crystal Palace,Nott'm Forest,2026-10-11T13:00:00Z,anytime,Yeremy Pino,0.1818,5.5,5.5,1,
2026-09-16T08:34:45.113392+00:00,55,Crystal Palace,Nott'm Forest,2026-10-11T13:00:00Z,anytime,Daichi Kamada,0.1538,6.5,6.5,1,
2026-09-16T08:34:45.113392+00:00,55,Crystal Palace,Nott'm Forest,2026-10-11T13:00:00Z,anytime,James McAtee,0.1538,6.5,6.5,1,
2026-09-16T08:34:45.113392+00:00,55,Crystal Palace,Nott'm Forest,2026-10-11T13:00:00Z,anytime,Dwight McNeil,0.1538,6.5,6.5,1,
2026-09-16T08:34:45.113392+00:00,55,Crystal Palace,Nott'm Forest,2026-10-11T13:00:00Z,anytime,Daniel Munoz,0.1429,7.0,7.0,1,
2026-09-16T08:34:45.113392+00:00,55,Crystal Palace,Nott'm Forest,2026-10-11T13:00:00Z,anytime,Nicolas Dominguez,0.1429,7.0,7.0,1,
2026-09-16T08:34:45.113392+00:00,55,Crystal Palace,Nott'm Forest,2026-10-11T13:00:00Z,anytime,Quinten Timber,0.1176,8.5,8.5,1,
2026-09-16T08:34:45.113392+00:00,55,Crystal Palace,Nott'm Forest,2026-10-11T13:00:00Z,anytime,Cheick Doucoure,0.1053,9.5,9.5,1,
2026-09-16T08:34:45.113392+00:00,55,Crystal Palace,Nott'm Forest,2026-10-11T13:00:00Z,anytime,Ben Chilwell,0.1053,9.5,9.5,1,
2026-09-16T08:34:45.113392+00:00,55,Crystal Palace,Nott'm Forest,2026-10-11T13:00:00Z,anytime,Ryan Yates,0.0909,11.0,11.0,1,
2026-09-16T08:34:45.113392+00:00,55,Crystal Palace,Nott'm Forest,2026-10-11T13:00:00Z,anytime,Anan Khalaili,0.0909,11.0,11.0,1,
2026-09-16T08:34:45.113392+00:00,55,Crystal Palace,Nott'm Forest,2026-10-11T13:00:00Z,anytime,Jefferson Lerma,0.0909,11.0,11.0,1,
2026-09-16T08:34:45.113392+00:00,55,Crystal Palace,Nott'm Forest,2026-10-11T13:00:00Z,anytime,Takehiro Tomiyasu,0.0909,11.0,11.0,1,
2026-09-16T08:34:45.113392+00:00,55,Crystal Palace,Nott'm Forest,2026-10-11T13:00:00Z,anytime,Adam Wharton,0.0909,11.0,11.0,1,
2026-09-16T08:34:45.113392+00:00,55,Crystal Palace,Nott'm Forest,2026-10-11T13:00:00Z,anytime,Oscar Mingueza,0.0909,11.0,11.0,1,
2026-09-16T08:34:45.113392+00:00,55,Crystal Palace,Nott'm Forest,2026-10-11T13:00:00Z,anytime,Neco Williams,0.0909,11.0,11.0,1,
2026-09-16T08:34:45.113392+00:00,55,Crystal Palace,Nott'm Forest,2026-10-11T13:00:00Z,anytime,Ibrahim Sangare,0.0909,11.0,11.0,1,
2026-09-16T08:34:45.113392+00:00,55,Crystal Palace,Nott'm Forest,2026-10-11T13:00:00Z,anytime,Tyrick Mitchell,0.0833,12.0,12.0,1,
2026-09-16T08:34:45.113392+00:00,55,Crystal Palace,Nott'm Forest,2026-10-11T13:00:00Z,anytime,Will Hughes,0.0833,12.0,12.0,1,
2026-09-16T08:34:45.113392+00:00,55,Crystal Palace,Nott'm Forest,2026-10-11T13:00:00Z,anytime,Nikola Milenkovic,0.0833,12.0,12.0,1,
2026-09-16T08:34:45.113392+00:00,55,Crystal Palace,Nott'm Forest,2026-10-11T13:00:00Z,anytime,Honest Ahanor,0.0769,13.0,13.0,1,
2026-09-16T08:34:45.113392+00:00,55,Crystal Palace,Nott'm Forest,2026-10-11T13:00:00Z,anytime,Xaver Schlager,0.0769,13.0,13.0,1,
2026-09-16T08:34:45.113392+00:00,55,Crystal Palace,Nott'm Forest,2026-10-11T13:00:00Z,anytime,Jaydee Canvot,0.0769,13.0,13.0,1,
2026-09-16T08:34:45.113392+00:00,55,Crystal Palace,Nott'm Forest,2026-10-11T13:00:00Z,anytime,Jair Cunha,0.0769,13.0,13.0,1,
2026-09-16T08:34:45.113392+00:00,55,Crystal Palace,Nott'm Forest,2026-10-11T13:00:00Z,anytime,Chris Richards,0.0769,13.0,13.0,1,
2026-09-16T08:34:45.113392+00:00,55,Crystal Palace,Nott'm Forest,2026-10-11T13:00:00Z,anytime,Murillo dos Santos,0.0769,13.0,13.0,1,
2026-09-16T08:34:45.113392+00:00,55,Crystal Palace,Nott'm Forest,2026-10-11T13:00:00Z,anytime,Ola Aina,0.0588,17.0,17.0,1,
2026-09-16T08:34:45.113392+00:00,55,Crystal Palace,Nott'm Forest,2026-10-11T13:00:00Z,anytime,Ousmane Diomande,0.0588,17.0,17.0,1,
2026-09-16T08:34:45.113392+00:00,55,Crystal Palace,Nott'm Forest,2026-10-11T13:00:00Z,anytime,Luca Netz,0.0588,17.0,17.0,1,
2026-09-16T08:34:45.113392+00:00,55,Crystal Palace,Nott'm Forest,2026-10-11T13:00:00Z,anytime,Axel Disasi,0.0588,17.0,17.0,1,
2026-09-16T08:34:45.113392+00:00,58,Liverpool,Man City,2026-10-11T15:30:00Z,1x2,,0.3097/0.2581/0.4322,,,,
2026-09-16T08:34:45.113392+00:00,58,Liverpool,Man City,2026-10-11T15:30:00Z,cs_home,,0.1805,,,,
2026-09-16T08:34:45.113392+00:00,58,Liverpool,Man City,2026-10-11T15:30:00Z,cs_away,,0.2337,,,,
2026-09-16T08:34:45.113392+00:00,58,Liverpool,Man City,2026-10-11T15:30:00Z,btts,,0.631,,,,
2026-09-16T08:34:45.113392+00:00,58,Liverpool,Man City,2026-10-11T15:30:00Z,anytime,Erling Haaland,0.5238,1.909,1.909,1,
2026-09-16T08:34:45.113392+00:00,58,Liverpool,Man City,2026-10-11T15:30:00Z,anytime,Alexander Isak,0.3478,2.875,2.875,1,
2026-09-16T08:34:45.113392+00:00,58,Liverpool,Man City,2026-10-11T15:30:00Z,anytime,Antoine Semenyo,0.3333,3.0,3.0,1,
2026-09-16T08:34:45.113392+00:00,58,Liverpool,Man City,2026-10-11T15:30:00Z,anytime,Cody Gakpo,0.2778,3.6,3.6,1,
2026-09-16T08:34:45.113392+00:00,58,Liverpool,Man City,2026-10-11T15:30:00Z,anytime,Iliman-Cheikh Ndiaye,0.2778,3.6,3.6,1,
2026-09-16T08:34:45.113392+00:00,58,Liverpool,Man City,2026-10-11T15:30:00Z,anytime,Bradley Barcola,0.2778,3.6,3.6,1,
2026-09-16T08:34:45.113392+00:00,58,Liverpool,Man City,2026-10-11T15:30:00Z,anytime,Jayden Danns,0.2778,3.6,3.6,1,
2026-09-16T08:34:45.113392+00:00,58,Liverpool,Man City,2026-10-11T15:30:00Z,anytime,Phil Foden,0.25,4.0,4.0,1,
2026-09-16T08:34:45.113392+00:00,58,Liverpool,Man City,2026-10-11T15:30:00Z,anytime,Allan Andrade,0.2308,4.333,4.333,1,
2026-09-16T08:34:45.113392+00:00,58,Liverpool,Man City,2026-10-11T15:30:00Z,anytime,Lewis Koumas,0.2222,4.5,4.5,1,
2026-09-16T08:34:45.113392+00:00,58,Liverpool,Man City,2026-10-11T15:30:00Z,anytime,Rayan Cherki,0.2222,4.5,4.5,1,
2026-09-16T08:34:45.113392+00:00,58,Liverpool,Man City,2026-10-11T15:30:00Z,anytime,Rio Ngumoha,0.2222,4.5,4.5,1,
2026-09-16T08:34:45.113392+00:00,58,Liverpool,Man City,2026-10-11T15:30:00Z,anytime,Victor Munoz,0.2222,4.5,4.5,1,
2026-09-16T08:34:45.113392+00:00,58,Liverpool,Man City,2026-10-11T15:30:00Z,anytime,Jeremy Doku,0.2222,4.5,4.5,1,
2026-09-16T08:34:45.113392+00:00,58,Liverpool,Man City,2026-10-11T15:30:00Z,anytime,Enzo Fernandez,0.2,5.0,5.0,1,
2026-09-16T08:34:45.113392+00:00,58,Liverpool,Man City,2026-10-11T15:30:00Z,anytime,Florian Wirtz,0.2,5.0,5.0,1,
2026-09-16T08:34:45.113392+00:00,58,Liverpool,Man City,2026-10-11T15:30:00Z,anytime,Dominik Szoboszlai,0.1667,6.0,6.0,1,
2026-09-16T08:34:45.113392+00:00,58,Liverpool,Man City,2026-10-11T15:30:00Z,anytime,Nico OReilly,0.1538,6.5,6.5,1,
2026-09-16T08:34:45.113392+00:00,58,Liverpool,Man City,2026-10-11T15:30:00Z,anytime,Trey Nyoni,0.1429,7.0,7.0,1,
2026-09-16T08:34:45.113392+00:00,58,Liverpool,Man City,2026-10-11T15:30:00Z,anytime,Alexis Mac Allister,0.1429,7.0,7.0,1,
2026-09-16T08:34:45.113392+00:00,58,Liverpool,Man City,2026-10-11T15:30:00Z,anytime,Ayyoub Bouaddi,0.1429,7.0,7.0,1,
2026-09-16T08:34:45.113392+00:00,58,Liverpool,Man City,2026-10-11T15:30:00Z,anytime,Ryan Gravenberch,0.125,8.0,8.0,1,
2026-09-16T08:34:45.113392+00:00,58,Liverpool,Man City,2026-10-11T15:30:00Z,anytime,Mateo Kovacic,0.125,8.0,8.0,1,
2026-09-16T08:34:45.113392+00:00,58,Liverpool,Man City,2026-10-11T15:30:00Z,anytime,Jeremie Frimpong,0.1111,9.0,9.0,1,
2026-09-16T08:34:45.113392+00:00,58,Liverpool,Man City,2026-10-11T15:30:00Z,anytime,Elliot Anderson,0.1111,9.0,9.0,1,
2026-09-16T08:34:45.113392+00:00,58,Liverpool,Man City,2026-10-11T15:30:00Z,anytime,Josko Gvardiol,0.1,10.0,10.0,1,
2026-09-16T08:34:45.113392+00:00,58,Liverpool,Man City,2026-10-11T15:30:00Z,anytime,Virgil van Dijk,0.1,10.0,10.0,1,
2026-09-16T08:34:45.113392+00:00,58,Liverpool,Man City,2026-10-11T15:30:00Z,anytime,Marc Guehi,0.1,10.0,10.0,1,
2026-09-16T08:34:45.113392+00:00,58,Liverpool,Man City,2026-10-11T15:30:00Z,anytime,Vitor Reis,0.1,10.0,10.0,1,
2026-09-16T08:34:45.113392+00:00,58,Liverpool,Man City,2026-10-11T15:30:00Z,anytime,Rayan Ait Nouri,0.1,10.0,10.0,1,
2026-09-16T08:34:45.113392+00:00,58,Liverpool,Man City,2026-10-11T15:30:00Z,anytime,Wataru Endo,0.1,10.0,10.0,1,
2026-09-16T08:34:45.113392+00:00,58,Liverpool,Man City,2026-10-11T15:30:00Z,anytime,Milos Kerkez,0.0909,11.0,11.0,1,
2026-09-16T08:34:45.113392+00:00,58,Liverpool,Man City,2026-10-11T15:30:00Z,anytime,Konstantinos Tsimikas,0.0909,11.0,11.0,1,
2026-09-16T08:34:45.113392+00:00,58,Liverpool,Man City,2026-10-11T15:30:00Z,anytime,Jeremy Jacquet,0.0909,11.0,11.0,1,
2026-09-16T08:34:45.113392+00:00,58,Liverpool,Man City,2026-10-11T15:30:00Z,anytime,Matheus Nunes,0.0909,11.0,11.0,1,
2026-09-16T08:34:45.113392+00:00,58,Liverpool,Man City,2026-10-11T15:30:00Z,anytime,Ronald Araujo,0.0909,11.0,11.0,1,
2026-09-16T08:34:45.113392+00:00,58,Liverpool,Man City,2026-10-11T15:30:00Z,anytime,Rico Lewis,0.0769,13.0,13.0,1,
2026-09-16T08:34:45.113392+00:00,58,Liverpool,Man City,2026-10-11T15:30:00Z,anytime,Abduqodir Khusanov,0.0769,13.0,13.0,1,
2026-09-16T08:34:45.113392+00:00,58,Liverpool,Man City,2026-10-11T15:30:00Z,anytime,Ruben Dias,0.0769,13.0,13.0,1,
2026-09-16T08:34:45.113392+00:00,54,Coventry City,Newcastle,2026-10-12T19:00:00Z,1x2,,0.2816/0.2618/0.4566,,,,
2026-09-16T08:34:45.113392+00:00,54,Coventry City,Newcastle,2026-10-12T19:00:00Z,cs_home,,0.1834,,,,
2026-09-16T08:34:45.113392+00:00,54,Coventry City,Newcastle,2026-10-12T19:00:00Z,cs_away,,0.2604,,,,
2026-09-16T08:34:45.113392+00:00,54,Coventry City,Newcastle,2026-10-12T19:00:00Z,btts,,0.6086,,,,
2026-09-16T08:34:45.113392+00:00,54,Coventry City,Newcastle,2026-10-12T19:00:00Z,anytime,Yoane Wissa,0.3846,2.6,2.6,1,
2026-09-16T08:34:45.113392+00:00,54,Coventry City,Newcastle,2026-10-12T19:00:00Z,anytime,Matias Fernandez-Pardo,0.3478,2.875,2.875,1,
2026-09-16T08:34:45.113392+00:00,54,Coventry City,Newcastle,2026-10-12T19:00:00Z,anytime,Taiwo Awoniyi,0.3226,3.1,3.1,1,
2026-09-16T08:34:45.113392+00:00,54,Coventry City,Newcastle,2026-10-12T19:00:00Z,anytime,Harvey Barnes,0.3226,3.1,3.1,1,
2026-09-16T08:34:45.113392+00:00,54,Coventry City,Newcastle,2026-10-12T19:00:00Z,anytime,Yann Gboho,0.3077,3.25,3.25,1,
2026-09-16T08:34:45.113392+00:00,54,Coventry City,Newcastle,2026-10-12T19:00:00Z,anytime,Ellis Simms,0.3077,3.25,3.25,1,
2026-09-16T08:34:45.113392+00:00,54,Coventry City,Newcastle,2026-10-12T19:00:00Z,anytime,Sidiki Cherif,0.2941,3.4,3.4,1,
2026-09-16T08:34:45.113392+00:00,54,Coventry City,Newcastle,2026-10-12T19:00:00Z,anytime,Bazoumana Toure,0.2778,3.6,3.6,1,
2026-09-16T08:34:45.113392+00:00,54,Coventry City,Newcastle,2026-10-12T19:00:00Z,anytime,Brandon Thoms-Asante,0.2667,3.75,3.75,1,
2026-09-16T08:34:45.113392+00:00,54,Coventry City,Newcastle,2026-10-12T19:00:00Z,anytime,Anthony Elanga,0.2667,3.75,3.75,1,
2026-09-16T08:34:45.113392+00:00,54,Coventry City,Newcastle,2026-10-12T19:00:00Z,anytime,Ephron Mason-Clark,0.25,4.0,4.0,1,
2026-09-16T08:34:45.113392+00:00,54,Coventry City,Newcastle,2026-10-12T19:00:00Z,anytime,Gustavo Hamer,0.2105,4.75,4.75,1,
2026-09-16T08:34:45.113392+00:00,54,Coventry City,Newcastle,2026-10-12T19:00:00Z,anytime,Victor Torp,0.2105,4.75,4.75,1,
2026-09-16T08:34:45.113392+00:00,54,Coventry City,Newcastle,2026-10-12T19:00:00Z,anytime,Jacob Murphy,0.2105,4.75,4.75,1,
2026-09-16T08:34:45.113392+00:00,54,Coventry City,Newcastle,2026-10-12T19:00:00Z,anytime,Loum Tchaouna,0.2105,4.75,4.75,1,
2026-09-16T08:34:45.113392+00:00,54,Coventry City,Newcastle,2026-10-12T19:00:00Z,anytime,Jacob Ramsey,0.1818,5.5,5.5,1,
2026-09-16T08:34:45.113392+00:00,54,Coventry City,Newcastle,2026-10-12T19:00:00Z,anytime,Jack Rudoni,0.1818,5.5,5.5,1,
2026-09-16T08:34:45.113392+00:00,54,Coventry City,Newcastle,2026-10-12T19:00:00Z,anytime,Joe Willock,0.1818,5.5,5.5,1,
2026-09-16T08:34:45.113392+00:00,54,Coventry City,Newcastle,2026-10-12T19:00:00Z,anytime,Tatsuhiro Sakamoto,0.1667,6.0,6.0,1,
2026-09-16T08:34:45.113392+00:00,54,Coventry City,Newcastle,2026-10-12T19:00:00Z,anytime,Sean Steur,0.1538,6.5,6.5,1,
2026-09-16T08:34:45.113392+00:00,54,Coventry City,Newcastle,2026-10-12T19:00:00Z,anytime,Lewis Miley,0.1538,6.5,6.5,1,
2026-09-16T08:34:45.113392+00:00,54,Coventry City,Newcastle,2026-10-12T19:00:00Z,anytime,Caleb Yirenkyi,0.1538,6.5,6.5,1,
2026-09-16T08:34:45.113392+00:00,54,Coventry City,Newcastle,2026-10-12T19:00:00Z,anytime,Aladji Bamba,0.1333,7.5,7.5,1,
2026-09-16T08:34:45.113392+00:00,54,Coventry City,Newcastle,2026-10-12T19:00:00Z,anytime,Fabian Schar,0.1333,7.5,7.5,1,
2026-09-16T08:34:45.113392+00:00,54,Coventry City,Newcastle,2026-10-12T19:00:00Z,anytime,Nico Gonzalez,0.1333,7.5,7.5,1,
2026-09-16T08:34:45.113392+00:00,54,Coventry City,Newcastle,2026-10-12T19:00:00Z,anytime,Josh Eccles,0.125,8.0,8.0,1,
2026-09-16T08:34:45.113392+00:00,54,Coventry City,Newcastle,2026-10-12T19:00:00Z,anytime,Frank Onyeka,0.125,8.0,8.0,1,
2026-09-16T08:34:45.113392+00:00,54,Coventry City,Newcastle,2026-10-12T19:00:00Z,anytime,Amar Dedic,0.125,8.0,8.0,1,
2026-09-16T08:34:45.113392+00:00,54,Coventry City,Newcastle,2026-10-12T19:00:00Z,anytime,Malick Thiaw,0.1,10.0,10.0,1,
2026-09-16T08:34:45.113392+00:00,54,Coventry City,Newcastle,2026-10-12T19:00:00Z,anytime,Lewis Hall,0.1,10.0,10.0,1,
2026-09-16T08:34:45.113392+00:00,54,Coventry City,Newcastle,2026-10-12T19:00:00Z,anytime,Bobby Thomas,0.1,10.0,10.0,1,
2026-09-16T08:34:45.113392+00:00,54,Coventry City,Newcastle,2026-10-12T19:00:00Z,anytime,Matt Grimes,0.1,10.0,10.0,1,
2026-09-16T08:34:45.113392+00:00,54,Coventry City,Newcastle,2026-10-12T19:00:00Z,anytime,Ethan Pinnock,0.0833,12.0,12.0,1,
2026-09-16T08:34:45.113392+00:00,54,Coventry City,Newcastle,2026-10-12T19:00:00Z,anytime,Valentino Livramento,0.0833,12.0,12.0,1,
2026-09-16T08:34:45.113392+00:00,54,Coventry City,Newcastle,2026-10-12T19:00:00Z,anytime,Aurele Amenda,0.0833,12.0,12.0,1,
2026-09-16T08:34:45.113392+00:00,54,Coventry City,Newcastle,2026-10-12T19:00:00Z,anytime,Sven Botman,0.0833,12.0,12.0,1,
2026-09-16T08:34:45.113392+00:00,54,Coventry City,Newcastle,2026-10-12T19:00:00Z,anytime,Milan van Ewijk,0.0833,12.0,12.0,1,
2026-09-16T08:34:45.113392+00:00,54,Coventry City,Newcastle,2026-10-12T19:00:00Z,anytime,Miguel Brau,0.0667,15.0,15.0,1,
2026-09-16T08:34:45.113392+00:00,54,Coventry City,Newcastle,2026-10-12T19:00:00Z,anytime,Joel Latibeaudiere,0.0667,15.0,15.0,1,
2026-09-16T08:34:45.113392+00:00,54,Coventry City,Newcastle,2026-10-12T19:00:00Z,anytime,Jay Dasilva,0.0667,15.0,15.0,1,
2026-09-16T08:34:45.113392+00:00,54,Coventry City,Newcastle,2026-10-12T19:00:00Z,anytime,Stephen Mfuni,0.0667,15.0,15.0,1,
